DEBUG - 2025-11-29 07:37:40 --> Session: Class initialized using 'CodeIgniter\Session\Handlers\FileHandler' driver.
CRITICAL - 2025-11-29 07:37:52 --> CodeIgniter\Security\Exceptions\SecurityException: The action you requested is not allowed.
[Method: POST, Route: login/process]
in SYSTEMPATH/Security/Security.php on line 262.
 1 SYSTEMPATH/Security/Security.php(262): CodeIgniter\Security\Exceptions\SecurityException::forDisallowedAction()
 2 SYSTEMPATH/Filters/CSRF.php(52): CodeIgniter\Security\Security->verify(Object(CodeIgniter\HTTP\IncomingRequest))
 3 SYSTEMPATH/Filters/Filters.php(241): CodeIgniter\Filters\CSRF->before(Object(CodeIgniter\HTTP\IncomingRequest), null)
 4 SYSTEMPATH/Filters/Filters.php(221): CodeIgniter\Filters\Filters->runBefore([...])
 5 SYSTEMPATH/CodeIgniter.php(479): CodeIgniter\Filters\Filters->run('login/process', 'before')
 6 SYSTEMPATH/CodeIgniter.php(354): CodeIgniter\CodeIgniter->handleRequest(null, Object(Config\Cache), false)
 7 SYSTEMPATH/Boot.php(363): CodeIgniter\CodeIgniter->run()
 8 SYSTEMPATH/Boot.php(68): CodeIgniter\Boot::runCodeIgniter(Object(CodeIgniter\CodeIgniter))
 9 FCPATH/index.php(59): CodeIgniter\Boot::bootWeb(Object(Config\Paths))
10 SYSTEMPATH/rewrite.php(44): require_once('/Applications/XAMPP/xamppfiles/htdocs/pmi-stok-darah/public/index.php')
CRITICAL - 2025-11-29 07:41:01 --> CodeIgniter\Filters\Exceptions\FilterException: "forcehttps" filter must have a matching alias defined.
[Method: POST, Route: login/process]
in SYSTEMPATH/Filters/Filters.php on line 402.
 1 SYSTEMPATH/Filters/Filters.php(402): CodeIgniter\Filters\Exceptions\FilterException::forNoAlias('forcehttps')
 2 SYSTEMPATH/Filters/Filters.php(319): CodeIgniter\Filters\Filters->getRequiredFilters('before')
 3 SYSTEMPATH/Filters/Filters.php(353): CodeIgniter\Filters\Filters->getRequiredClasses('before')
 4 SYSTEMPATH/CodeIgniter.php(387): CodeIgniter\Filters\Filters->runRequired('before')
 5 SYSTEMPATH/CodeIgniter.php(347): CodeIgniter\CodeIgniter->runRequiredBeforeFilters(Object(CodeIgniter\Filters\Filters))
 6 SYSTEMPATH/Boot.php(363): CodeIgniter\CodeIgniter->run()
 7 SYSTEMPATH/Boot.php(68): CodeIgniter\Boot::runCodeIgniter(Object(CodeIgniter\CodeIgniter))
 8 FCPATH/index.php(59): CodeIgniter\Boot::bootWeb(Object(Config\Paths))
 9 SYSTEMPATH/rewrite.php(44): require_once('/Applications/XAMPP/xamppfiles/htdocs/pmi-stok-darah/public/index.php')
CRITICAL - 2025-11-29 07:41:03 --> CodeIgniter\Filters\Exceptions\FilterException: "forcehttps" filter must have a matching alias defined.
[Method: GET, Route: /]
in SYSTEMPATH/Filters/Filters.php on line 402.
 1 SYSTEMPATH/Filters/Filters.php(402): CodeIgniter\Filters\Exceptions\FilterException::forNoAlias('forcehttps')
 2 SYSTEMPATH/Filters/Filters.php(319): CodeIgniter\Filters\Filters->getRequiredFilters('before')
 3 SYSTEMPATH/Filters/Filters.php(353): CodeIgniter\Filters\Filters->getRequiredClasses('before')
 4 SYSTEMPATH/CodeIgniter.php(387): CodeIgniter\Filters\Filters->runRequired('before')
 5 SYSTEMPATH/CodeIgniter.php(347): CodeIgniter\CodeIgniter->runRequiredBeforeFilters(Object(CodeIgniter\Filters\Filters))
 6 SYSTEMPATH/Boot.php(363): CodeIgniter\CodeIgniter->run()
 7 SYSTEMPATH/Boot.php(68): CodeIgniter\Boot::runCodeIgniter(Object(CodeIgniter\CodeIgniter))
 8 FCPATH/index.php(59): CodeIgniter\Boot::bootWeb(Object(Config\Paths))
 9 SYSTEMPATH/rewrite.php(44): require_once('/Applications/XAMPP/xamppfiles/htdocs/pmi-stok-darah/public/index.php')
CRITICAL - 2025-11-29 07:41:06 --> CodeIgniter\Filters\Exceptions\FilterException: "forcehttps" filter must have a matching alias defined.
[Method: GET, Route: /]
in SYSTEMPATH/Filters/Filters.php on line 402.
 1 SYSTEMPATH/Filters/Filters.php(402): CodeIgniter\Filters\Exceptions\FilterException::forNoAlias('forcehttps')
 2 SYSTEMPATH/Filters/Filters.php(319): CodeIgniter\Filters\Filters->getRequiredFilters('before')
 3 SYSTEMPATH/Filters/Filters.php(353): CodeIgniter\Filters\Filters->getRequiredClasses('before')
 4 SYSTEMPATH/CodeIgniter.php(387): CodeIgniter\Filters\Filters->runRequired('before')
 5 SYSTEMPATH/CodeIgniter.php(347): CodeIgniter\CodeIgniter->runRequiredBeforeFilters(Object(CodeIgniter\Filters\Filters))
 6 SYSTEMPATH/Boot.php(363): CodeIgniter\CodeIgniter->run()
 7 SYSTEMPATH/Boot.php(68): CodeIgniter\Boot::runCodeIgniter(Object(CodeIgniter\CodeIgniter))
 8 FCPATH/index.php(59): CodeIgniter\Boot::bootWeb(Object(Config\Paths))
 9 SYSTEMPATH/rewrite.php(44): require_once('/Applications/XAMPP/xamppfiles/htdocs/pmi-stok-darah/public/index.php')
CRITICAL - 2025-11-29 07:41:07 --> CodeIgniter\Filters\Exceptions\FilterException: "forcehttps" filter must have a matching alias defined.
[Method: GET, Route: /]
in SYSTEMPATH/Filters/Filters.php on line 402.
 1 SYSTEMPATH/Filters/Filters.php(402): CodeIgniter\Filters\Exceptions\FilterException::forNoAlias('forcehttps')
 2 SYSTEMPATH/Filters/Filters.php(319): CodeIgniter\Filters\Filters->getRequiredFilters('before')
 3 SYSTEMPATH/Filters/Filters.php(353): CodeIgniter\Filters\Filters->getRequiredClasses('before')
 4 SYSTEMPATH/CodeIgniter.php(387): CodeIgniter\Filters\Filters->runRequired('before')
 5 SYSTEMPATH/CodeIgniter.php(347): CodeIgniter\CodeIgniter->runRequiredBeforeFilters(Object(CodeIgniter\Filters\Filters))
 6 SYSTEMPATH/Boot.php(363): CodeIgniter\CodeIgniter->run()
 7 SYSTEMPATH/Boot.php(68): CodeIgniter\Boot::runCodeIgniter(Object(CodeIgniter\CodeIgniter))
 8 FCPATH/index.php(59): CodeIgniter\Boot::bootWeb(Object(Config\Paths))
 9 SYSTEMPATH/rewrite.php(44): require_once('/Applications/XAMPP/xamppfiles/htdocs/pmi-stok-darah/public/index.php')
CRITICAL - 2025-11-29 07:41:07 --> CodeIgniter\Filters\Exceptions\FilterException: "forcehttps" filter must have a matching alias defined.
[Method: GET, Route: /]
in SYSTEMPATH/Filters/Filters.php on line 402.
 1 SYSTEMPATH/Filters/Filters.php(402): CodeIgniter\Filters\Exceptions\FilterException::forNoAlias('forcehttps')
 2 SYSTEMPATH/Filters/Filters.php(319): CodeIgniter\Filters\Filters->getRequiredFilters('before')
 3 SYSTEMPATH/Filters/Filters.php(353): CodeIgniter\Filters\Filters->getRequiredClasses('before')
 4 SYSTEMPATH/CodeIgniter.php(387): CodeIgniter\Filters\Filters->runRequired('before')
 5 SYSTEMPATH/CodeIgniter.php(347): CodeIgniter\CodeIgniter->runRequiredBeforeFilters(Object(CodeIgniter\Filters\Filters))
 6 SYSTEMPATH/Boot.php(363): CodeIgniter\CodeIgniter->run()
 7 SYSTEMPATH/Boot.php(68): CodeIgniter\Boot::runCodeIgniter(Object(CodeIgniter\CodeIgniter))
 8 FCPATH/index.php(59): CodeIgniter\Boot::bootWeb(Object(Config\Paths))
 9 SYSTEMPATH/rewrite.php(44): require_once('/Applications/XAMPP/xamppfiles/htdocs/pmi-stok-darah/public/index.php')
CRITICAL - 2025-11-29 07:41:08 --> CodeIgniter\Filters\Exceptions\FilterException: "forcehttps" filter must have a matching alias defined.
[Method: GET, Route: /]
in SYSTEMPATH/Filters/Filters.php on line 402.
 1 SYSTEMPATH/Filters/Filters.php(402): CodeIgniter\Filters\Exceptions\FilterException::forNoAlias('forcehttps')
 2 SYSTEMPATH/Filters/Filters.php(319): CodeIgniter\Filters\Filters->getRequiredFilters('before')
 3 SYSTEMPATH/Filters/Filters.php(353): CodeIgniter\Filters\Filters->getRequiredClasses('before')
 4 SYSTEMPATH/CodeIgniter.php(387): CodeIgniter\Filters\Filters->runRequired('before')
 5 SYSTEMPATH/CodeIgniter.php(347): CodeIgniter\CodeIgniter->runRequiredBeforeFilters(Object(CodeIgniter\Filters\Filters))
 6 SYSTEMPATH/Boot.php(363): CodeIgniter\CodeIgniter->run()
 7 SYSTEMPATH/Boot.php(68): CodeIgniter\Boot::runCodeIgniter(Object(CodeIgniter\CodeIgniter))
 8 FCPATH/index.php(59): CodeIgniter\Boot::bootWeb(Object(Config\Paths))
 9 SYSTEMPATH/rewrite.php(44): require_once('/Applications/XAMPP/xamppfiles/htdocs/pmi-stok-darah/public/index.php')
CRITICAL - 2025-11-29 07:41:08 --> CodeIgniter\Filters\Exceptions\FilterException: "forcehttps" filter must have a matching alias defined.
[Method: GET, Route: /]
in SYSTEMPATH/Filters/Filters.php on line 402.
 1 SYSTEMPATH/Filters/Filters.php(402): CodeIgniter\Filters\Exceptions\FilterException::forNoAlias('forcehttps')
 2 SYSTEMPATH/Filters/Filters.php(319): CodeIgniter\Filters\Filters->getRequiredFilters('before')
 3 SYSTEMPATH/Filters/Filters.php(353): CodeIgniter\Filters\Filters->getRequiredClasses('before')
 4 SYSTEMPATH/CodeIgniter.php(387): CodeIgniter\Filters\Filters->runRequired('before')
 5 SYSTEMPATH/CodeIgniter.php(347): CodeIgniter\CodeIgniter->runRequiredBeforeFilters(Object(CodeIgniter\Filters\Filters))
 6 SYSTEMPATH/Boot.php(363): CodeIgniter\CodeIgniter->run()
 7 SYSTEMPATH/Boot.php(68): CodeIgniter\Boot::runCodeIgniter(Object(CodeIgniter\CodeIgniter))
 8 FCPATH/index.php(59): CodeIgniter\Boot::bootWeb(Object(Config\Paths))
 9 SYSTEMPATH/rewrite.php(44): require_once('/Applications/XAMPP/xamppfiles/htdocs/pmi-stok-darah/public/index.php')
CRITICAL - 2025-11-29 07:41:08 --> CodeIgniter\Filters\Exceptions\FilterException: "forcehttps" filter must have a matching alias defined.
[Method: GET, Route: /]
in SYSTEMPATH/Filters/Filters.php on line 402.
 1 SYSTEMPATH/Filters/Filters.php(402): CodeIgniter\Filters\Exceptions\FilterException::forNoAlias('forcehttps')
 2 SYSTEMPATH/Filters/Filters.php(319): CodeIgniter\Filters\Filters->getRequiredFilters('before')
 3 SYSTEMPATH/Filters/Filters.php(353): CodeIgniter\Filters\Filters->getRequiredClasses('before')
 4 SYSTEMPATH/CodeIgniter.php(387): CodeIgniter\Filters\Filters->runRequired('before')
 5 SYSTEMPATH/CodeIgniter.php(347): CodeIgniter\CodeIgniter->runRequiredBeforeFilters(Object(CodeIgniter\Filters\Filters))
 6 SYSTEMPATH/Boot.php(363): CodeIgniter\CodeIgniter->run()
 7 SYSTEMPATH/Boot.php(68): CodeIgniter\Boot::runCodeIgniter(Object(CodeIgniter\CodeIgniter))
 8 FCPATH/index.php(59): CodeIgniter\Boot::bootWeb(Object(Config\Paths))
 9 SYSTEMPATH/rewrite.php(44): require_once('/Applications/XAMPP/xamppfiles/htdocs/pmi-stok-darah/public/index.php')
CRITICAL - 2025-11-29 07:41:47 --> CodeIgniter\Filters\Exceptions\FilterException: "pagecache" filter must have a matching alias defined.
[Method: GET, Route: /]
in SYSTEMPATH/Filters/Filters.php on line 402.
 1 SYSTEMPATH/Filters/Filters.php(402): CodeIgniter\Filters\Exceptions\FilterException::forNoAlias('pagecache')
 2 SYSTEMPATH/Filters/Filters.php(319): CodeIgniter\Filters\Filters->getRequiredFilters('before')
 3 SYSTEMPATH/Filters/Filters.php(353): CodeIgniter\Filters\Filters->getRequiredClasses('before')
 4 SYSTEMPATH/CodeIgniter.php(387): CodeIgniter\Filters\Filters->runRequired('before')
 5 SYSTEMPATH/CodeIgniter.php(347): CodeIgniter\CodeIgniter->runRequiredBeforeFilters(Object(CodeIgniter\Filters\Filters))
 6 SYSTEMPATH/Boot.php(363): CodeIgniter\CodeIgniter->run()
 7 SYSTEMPATH/Boot.php(68): CodeIgniter\Boot::runCodeIgniter(Object(CodeIgniter\CodeIgniter))
 8 FCPATH/index.php(59): CodeIgniter\Boot::bootWeb(Object(Config\Paths))
 9 SYSTEMPATH/rewrite.php(44): require_once('/Applications/XAMPP/xamppfiles/htdocs/pmi-stok-darah/public/index.php')
CRITICAL - 2025-11-29 07:41:47 --> CodeIgniter\Filters\Exceptions\FilterException: "pagecache" filter must have a matching alias defined.
[Method: GET, Route: /]
in SYSTEMPATH/Filters/Filters.php on line 402.
 1 SYSTEMPATH/Filters/Filters.php(402): CodeIgniter\Filters\Exceptions\FilterException::forNoAlias('pagecache')
 2 SYSTEMPATH/Filters/Filters.php(319): CodeIgniter\Filters\Filters->getRequiredFilters('before')
 3 SYSTEMPATH/Filters/Filters.php(353): CodeIgniter\Filters\Filters->getRequiredClasses('before')
 4 SYSTEMPATH/CodeIgniter.php(387): CodeIgniter\Filters\Filters->runRequired('before')
 5 SYSTEMPATH/CodeIgniter.php(347): CodeIgniter\CodeIgniter->runRequiredBeforeFilters(Object(CodeIgniter\Filters\Filters))
 6 SYSTEMPATH/Boot.php(363): CodeIgniter\CodeIgniter->run()
 7 SYSTEMPATH/Boot.php(68): CodeIgniter\Boot::runCodeIgniter(Object(CodeIgniter\CodeIgniter))
 8 FCPATH/index.php(59): CodeIgniter\Boot::bootWeb(Object(Config\Paths))
 9 SYSTEMPATH/rewrite.php(44): require_once('/Applications/XAMPP/xamppfiles/htdocs/pmi-stok-darah/public/index.php')
CRITICAL - 2025-11-29 07:41:48 --> CodeIgniter\Filters\Exceptions\FilterException: "pagecache" filter must have a matching alias defined.
[Method: GET, Route: /]
in SYSTEMPATH/Filters/Filters.php on line 402.
 1 SYSTEMPATH/Filters/Filters.php(402): CodeIgniter\Filters\Exceptions\FilterException::forNoAlias('pagecache')
 2 SYSTEMPATH/Filters/Filters.php(319): CodeIgniter\Filters\Filters->getRequiredFilters('before')
 3 SYSTEMPATH/Filters/Filters.php(353): CodeIgniter\Filters\Filters->getRequiredClasses('before')
 4 SYSTEMPATH/CodeIgniter.php(387): CodeIgniter\Filters\Filters->runRequired('before')
 5 SYSTEMPATH/CodeIgniter.php(347): CodeIgniter\CodeIgniter->runRequiredBeforeFilters(Object(CodeIgniter\Filters\Filters))
 6 SYSTEMPATH/Boot.php(363): CodeIgniter\CodeIgniter->run()
 7 SYSTEMPATH/Boot.php(68): CodeIgniter\Boot::runCodeIgniter(Object(CodeIgniter\CodeIgniter))
 8 FCPATH/index.php(59): CodeIgniter\Boot::bootWeb(Object(Config\Paths))
 9 SYSTEMPATH/rewrite.php(44): require_once('/Applications/XAMPP/xamppfiles/htdocs/pmi-stok-darah/public/index.php')
CRITICAL - 2025-11-29 07:41:48 --> CodeIgniter\Filters\Exceptions\FilterException: "pagecache" filter must have a matching alias defined.
[Method: GET, Route: /]
in SYSTEMPATH/Filters/Filters.php on line 402.
 1 SYSTEMPATH/Filters/Filters.php(402): CodeIgniter\Filters\Exceptions\FilterException::forNoAlias('pagecache')
 2 SYSTEMPATH/Filters/Filters.php(319): CodeIgniter\Filters\Filters->getRequiredFilters('before')
 3 SYSTEMPATH/Filters/Filters.php(353): CodeIgniter\Filters\Filters->getRequiredClasses('before')
 4 SYSTEMPATH/CodeIgniter.php(387): CodeIgniter\Filters\Filters->runRequired('before')
 5 SYSTEMPATH/CodeIgniter.php(347): CodeIgniter\CodeIgniter->runRequiredBeforeFilters(Object(CodeIgniter\Filters\Filters))
 6 SYSTEMPATH/Boot.php(363): CodeIgniter\CodeIgniter->run()
 7 SYSTEMPATH/Boot.php(68): CodeIgniter\Boot::runCodeIgniter(Object(CodeIgniter\CodeIgniter))
 8 FCPATH/index.php(59): CodeIgniter\Boot::bootWeb(Object(Config\Paths))
 9 SYSTEMPATH/rewrite.php(44): require_once('/Applications/XAMPP/xamppfiles/htdocs/pmi-stok-darah/public/index.php')
CRITICAL - 2025-11-29 07:41:48 --> CodeIgniter\Filters\Exceptions\FilterException: "pagecache" filter must have a matching alias defined.
[Method: GET, Route: /]
in SYSTEMPATH/Filters/Filters.php on line 402.
 1 SYSTEMPATH/Filters/Filters.php(402): CodeIgniter\Filters\Exceptions\FilterException::forNoAlias('pagecache')
 2 SYSTEMPATH/Filters/Filters.php(319): CodeIgniter\Filters\Filters->getRequiredFilters('before')
 3 SYSTEMPATH/Filters/Filters.php(353): CodeIgniter\Filters\Filters->getRequiredClasses('before')
 4 SYSTEMPATH/CodeIgniter.php(387): CodeIgniter\Filters\Filters->runRequired('before')
 5 SYSTEMPATH/CodeIgniter.php(347): CodeIgniter\CodeIgniter->runRequiredBeforeFilters(Object(CodeIgniter\Filters\Filters))
 6 SYSTEMPATH/Boot.php(363): CodeIgniter\CodeIgniter->run()
 7 SYSTEMPATH/Boot.php(68): CodeIgniter\Boot::runCodeIgniter(Object(CodeIgniter\CodeIgniter))
 8 FCPATH/index.php(59): CodeIgniter\Boot::bootWeb(Object(Config\Paths))
 9 SYSTEMPATH/rewrite.php(44): require_once('/Applications/XAMPP/xamppfiles/htdocs/pmi-stok-darah/public/index.php')
DEBUG - 2025-11-29 07:41:52 --> Session: Class initialized using 'CodeIgniter\Session\Handlers\FileHandler' driver.
CRITICAL - 2025-11-29 07:41:52 --> CodeIgniter\Filters\Exceptions\FilterException: "pagecache" filter must have a matching alias defined.
[Method: GET, Route: /]
in SYSTEMPATH/Filters/Filters.php on line 402.
 1 SYSTEMPATH/Filters/Filters.php(402): CodeIgniter\Filters\Exceptions\FilterException::forNoAlias('pagecache')
 2 SYSTEMPATH/View/View.php(257): CodeIgniter\Filters\Filters->getRequiredFilters('after')
 3 SYSTEMPATH/Common.php(1167): CodeIgniter\View\View->render('auth/login', [], true)
 4 APPPATH/Controllers/Auth.php(25): view('auth/login', [...])
 5 SYSTEMPATH/CodeIgniter.php(933): App\Controllers\Auth->login()
 6 SYSTEMPATH/CodeIgniter.php(507): CodeIgniter\CodeIgniter->runController(Object(App\Controllers\Auth))
 7 SYSTEMPATH/CodeIgniter.php(354): CodeIgniter\CodeIgniter->handleRequest(null, Object(Config\Cache), false)
 8 SYSTEMPATH/Boot.php(363): CodeIgniter\CodeIgniter->run()
 9 SYSTEMPATH/Boot.php(68): CodeIgniter\Boot::runCodeIgniter(Object(CodeIgniter\CodeIgniter))
10 FCPATH/index.php(59): CodeIgniter\Boot::bootWeb(Object(Config\Paths))
11 SYSTEMPATH/rewrite.php(44): require_once('/Applications/XAMPP/xamppfiles/htdocs/pmi-stok-darah/public/index.php')
DEBUG - 2025-11-29 07:41:59 --> Session: Class initialized using 'CodeIgniter\Session\Handlers\FileHandler' driver.
CRITICAL - 2025-11-29 07:41:59 --> CodeIgniter\Filters\Exceptions\FilterException: "performance" filter must have a matching alias defined.
[Method: GET, Route: /]
in SYSTEMPATH/Filters/Filters.php on line 402.
 1 SYSTEMPATH/Filters/Filters.php(402): CodeIgniter\Filters\Exceptions\FilterException::forNoAlias('performance')
 2 SYSTEMPATH/View/View.php(257): CodeIgniter\Filters\Filters->getRequiredFilters('after')
 3 SYSTEMPATH/Common.php(1167): CodeIgniter\View\View->render('auth/login', [], true)
 4 APPPATH/Controllers/Auth.php(25): view('auth/login', [...])
 5 SYSTEMPATH/CodeIgniter.php(933): App\Controllers\Auth->login()
 6 SYSTEMPATH/CodeIgniter.php(507): CodeIgniter\CodeIgniter->runController(Object(App\Controllers\Auth))
 7 SYSTEMPATH/CodeIgniter.php(354): CodeIgniter\CodeIgniter->handleRequest(null, Object(Config\Cache), false)
 8 SYSTEMPATH/Boot.php(363): CodeIgniter\CodeIgniter->run()
 9 SYSTEMPATH/Boot.php(68): CodeIgniter\Boot::runCodeIgniter(Object(CodeIgniter\CodeIgniter))
10 FCPATH/index.php(59): CodeIgniter\Boot::bootWeb(Object(Config\Paths))
11 SYSTEMPATH/rewrite.php(44): require_once('/Applications/XAMPP/xamppfiles/htdocs/pmi-stok-darah/public/index.php')
DEBUG - 2025-11-29 07:42:00 --> Session: Class initialized using 'CodeIgniter\Session\Handlers\FileHandler' driver.
CRITICAL - 2025-11-29 07:42:00 --> CodeIgniter\Filters\Exceptions\FilterException: "performance" filter must have a matching alias defined.
[Method: GET, Route: /]
in SYSTEMPATH/Filters/Filters.php on line 402.
 1 SYSTEMPATH/Filters/Filters.php(402): CodeIgniter\Filters\Exceptions\FilterException::forNoAlias('performance')
 2 SYSTEMPATH/View/View.php(257): CodeIgniter\Filters\Filters->getRequiredFilters('after')
 3 SYSTEMPATH/Common.php(1167): CodeIgniter\View\View->render('auth/login', [], true)
 4 APPPATH/Controllers/Auth.php(25): view('auth/login', [...])
 5 SYSTEMPATH/CodeIgniter.php(933): App\Controllers\Auth->login()
 6 SYSTEMPATH/CodeIgniter.php(507): CodeIgniter\CodeIgniter->runController(Object(App\Controllers\Auth))
 7 SYSTEMPATH/CodeIgniter.php(354): CodeIgniter\CodeIgniter->handleRequest(null, Object(Config\Cache), false)
 8 SYSTEMPATH/Boot.php(363): CodeIgniter\CodeIgniter->run()
 9 SYSTEMPATH/Boot.php(68): CodeIgniter\Boot::runCodeIgniter(Object(CodeIgniter\CodeIgniter))
10 FCPATH/index.php(59): CodeIgniter\Boot::bootWeb(Object(Config\Paths))
11 SYSTEMPATH/rewrite.php(44): require_once('/Applications/XAMPP/xamppfiles/htdocs/pmi-stok-darah/public/index.php')
DEBUG - 2025-11-29 07:42:00 --> Session: Class initialized using 'CodeIgniter\Session\Handlers\FileHandler' driver.
CRITICAL - 2025-11-29 07:42:00 --> CodeIgniter\Filters\Exceptions\FilterException: "performance" filter must have a matching alias defined.
[Method: GET, Route: /]
in SYSTEMPATH/Filters/Filters.php on line 402.
 1 SYSTEMPATH/Filters/Filters.php(402): CodeIgniter\Filters\Exceptions\FilterException::forNoAlias('performance')
 2 SYSTEMPATH/View/View.php(257): CodeIgniter\Filters\Filters->getRequiredFilters('after')
 3 SYSTEMPATH/Common.php(1167): CodeIgniter\View\View->render('auth/login', [], true)
 4 APPPATH/Controllers/Auth.php(25): view('auth/login', [...])
 5 SYSTEMPATH/CodeIgniter.php(933): App\Controllers\Auth->login()
 6 SYSTEMPATH/CodeIgniter.php(507): CodeIgniter\CodeIgniter->runController(Object(App\Controllers\Auth))
 7 SYSTEMPATH/CodeIgniter.php(354): CodeIgniter\CodeIgniter->handleRequest(null, Object(Config\Cache), false)
 8 SYSTEMPATH/Boot.php(363): CodeIgniter\CodeIgniter->run()
 9 SYSTEMPATH/Boot.php(68): CodeIgniter\Boot::runCodeIgniter(Object(CodeIgniter\CodeIgniter))
10 FCPATH/index.php(59): CodeIgniter\Boot::bootWeb(Object(Config\Paths))
11 SYSTEMPATH/rewrite.php(44): require_once('/Applications/XAMPP/xamppfiles/htdocs/pmi-stok-darah/public/index.php')
DEBUG - 2025-11-29 07:42:00 --> Session: Class initialized using 'CodeIgniter\Session\Handlers\FileHandler' driver.
CRITICAL - 2025-11-29 07:42:00 --> CodeIgniter\Filters\Exceptions\FilterException: "performance" filter must have a matching alias defined.
[Method: GET, Route: /]
in SYSTEMPATH/Filters/Filters.php on line 402.
 1 SYSTEMPATH/Filters/Filters.php(402): CodeIgniter\Filters\Exceptions\FilterException::forNoAlias('performance')
 2 SYSTEMPATH/View/View.php(257): CodeIgniter\Filters\Filters->getRequiredFilters('after')
 3 SYSTEMPATH/Common.php(1167): CodeIgniter\View\View->render('auth/login', [], true)
 4 APPPATH/Controllers/Auth.php(25): view('auth/login', [...])
 5 SYSTEMPATH/CodeIgniter.php(933): App\Controllers\Auth->login()
 6 SYSTEMPATH/CodeIgniter.php(507): CodeIgniter\CodeIgniter->runController(Object(App\Controllers\Auth))
 7 SYSTEMPATH/CodeIgniter.php(354): CodeIgniter\CodeIgniter->handleRequest(null, Object(Config\Cache), false)
 8 SYSTEMPATH/Boot.php(363): CodeIgniter\CodeIgniter->run()
 9 SYSTEMPATH/Boot.php(68): CodeIgniter\Boot::runCodeIgniter(Object(CodeIgniter\CodeIgniter))
10 FCPATH/index.php(59): CodeIgniter\Boot::bootWeb(Object(Config\Paths))
11 SYSTEMPATH/rewrite.php(44): require_once('/Applications/XAMPP/xamppfiles/htdocs/pmi-stok-darah/public/index.php')
DEBUG - 2025-11-29 07:42:03 --> Session: Class initialized using 'CodeIgniter\Session\Handlers\FileHandler' driver.
INFO - 2025-11-29 07:42:13 --> CSRF token verified.
ERROR - 2025-11-29 07:42:13 --> Error connecting to the database: mysqli_sql_exception: No such file or directory in /Applications/XAMPP/xamppfiles/htdocs/pmi-stok-darah/system/Database/MySQLi/Connection.php:201
Stack trace:
#0 /Applications/XAMPP/xamppfiles/htdocs/pmi-stok-darah/system/Database/MySQLi/Connection.php(201): mysqli->real_connect('localhost', 'root', Object(SensitiveParameterValue), 'pmi_stok_darah', 3306, '', 0)
#1 /Applications/XAMPP/xamppfiles/htdocs/pmi-stok-darah/system/Database/BaseConnection.php(419): CodeIgniter\Database\MySQLi\Connection->connect(false)
#2 /Applications/XAMPP/xamppfiles/htdocs/pmi-stok-darah/system/Database/BaseConnection.php(614): CodeIgniter\Database\BaseConnection->initialize()
#3 /Applications/XAMPP/xamppfiles/htdocs/pmi-stok-darah/system/Database/BaseBuilder.php(1649): CodeIgniter\Database\BaseConnection->query('SELECT *\nFROM `...', Array, false)
#4 /Applications/XAMPP/xamppfiles/htdocs/pmi-stok-darah/system/Model.php(330): CodeIgniter\Database\BaseBuilder->get()
#5 /Applications/XAMPP/xamppfiles/htdocs/pmi-stok-darah/system/BaseModel.php(715): CodeIgniter\Model->doFirst()
#6 /Applications/XAMPP/xamppfiles/htdocs/pmi-stok-darah/app/Models/UserModel.php(16): CodeIgniter\BaseModel->first()
#7 /Applications/XAMPP/xamppfiles/htdocs/pmi-stok-darah/app/Controllers/Auth.php(33): App\Models\UserModel->getUserByEmail('erfan@gmail.com')
#8 /Applications/XAMPP/xamppfiles/htdocs/pmi-stok-darah/system/CodeIgniter.php(933): App\Controllers\Auth->processLogin()
#9 /Applications/XAMPP/xamppfiles/htdocs/pmi-stok-darah/system/CodeIgniter.php(507): CodeIgniter\CodeIgniter->runController(Object(App\Controllers\Auth))
#10 /Applications/XAMPP/xamppfiles/htdocs/pmi-stok-darah/system/CodeIgniter.php(354): CodeIgniter\CodeIgniter->handleRequest(NULL, Object(Config\Cache), false)
#11 /Applications/XAMPP/xamppfiles/htdocs/pmi-stok-darah/system/Boot.php(363): CodeIgniter\CodeIgniter->run()
#12 /Applications/XAMPP/xamppfiles/htdocs/pmi-stok-darah/system/Boot.php(68): CodeIgniter\Boot::runCodeIgniter(Object(CodeIgniter\CodeIgniter))
#13 /Applications/XAMPP/xamppfiles/htdocs/pmi-stok-darah/public/index.php(59): CodeIgniter\Boot::bootWeb(Object(Config\Paths))
#14 /Applications/XAMPP/xamppfiles/htdocs/pmi-stok-darah/system/rewrite.php(44): require_once('/Applications/X...')
#15 {main}

Next CodeIgniter\Database\Exceptions\DatabaseException: No such file or directory in /Applications/XAMPP/xamppfiles/htdocs/pmi-stok-darah/system/Database/MySQLi/Connection.php:246
Stack trace:
#0 /Applications/XAMPP/xamppfiles/htdocs/pmi-stok-darah/system/Database/BaseConnection.php(419): CodeIgniter\Database\MySQLi\Connection->connect(false)
#1 /Applications/XAMPP/xamppfiles/htdocs/pmi-stok-darah/system/Database/BaseConnection.php(614): CodeIgniter\Database\BaseConnection->initialize()
#2 /Applications/XAMPP/xamppfiles/htdocs/pmi-stok-darah/system/Database/BaseBuilder.php(1649): CodeIgniter\Database\BaseConnection->query('SELECT *\nFROM `...', Array, false)
#3 /Applications/XAMPP/xamppfiles/htdocs/pmi-stok-darah/system/Model.php(330): CodeIgniter\Database\BaseBuilder->get()
#4 /Applications/XAMPP/xamppfiles/htdocs/pmi-stok-darah/system/BaseModel.php(715): CodeIgniter\Model->doFirst()
#5 /Applications/XAMPP/xamppfiles/htdocs/pmi-stok-darah/app/Models/UserModel.php(16): CodeIgniter\BaseModel->first()
#6 /Applications/XAMPP/xamppfiles/htdocs/pmi-stok-darah/app/Controllers/Auth.php(33): App\Models\UserModel->getUserByEmail('erfan@gmail.com')
#7 /Applications/XAMPP/xamppfiles/htdocs/pmi-stok-darah/system/CodeIgniter.php(933): App\Controllers\Auth->processLogin()
#8 /Applications/XAMPP/xamppfiles/htdocs/pmi-stok-darah/system/CodeIgniter.php(507): CodeIgniter\CodeIgniter->runController(Object(App\Controllers\Auth))
#9 /Applications/XAMPP/xamppfiles/htdocs/pmi-stok-darah/system/CodeIgniter.php(354): CodeIgniter\CodeIgniter->handleRequest(NULL, Object(Config\Cache), false)
#10 /Applications/XAMPP/xamppfiles/htdocs/pmi-stok-darah/system/Boot.php(363): CodeIgniter\CodeIgniter->run()
#11 /Applications/XAMPP/xamppfiles/htdocs/pmi-stok-darah/system/Boot.php(68): CodeIgniter\Boot::runCodeIgniter(Object(CodeIgniter\CodeIgniter))
#12 /Applications/XAMPP/xamppfiles/htdocs/pmi-stok-darah/public/index.php(59): CodeIgniter\Boot::bootWeb(Object(Config\Paths))
#13 /Applications/XAMPP/xamppfiles/htdocs/pmi-stok-darah/system/rewrite.php(44): require_once('/Applications/X...')
#14 {main}
CRITICAL - 2025-11-29 07:42:13 --> CodeIgniter\Database\Exceptions\DatabaseException: Unable to connect to the database.
Main connection [MySQLi]: No such file or directory
[Method: POST, Route: login/process]
in SYSTEMPATH/Database/BaseConnection.php on line 465.
 1 SYSTEMPATH/Database/BaseConnection.php(614): CodeIgniter\Database\BaseConnection->initialize()
 2 SYSTEMPATH/Database/BaseBuilder.php(1649): CodeIgniter\Database\BaseConnection->query('SELECT *
FROM `login`
WHERE `email` = :email:
 LIMIT 1', [...], false)
 3 SYSTEMPATH/Model.php(330): CodeIgniter\Database\BaseBuilder->get()
 4 SYSTEMPATH/BaseModel.php(715): CodeIgniter\Model->doFirst()
 5 APPPATH/Models/UserModel.php(16): CodeIgniter\BaseModel->first()
 6 APPPATH/Controllers/Auth.php(33): App\Models\UserModel->getUserByEmail('erfan@gmail.com')
 7 SYSTEMPATH/CodeIgniter.php(933): App\Controllers\Auth->processLogin()
 8 SYSTEMPATH/CodeIgniter.php(507): CodeIgniter\CodeIgniter->runController(Object(App\Controllers\Auth))
 9 SYSTEMPATH/CodeIgniter.php(354): CodeIgniter\CodeIgniter->handleRequest(null, Object(Config\Cache), false)
10 SYSTEMPATH/Boot.php(363): CodeIgniter\CodeIgniter->run()
11 SYSTEMPATH/Boot.php(68): CodeIgniter\Boot::runCodeIgniter(Object(CodeIgniter\CodeIgniter))
12 FCPATH/index.php(59): CodeIgniter\Boot::bootWeb(Object(Config\Paths))
13 SYSTEMPATH/rewrite.php(44): require_once('/Applications/XAMPP/xamppfiles/htdocs/pmi-stok-darah/public/index.php')
DEBUG - 2025-11-29 07:42:55 --> Session: Class initialized using 'CodeIgniter\Session\Handlers\FileHandler' driver.
INFO - 2025-11-29 07:43:03 --> CSRF token verified.
ERROR - 2025-11-29 07:43:03 --> Error connecting to the database: mysqli_sql_exception: No such file or directory in /Applications/XAMPP/xamppfiles/htdocs/pmi-stok-darah/system/Database/MySQLi/Connection.php:201
Stack trace:
#0 /Applications/XAMPP/xamppfiles/htdocs/pmi-stok-darah/system/Database/MySQLi/Connection.php(201): mysqli->real_connect('localhost', '', Object(SensitiveParameterValue), '', 3306, '', 0)
#1 /Applications/XAMPP/xamppfiles/htdocs/pmi-stok-darah/system/Database/BaseConnection.php(419): CodeIgniter\Database\MySQLi\Connection->connect(false)
#2 /Applications/XAMPP/xamppfiles/htdocs/pmi-stok-darah/system/Database/BaseConnection.php(614): CodeIgniter\Database\BaseConnection->initialize()
#3 /Applications/XAMPP/xamppfiles/htdocs/pmi-stok-darah/system/Database/BaseBuilder.php(1649): CodeIgniter\Database\BaseConnection->query('SELECT *\nFROM `...', Array, false)
#4 /Applications/XAMPP/xamppfiles/htdocs/pmi-stok-darah/system/Model.php(330): CodeIgniter\Database\BaseBuilder->get()
#5 /Applications/XAMPP/xamppfiles/htdocs/pmi-stok-darah/system/BaseModel.php(715): CodeIgniter\Model->doFirst()
#6 /Applications/XAMPP/xamppfiles/htdocs/pmi-stok-darah/app/Models/UserModel.php(16): CodeIgniter\BaseModel->first()
#7 /Applications/XAMPP/xamppfiles/htdocs/pmi-stok-darah/app/Controllers/Auth.php(33): App\Models\UserModel->getUserByEmail('erfan@gmail.com')
#8 /Applications/XAMPP/xamppfiles/htdocs/pmi-stok-darah/system/CodeIgniter.php(933): App\Controllers\Auth->processLogin()
#9 /Applications/XAMPP/xamppfiles/htdocs/pmi-stok-darah/system/CodeIgniter.php(507): CodeIgniter\CodeIgniter->runController(Object(App\Controllers\Auth))
#10 /Applications/XAMPP/xamppfiles/htdocs/pmi-stok-darah/system/CodeIgniter.php(354): CodeIgniter\CodeIgniter->handleRequest(NULL, Object(Config\Cache), false)
#11 /Applications/XAMPP/xamppfiles/htdocs/pmi-stok-darah/system/Boot.php(363): CodeIgniter\CodeIgniter->run()
#12 /Applications/XAMPP/xamppfiles/htdocs/pmi-stok-darah/system/Boot.php(68): CodeIgniter\Boot::runCodeIgniter(Object(CodeIgniter\CodeIgniter))
#13 /Applications/XAMPP/xamppfiles/htdocs/pmi-stok-darah/public/index.php(59): CodeIgniter\Boot::bootWeb(Object(Config\Paths))
#14 /Applications/XAMPP/xamppfiles/htdocs/pmi-stok-darah/system/rewrite.php(44): require_once('/Applications/X...')
#15 {main}

Next CodeIgniter\Database\Exceptions\DatabaseException: No such file or directory in /Applications/XAMPP/xamppfiles/htdocs/pmi-stok-darah/system/Database/MySQLi/Connection.php:246
Stack trace:
#0 /Applications/XAMPP/xamppfiles/htdocs/pmi-stok-darah/system/Database/BaseConnection.php(419): CodeIgniter\Database\MySQLi\Connection->connect(false)
#1 /Applications/XAMPP/xamppfiles/htdocs/pmi-stok-darah/system/Database/BaseConnection.php(614): CodeIgniter\Database\BaseConnection->initialize()
#2 /Applications/XAMPP/xamppfiles/htdocs/pmi-stok-darah/system/Database/BaseBuilder.php(1649): CodeIgniter\Database\BaseConnection->query('SELECT *\nFROM `...', Array, false)
#3 /Applications/XAMPP/xamppfiles/htdocs/pmi-stok-darah/system/Model.php(330): CodeIgniter\Database\BaseBuilder->get()
#4 /Applications/XAMPP/xamppfiles/htdocs/pmi-stok-darah/system/BaseModel.php(715): CodeIgniter\Model->doFirst()
#5 /Applications/XAMPP/xamppfiles/htdocs/pmi-stok-darah/app/Models/UserModel.php(16): CodeIgniter\BaseModel->first()
#6 /Applications/XAMPP/xamppfiles/htdocs/pmi-stok-darah/app/Controllers/Auth.php(33): App\Models\UserModel->getUserByEmail('erfan@gmail.com')
#7 /Applications/XAMPP/xamppfiles/htdocs/pmi-stok-darah/system/CodeIgniter.php(933): App\Controllers\Auth->processLogin()
#8 /Applications/XAMPP/xamppfiles/htdocs/pmi-stok-darah/system/CodeIgniter.php(507): CodeIgniter\CodeIgniter->runController(Object(App\Controllers\Auth))
#9 /Applications/XAMPP/xamppfiles/htdocs/pmi-stok-darah/system/CodeIgniter.php(354): CodeIgniter\CodeIgniter->handleRequest(NULL, Object(Config\Cache), false)
#10 /Applications/XAMPP/xamppfiles/htdocs/pmi-stok-darah/system/Boot.php(363): CodeIgniter\CodeIgniter->run()
#11 /Applications/XAMPP/xamppfiles/htdocs/pmi-stok-darah/system/Boot.php(68): CodeIgniter\Boot::runCodeIgniter(Object(CodeIgniter\CodeIgniter))
#12 /Applications/XAMPP/xamppfiles/htdocs/pmi-stok-darah/public/index.php(59): CodeIgniter\Boot::bootWeb(Object(Config\Paths))
#13 /Applications/XAMPP/xamppfiles/htdocs/pmi-stok-darah/system/rewrite.php(44): require_once('/Applications/X...')
#14 {main}
CRITICAL - 2025-11-29 07:43:03 --> CodeIgniter\Database\Exceptions\DatabaseException: Unable to connect to the database.
Main connection [MySQLi]: No such file or directory
[Method: POST, Route: login/process]
in SYSTEMPATH/Database/BaseConnection.php on line 465.
 1 SYSTEMPATH/Database/BaseConnection.php(614): CodeIgniter\Database\BaseConnection->initialize()
 2 SYSTEMPATH/Database/BaseBuilder.php(1649): CodeIgniter\Database\BaseConnection->query('SELECT *
FROM `login`
WHERE `email` = :email:
 LIMIT 1', [...], false)
 3 SYSTEMPATH/Model.php(330): CodeIgniter\Database\BaseBuilder->get()
 4 SYSTEMPATH/BaseModel.php(715): CodeIgniter\Model->doFirst()
 5 APPPATH/Models/UserModel.php(16): CodeIgniter\BaseModel->first()
 6 APPPATH/Controllers/Auth.php(33): App\Models\UserModel->getUserByEmail('erfan@gmail.com')
 7 SYSTEMPATH/CodeIgniter.php(933): App\Controllers\Auth->processLogin()
 8 SYSTEMPATH/CodeIgniter.php(507): CodeIgniter\CodeIgniter->runController(Object(App\Controllers\Auth))
 9 SYSTEMPATH/CodeIgniter.php(354): CodeIgniter\CodeIgniter->handleRequest(null, Object(Config\Cache), false)
10 SYSTEMPATH/Boot.php(363): CodeIgniter\CodeIgniter->run()
11 SYSTEMPATH/Boot.php(68): CodeIgniter\Boot::runCodeIgniter(Object(CodeIgniter\CodeIgniter))
12 FCPATH/index.php(59): CodeIgniter\Boot::bootWeb(Object(Config\Paths))
13 SYSTEMPATH/rewrite.php(44): require_once('/Applications/XAMPP/xamppfiles/htdocs/pmi-stok-darah/public/index.php')
INFO - 2025-11-29 07:47:44 --> CSRF token verified.
ERROR - 2025-11-29 07:47:44 --> Error connecting to the database: mysqli_sql_exception: No such file or directory in /Applications/XAMPP/xamppfiles/htdocs/pmi-stok-darah/system/Database/MySQLi/Connection.php:201
Stack trace:
#0 /Applications/XAMPP/xamppfiles/htdocs/pmi-stok-darah/system/Database/MySQLi/Connection.php(201): mysqli->real_connect('localhost', 'root', Object(SensitiveParameterValue), 'pmi_stok_darah', 3306, '', 0)
#1 /Applications/XAMPP/xamppfiles/htdocs/pmi-stok-darah/system/Database/BaseConnection.php(419): CodeIgniter\Database\MySQLi\Connection->connect(false)
#2 /Applications/XAMPP/xamppfiles/htdocs/pmi-stok-darah/system/Database/BaseConnection.php(614): CodeIgniter\Database\BaseConnection->initialize()
#3 /Applications/XAMPP/xamppfiles/htdocs/pmi-stok-darah/system/Database/BaseBuilder.php(1649): CodeIgniter\Database\BaseConnection->query('SELECT *\nFROM `...', Array, false)
#4 /Applications/XAMPP/xamppfiles/htdocs/pmi-stok-darah/system/Model.php(330): CodeIgniter\Database\BaseBuilder->get()
#5 /Applications/XAMPP/xamppfiles/htdocs/pmi-stok-darah/system/BaseModel.php(715): CodeIgniter\Model->doFirst()
#6 /Applications/XAMPP/xamppfiles/htdocs/pmi-stok-darah/app/Models/UserModel.php(16): CodeIgniter\BaseModel->first()
#7 /Applications/XAMPP/xamppfiles/htdocs/pmi-stok-darah/app/Controllers/Auth.php(33): App\Models\UserModel->getUserByEmail('erfan@gmail.com')
#8 /Applications/XAMPP/xamppfiles/htdocs/pmi-stok-darah/system/CodeIgniter.php(933): App\Controllers\Auth->processLogin()
#9 /Applications/XAMPP/xamppfiles/htdocs/pmi-stok-darah/system/CodeIgniter.php(507): CodeIgniter\CodeIgniter->runController(Object(App\Controllers\Auth))
#10 /Applications/XAMPP/xamppfiles/htdocs/pmi-stok-darah/system/CodeIgniter.php(354): CodeIgniter\CodeIgniter->handleRequest(NULL, Object(Config\Cache), false)
#11 /Applications/XAMPP/xamppfiles/htdocs/pmi-stok-darah/system/Boot.php(363): CodeIgniter\CodeIgniter->run()
#12 /Applications/XAMPP/xamppfiles/htdocs/pmi-stok-darah/system/Boot.php(68): CodeIgniter\Boot::runCodeIgniter(Object(CodeIgniter\CodeIgniter))
#13 /Applications/XAMPP/xamppfiles/htdocs/pmi-stok-darah/public/index.php(59): CodeIgniter\Boot::bootWeb(Object(Config\Paths))
#14 /Applications/XAMPP/xamppfiles/htdocs/pmi-stok-darah/system/rewrite.php(44): require_once('/Applications/X...')
#15 {main}

Next CodeIgniter\Database\Exceptions\DatabaseException: No such file or directory in /Applications/XAMPP/xamppfiles/htdocs/pmi-stok-darah/system/Database/MySQLi/Connection.php:246
Stack trace:
#0 /Applications/XAMPP/xamppfiles/htdocs/pmi-stok-darah/system/Database/BaseConnection.php(419): CodeIgniter\Database\MySQLi\Connection->connect(false)
#1 /Applications/XAMPP/xamppfiles/htdocs/pmi-stok-darah/system/Database/BaseConnection.php(614): CodeIgniter\Database\BaseConnection->initialize()
#2 /Applications/XAMPP/xamppfiles/htdocs/pmi-stok-darah/system/Database/BaseBuilder.php(1649): CodeIgniter\Database\BaseConnection->query('SELECT *\nFROM `...', Array, false)
#3 /Applications/XAMPP/xamppfiles/htdocs/pmi-stok-darah/system/Model.php(330): CodeIgniter\Database\BaseBuilder->get()
#4 /Applications/XAMPP/xamppfiles/htdocs/pmi-stok-darah/system/BaseModel.php(715): CodeIgniter\Model->doFirst()
#5 /Applications/XAMPP/xamppfiles/htdocs/pmi-stok-darah/app/Models/UserModel.php(16): CodeIgniter\BaseModel->first()
#6 /Applications/XAMPP/xamppfiles/htdocs/pmi-stok-darah/app/Controllers/Auth.php(33): App\Models\UserModel->getUserByEmail('erfan@gmail.com')
#7 /Applications/XAMPP/xamppfiles/htdocs/pmi-stok-darah/system/CodeIgniter.php(933): App\Controllers\Auth->processLogin()
#8 /Applications/XAMPP/xamppfiles/htdocs/pmi-stok-darah/system/CodeIgniter.php(507): CodeIgniter\CodeIgniter->runController(Object(App\Controllers\Auth))
#9 /Applications/XAMPP/xamppfiles/htdocs/pmi-stok-darah/system/CodeIgniter.php(354): CodeIgniter\CodeIgniter->handleRequest(NULL, Object(Config\Cache), false)
#10 /Applications/XAMPP/xamppfiles/htdocs/pmi-stok-darah/system/Boot.php(363): CodeIgniter\CodeIgniter->run()
#11 /Applications/XAMPP/xamppfiles/htdocs/pmi-stok-darah/system/Boot.php(68): CodeIgniter\Boot::runCodeIgniter(Object(CodeIgniter\CodeIgniter))
#12 /Applications/XAMPP/xamppfiles/htdocs/pmi-stok-darah/public/index.php(59): CodeIgniter\Boot::bootWeb(Object(Config\Paths))
#13 /Applications/XAMPP/xamppfiles/htdocs/pmi-stok-darah/system/rewrite.php(44): require_once('/Applications/X...')
#14 {main}
CRITICAL - 2025-11-29 07:47:44 --> CodeIgniter\Database\Exceptions\DatabaseException: Unable to connect to the database.
Main connection [MySQLi]: No such file or directory
[Method: POST, Route: login/process]
in SYSTEMPATH/Database/BaseConnection.php on line 465.
 1 SYSTEMPATH/Database/BaseConnection.php(614): CodeIgniter\Database\BaseConnection->initialize()
 2 SYSTEMPATH/Database/BaseBuilder.php(1649): CodeIgniter\Database\BaseConnection->query('SELECT *
FROM `login`
WHERE `email` = :email:
 LIMIT 1', [...], false)
 3 SYSTEMPATH/Model.php(330): CodeIgniter\Database\BaseBuilder->get()
 4 SYSTEMPATH/BaseModel.php(715): CodeIgniter\Model->doFirst()
 5 APPPATH/Models/UserModel.php(16): CodeIgniter\BaseModel->first()
 6 APPPATH/Controllers/Auth.php(33): App\Models\UserModel->getUserByEmail('erfan@gmail.com')
 7 SYSTEMPATH/CodeIgniter.php(933): App\Controllers\Auth->processLogin()
 8 SYSTEMPATH/CodeIgniter.php(507): CodeIgniter\CodeIgniter->runController(Object(App\Controllers\Auth))
 9 SYSTEMPATH/CodeIgniter.php(354): CodeIgniter\CodeIgniter->handleRequest(null, Object(Config\Cache), false)
10 SYSTEMPATH/Boot.php(363): CodeIgniter\CodeIgniter->run()
11 SYSTEMPATH/Boot.php(68): CodeIgniter\Boot::runCodeIgniter(Object(CodeIgniter\CodeIgniter))
12 FCPATH/index.php(59): CodeIgniter\Boot::bootWeb(Object(Config\Paths))
13 SYSTEMPATH/rewrite.php(44): require_once('/Applications/XAMPP/xamppfiles/htdocs/pmi-stok-darah/public/index.php')
DEBUG - 2025-11-29 07:47:45 --> Session: Class initialized using 'CodeIgniter\Session\Handlers\FileHandler' driver.
INFO - 2025-11-29 07:47:49 --> CSRF token verified.
ERROR - 2025-11-29 07:47:49 --> Error connecting to the database: mysqli_sql_exception: No such file or directory in /Applications/XAMPP/xamppfiles/htdocs/pmi-stok-darah/system/Database/MySQLi/Connection.php:201
Stack trace:
#0 /Applications/XAMPP/xamppfiles/htdocs/pmi-stok-darah/system/Database/MySQLi/Connection.php(201): mysqli->real_connect('localhost', 'root', Object(SensitiveParameterValue), 'pmi_stok_darah', 3306, '', 0)
#1 /Applications/XAMPP/xamppfiles/htdocs/pmi-stok-darah/system/Database/BaseConnection.php(419): CodeIgniter\Database\MySQLi\Connection->connect(false)
#2 /Applications/XAMPP/xamppfiles/htdocs/pmi-stok-darah/system/Database/BaseConnection.php(614): CodeIgniter\Database\BaseConnection->initialize()
#3 /Applications/XAMPP/xamppfiles/htdocs/pmi-stok-darah/system/Database/BaseBuilder.php(1649): CodeIgniter\Database\BaseConnection->query('SELECT *\nFROM `...', Array, false)
#4 /Applications/XAMPP/xamppfiles/htdocs/pmi-stok-darah/system/Model.php(330): CodeIgniter\Database\BaseBuilder->get()
#5 /Applications/XAMPP/xamppfiles/htdocs/pmi-stok-darah/system/BaseModel.php(715): CodeIgniter\Model->doFirst()
#6 /Applications/XAMPP/xamppfiles/htdocs/pmi-stok-darah/app/Models/UserModel.php(16): CodeIgniter\BaseModel->first()
#7 /Applications/XAMPP/xamppfiles/htdocs/pmi-stok-darah/app/Controllers/Auth.php(33): App\Models\UserModel->getUserByEmail('erfan@gmail.com')
#8 /Applications/XAMPP/xamppfiles/htdocs/pmi-stok-darah/system/CodeIgniter.php(933): App\Controllers\Auth->processLogin()
#9 /Applications/XAMPP/xamppfiles/htdocs/pmi-stok-darah/system/CodeIgniter.php(507): CodeIgniter\CodeIgniter->runController(Object(App\Controllers\Auth))
#10 /Applications/XAMPP/xamppfiles/htdocs/pmi-stok-darah/system/CodeIgniter.php(354): CodeIgniter\CodeIgniter->handleRequest(NULL, Object(Config\Cache), false)
#11 /Applications/XAMPP/xamppfiles/htdocs/pmi-stok-darah/system/Boot.php(363): CodeIgniter\CodeIgniter->run()
#12 /Applications/XAMPP/xamppfiles/htdocs/pmi-stok-darah/system/Boot.php(68): CodeIgniter\Boot::runCodeIgniter(Object(CodeIgniter\CodeIgniter))
#13 /Applications/XAMPP/xamppfiles/htdocs/pmi-stok-darah/public/index.php(59): CodeIgniter\Boot::bootWeb(Object(Config\Paths))
#14 /Applications/XAMPP/xamppfiles/htdocs/pmi-stok-darah/system/rewrite.php(44): require_once('/Applications/X...')
#15 {main}

Next CodeIgniter\Database\Exceptions\DatabaseException: No such file or directory in /Applications/XAMPP/xamppfiles/htdocs/pmi-stok-darah/system/Database/MySQLi/Connection.php:246
Stack trace:
#0 /Applications/XAMPP/xamppfiles/htdocs/pmi-stok-darah/system/Database/BaseConnection.php(419): CodeIgniter\Database\MySQLi\Connection->connect(false)
#1 /Applications/XAMPP/xamppfiles/htdocs/pmi-stok-darah/system/Database/BaseConnection.php(614): CodeIgniter\Database\BaseConnection->initialize()
#2 /Applications/XAMPP/xamppfiles/htdocs/pmi-stok-darah/system/Database/BaseBuilder.php(1649): CodeIgniter\Database\BaseConnection->query('SELECT *\nFROM `...', Array, false)
#3 /Applications/XAMPP/xamppfiles/htdocs/pmi-stok-darah/system/Model.php(330): CodeIgniter\Database\BaseBuilder->get()
#4 /Applications/XAMPP/xamppfiles/htdocs/pmi-stok-darah/system/BaseModel.php(715): CodeIgniter\Model->doFirst()
#5 /Applications/XAMPP/xamppfiles/htdocs/pmi-stok-darah/app/Models/UserModel.php(16): CodeIgniter\BaseModel->first()
#6 /Applications/XAMPP/xamppfiles/htdocs/pmi-stok-darah/app/Controllers/Auth.php(33): App\Models\UserModel->getUserByEmail('erfan@gmail.com')
#7 /Applications/XAMPP/xamppfiles/htdocs/pmi-stok-darah/system/CodeIgniter.php(933): App\Controllers\Auth->processLogin()
#8 /Applications/XAMPP/xamppfiles/htdocs/pmi-stok-darah/system/CodeIgniter.php(507): CodeIgniter\CodeIgniter->runController(Object(App\Controllers\Auth))
#9 /Applications/XAMPP/xamppfiles/htdocs/pmi-stok-darah/system/CodeIgniter.php(354): CodeIgniter\CodeIgniter->handleRequest(NULL, Object(Config\Cache), false)
#10 /Applications/XAMPP/xamppfiles/htdocs/pmi-stok-darah/system/Boot.php(363): CodeIgniter\CodeIgniter->run()
#11 /Applications/XAMPP/xamppfiles/htdocs/pmi-stok-darah/system/Boot.php(68): CodeIgniter\Boot::runCodeIgniter(Object(CodeIgniter\CodeIgniter))
#12 /Applications/XAMPP/xamppfiles/htdocs/pmi-stok-darah/public/index.php(59): CodeIgniter\Boot::bootWeb(Object(Config\Paths))
#13 /Applications/XAMPP/xamppfiles/htdocs/pmi-stok-darah/system/rewrite.php(44): require_once('/Applications/X...')
#14 {main}
CRITICAL - 2025-11-29 07:47:49 --> CodeIgniter\Database\Exceptions\DatabaseException: Unable to connect to the database.
Main connection [MySQLi]: No such file or directory
[Method: POST, Route: login/process]
in SYSTEMPATH/Database/BaseConnection.php on line 465.
 1 SYSTEMPATH/Database/BaseConnection.php(614): CodeIgniter\Database\BaseConnection->initialize()
 2 SYSTEMPATH/Database/BaseBuilder.php(1649): CodeIgniter\Database\BaseConnection->query('SELECT *
FROM `login`
WHERE `email` = :email:
 LIMIT 1', [...], false)
 3 SYSTEMPATH/Model.php(330): CodeIgniter\Database\BaseBuilder->get()
 4 SYSTEMPATH/BaseModel.php(715): CodeIgniter\Model->doFirst()
 5 APPPATH/Models/UserModel.php(16): CodeIgniter\BaseModel->first()
 6 APPPATH/Controllers/Auth.php(33): App\Models\UserModel->getUserByEmail('erfan@gmail.com')
 7 SYSTEMPATH/CodeIgniter.php(933): App\Controllers\Auth->processLogin()
 8 SYSTEMPATH/CodeIgniter.php(507): CodeIgniter\CodeIgniter->runController(Object(App\Controllers\Auth))
 9 SYSTEMPATH/CodeIgniter.php(354): CodeIgniter\CodeIgniter->handleRequest(null, Object(Config\Cache), false)
10 SYSTEMPATH/Boot.php(363): CodeIgniter\CodeIgniter->run()
11 SYSTEMPATH/Boot.php(68): CodeIgniter\Boot::runCodeIgniter(Object(CodeIgniter\CodeIgniter))
12 FCPATH/index.php(59): CodeIgniter\Boot::bootWeb(Object(Config\Paths))
13 SYSTEMPATH/rewrite.php(44): require_once('/Applications/XAMPP/xamppfiles/htdocs/pmi-stok-darah/public/index.php')
INFO - 2025-11-29 07:48:59 --> CSRF token verified.
ERROR - 2025-11-29 07:48:59 --> Error connecting to the database: mysqli_sql_exception: No such file or directory in /Applications/XAMPP/xamppfiles/htdocs/pmi-stok-darah/system/Database/MySQLi/Connection.php:201
Stack trace:
#0 /Applications/XAMPP/xamppfiles/htdocs/pmi-stok-darah/system/Database/MySQLi/Connection.php(201): mysqli->real_connect('localhost', '', Object(SensitiveParameterValue), '', 3306, '', 0)
#1 /Applications/XAMPP/xamppfiles/htdocs/pmi-stok-darah/system/Database/BaseConnection.php(419): CodeIgniter\Database\MySQLi\Connection->connect(false)
#2 /Applications/XAMPP/xamppfiles/htdocs/pmi-stok-darah/system/Database/BaseConnection.php(614): CodeIgniter\Database\BaseConnection->initialize()
#3 /Applications/XAMPP/xamppfiles/htdocs/pmi-stok-darah/system/Database/BaseBuilder.php(1649): CodeIgniter\Database\BaseConnection->query('SELECT *\nFROM `...', Array, false)
#4 /Applications/XAMPP/xamppfiles/htdocs/pmi-stok-darah/system/Model.php(330): CodeIgniter\Database\BaseBuilder->get()
#5 /Applications/XAMPP/xamppfiles/htdocs/pmi-stok-darah/system/BaseModel.php(715): CodeIgniter\Model->doFirst()
#6 /Applications/XAMPP/xamppfiles/htdocs/pmi-stok-darah/app/Models/UserModel.php(16): CodeIgniter\BaseModel->first()
#7 /Applications/XAMPP/xamppfiles/htdocs/pmi-stok-darah/app/Controllers/Auth.php(33): App\Models\UserModel->getUserByEmail('erfan@gmail.com')
#8 /Applications/XAMPP/xamppfiles/htdocs/pmi-stok-darah/system/CodeIgniter.php(933): App\Controllers\Auth->processLogin()
#9 /Applications/XAMPP/xamppfiles/htdocs/pmi-stok-darah/system/CodeIgniter.php(507): CodeIgniter\CodeIgniter->runController(Object(App\Controllers\Auth))
#10 /Applications/XAMPP/xamppfiles/htdocs/pmi-stok-darah/system/CodeIgniter.php(354): CodeIgniter\CodeIgniter->handleRequest(NULL, Object(Config\Cache), false)
#11 /Applications/XAMPP/xamppfiles/htdocs/pmi-stok-darah/system/Boot.php(363): CodeIgniter\CodeIgniter->run()
#12 /Applications/XAMPP/xamppfiles/htdocs/pmi-stok-darah/system/Boot.php(68): CodeIgniter\Boot::runCodeIgniter(Object(CodeIgniter\CodeIgniter))
#13 /Applications/XAMPP/xamppfiles/htdocs/pmi-stok-darah/public/index.php(59): CodeIgniter\Boot::bootWeb(Object(Config\Paths))
#14 /Applications/XAMPP/xamppfiles/htdocs/pmi-stok-darah/system/rewrite.php(44): require_once('/Applications/X...')
#15 {main}

Next CodeIgniter\Database\Exceptions\DatabaseException: No such file or directory in /Applications/XAMPP/xamppfiles/htdocs/pmi-stok-darah/system/Database/MySQLi/Connection.php:246
Stack trace:
#0 /Applications/XAMPP/xamppfiles/htdocs/pmi-stok-darah/system/Database/BaseConnection.php(419): CodeIgniter\Database\MySQLi\Connection->connect(false)
#1 /Applications/XAMPP/xamppfiles/htdocs/pmi-stok-darah/system/Database/BaseConnection.php(614): CodeIgniter\Database\BaseConnection->initialize()
#2 /Applications/XAMPP/xamppfiles/htdocs/pmi-stok-darah/system/Database/BaseBuilder.php(1649): CodeIgniter\Database\BaseConnection->query('SELECT *\nFROM `...', Array, false)
#3 /Applications/XAMPP/xamppfiles/htdocs/pmi-stok-darah/system/Model.php(330): CodeIgniter\Database\BaseBuilder->get()
#4 /Applications/XAMPP/xamppfiles/htdocs/pmi-stok-darah/system/BaseModel.php(715): CodeIgniter\Model->doFirst()
#5 /Applications/XAMPP/xamppfiles/htdocs/pmi-stok-darah/app/Models/UserModel.php(16): CodeIgniter\BaseModel->first()
#6 /Applications/XAMPP/xamppfiles/htdocs/pmi-stok-darah/app/Controllers/Auth.php(33): App\Models\UserModel->getUserByEmail('erfan@gmail.com')
#7 /Applications/XAMPP/xamppfiles/htdocs/pmi-stok-darah/system/CodeIgniter.php(933): App\Controllers\Auth->processLogin()
#8 /Applications/XAMPP/xamppfiles/htdocs/pmi-stok-darah/system/CodeIgniter.php(507): CodeIgniter\CodeIgniter->runController(Object(App\Controllers\Auth))
#9 /Applications/XAMPP/xamppfiles/htdocs/pmi-stok-darah/system/CodeIgniter.php(354): CodeIgniter\CodeIgniter->handleRequest(NULL, Object(Config\Cache), false)
#10 /Applications/XAMPP/xamppfiles/htdocs/pmi-stok-darah/system/Boot.php(363): CodeIgniter\CodeIgniter->run()
#11 /Applications/XAMPP/xamppfiles/htdocs/pmi-stok-darah/system/Boot.php(68): CodeIgniter\Boot::runCodeIgniter(Object(CodeIgniter\CodeIgniter))
#12 /Applications/XAMPP/xamppfiles/htdocs/pmi-stok-darah/public/index.php(59): CodeIgniter\Boot::bootWeb(Object(Config\Paths))
#13 /Applications/XAMPP/xamppfiles/htdocs/pmi-stok-darah/system/rewrite.php(44): require_once('/Applications/X...')
#14 {main}
CRITICAL - 2025-11-29 07:48:59 --> CodeIgniter\Database\Exceptions\DatabaseException: Unable to connect to the database.
Main connection [MySQLi]: No such file or directory
[Method: POST, Route: login/process]
in SYSTEMPATH/Database/BaseConnection.php on line 465.
 1 SYSTEMPATH/Database/BaseConnection.php(614): CodeIgniter\Database\BaseConnection->initialize()
 2 SYSTEMPATH/Database/BaseBuilder.php(1649): CodeIgniter\Database\BaseConnection->query('SELECT *
FROM `login`
WHERE `email` = :email:
 LIMIT 1', [...], false)
 3 SYSTEMPATH/Model.php(330): CodeIgniter\Database\BaseBuilder->get()
 4 SYSTEMPATH/BaseModel.php(715): CodeIgniter\Model->doFirst()
 5 APPPATH/Models/UserModel.php(16): CodeIgniter\BaseModel->first()
 6 APPPATH/Controllers/Auth.php(33): App\Models\UserModel->getUserByEmail('erfan@gmail.com')
 7 SYSTEMPATH/CodeIgniter.php(933): App\Controllers\Auth->processLogin()
 8 SYSTEMPATH/CodeIgniter.php(507): CodeIgniter\CodeIgniter->runController(Object(App\Controllers\Auth))
 9 SYSTEMPATH/CodeIgniter.php(354): CodeIgniter\CodeIgniter->handleRequest(null, Object(Config\Cache), false)
10 SYSTEMPATH/Boot.php(363): CodeIgniter\CodeIgniter->run()
11 SYSTEMPATH/Boot.php(68): CodeIgniter\Boot::runCodeIgniter(Object(CodeIgniter\CodeIgniter))
12 FCPATH/index.php(59): CodeIgniter\Boot::bootWeb(Object(Config\Paths))
13 SYSTEMPATH/rewrite.php(44): require_once('/Applications/XAMPP/xamppfiles/htdocs/pmi-stok-darah/public/index.php')
DEBUG - 2025-11-29 07:49:26 --> Session: Class initialized using 'CodeIgniter\Session\Handlers\FileHandler' driver.
INFO - 2025-11-29 07:49:35 --> CSRF token verified.
ERROR - 2025-11-29 07:49:35 --> Error connecting to the database: mysqli_sql_exception: No such file or directory in /Applications/XAMPP/xamppfiles/htdocs/pmi-stok-darah/system/Database/MySQLi/Connection.php:201
Stack trace:
#0 /Applications/XAMPP/xamppfiles/htdocs/pmi-stok-darah/system/Database/MySQLi/Connection.php(201): mysqli->real_connect('localhost', '', Object(SensitiveParameterValue), '', 3306, '', 0)
#1 /Applications/XAMPP/xamppfiles/htdocs/pmi-stok-darah/system/Database/BaseConnection.php(419): CodeIgniter\Database\MySQLi\Connection->connect(false)
#2 /Applications/XAMPP/xamppfiles/htdocs/pmi-stok-darah/system/Database/BaseConnection.php(614): CodeIgniter\Database\BaseConnection->initialize()
#3 /Applications/XAMPP/xamppfiles/htdocs/pmi-stok-darah/system/Database/BaseBuilder.php(1649): CodeIgniter\Database\BaseConnection->query('SELECT *\nFROM `...', Array, false)
#4 /Applications/XAMPP/xamppfiles/htdocs/pmi-stok-darah/system/Model.php(330): CodeIgniter\Database\BaseBuilder->get()
#5 /Applications/XAMPP/xamppfiles/htdocs/pmi-stok-darah/system/BaseModel.php(715): CodeIgniter\Model->doFirst()
#6 /Applications/XAMPP/xamppfiles/htdocs/pmi-stok-darah/app/Models/UserModel.php(16): CodeIgniter\BaseModel->first()
#7 /Applications/XAMPP/xamppfiles/htdocs/pmi-stok-darah/app/Controllers/Auth.php(33): App\Models\UserModel->getUserByEmail('erfan@gmail.com')
#8 /Applications/XAMPP/xamppfiles/htdocs/pmi-stok-darah/system/CodeIgniter.php(933): App\Controllers\Auth->processLogin()
#9 /Applications/XAMPP/xamppfiles/htdocs/pmi-stok-darah/system/CodeIgniter.php(507): CodeIgniter\CodeIgniter->runController(Object(App\Controllers\Auth))
#10 /Applications/XAMPP/xamppfiles/htdocs/pmi-stok-darah/system/CodeIgniter.php(354): CodeIgniter\CodeIgniter->handleRequest(NULL, Object(Config\Cache), false)
#11 /Applications/XAMPP/xamppfiles/htdocs/pmi-stok-darah/system/Boot.php(363): CodeIgniter\CodeIgniter->run()
#12 /Applications/XAMPP/xamppfiles/htdocs/pmi-stok-darah/system/Boot.php(68): CodeIgniter\Boot::runCodeIgniter(Object(CodeIgniter\CodeIgniter))
#13 /Applications/XAMPP/xamppfiles/htdocs/pmi-stok-darah/public/index.php(59): CodeIgniter\Boot::bootWeb(Object(Config\Paths))
#14 /Applications/XAMPP/xamppfiles/htdocs/pmi-stok-darah/system/rewrite.php(44): require_once('/Applications/X...')
#15 {main}

Next CodeIgniter\Database\Exceptions\DatabaseException: No such file or directory in /Applications/XAMPP/xamppfiles/htdocs/pmi-stok-darah/system/Database/MySQLi/Connection.php:246
Stack trace:
#0 /Applications/XAMPP/xamppfiles/htdocs/pmi-stok-darah/system/Database/BaseConnection.php(419): CodeIgniter\Database\MySQLi\Connection->connect(false)
#1 /Applications/XAMPP/xamppfiles/htdocs/pmi-stok-darah/system/Database/BaseConnection.php(614): CodeIgniter\Database\BaseConnection->initialize()
#2 /Applications/XAMPP/xamppfiles/htdocs/pmi-stok-darah/system/Database/BaseBuilder.php(1649): CodeIgniter\Database\BaseConnection->query('SELECT *\nFROM `...', Array, false)
#3 /Applications/XAMPP/xamppfiles/htdocs/pmi-stok-darah/system/Model.php(330): CodeIgniter\Database\BaseBuilder->get()
#4 /Applications/XAMPP/xamppfiles/htdocs/pmi-stok-darah/system/BaseModel.php(715): CodeIgniter\Model->doFirst()
#5 /Applications/XAMPP/xamppfiles/htdocs/pmi-stok-darah/app/Models/UserModel.php(16): CodeIgniter\BaseModel->first()
#6 /Applications/XAMPP/xamppfiles/htdocs/pmi-stok-darah/app/Controllers/Auth.php(33): App\Models\UserModel->getUserByEmail('erfan@gmail.com')
#7 /Applications/XAMPP/xamppfiles/htdocs/pmi-stok-darah/system/CodeIgniter.php(933): App\Controllers\Auth->processLogin()
#8 /Applications/XAMPP/xamppfiles/htdocs/pmi-stok-darah/system/CodeIgniter.php(507): CodeIgniter\CodeIgniter->runController(Object(App\Controllers\Auth))
#9 /Applications/XAMPP/xamppfiles/htdocs/pmi-stok-darah/system/CodeIgniter.php(354): CodeIgniter\CodeIgniter->handleRequest(NULL, Object(Config\Cache), false)
#10 /Applications/XAMPP/xamppfiles/htdocs/pmi-stok-darah/system/Boot.php(363): CodeIgniter\CodeIgniter->run()
#11 /Applications/XAMPP/xamppfiles/htdocs/pmi-stok-darah/system/Boot.php(68): CodeIgniter\Boot::runCodeIgniter(Object(CodeIgniter\CodeIgniter))
#12 /Applications/XAMPP/xamppfiles/htdocs/pmi-stok-darah/public/index.php(59): CodeIgniter\Boot::bootWeb(Object(Config\Paths))
#13 /Applications/XAMPP/xamppfiles/htdocs/pmi-stok-darah/system/rewrite.php(44): require_once('/Applications/X...')
#14 {main}
CRITICAL - 2025-11-29 07:49:35 --> CodeIgniter\Database\Exceptions\DatabaseException: Unable to connect to the database.
Main connection [MySQLi]: No such file or directory
[Method: POST, Route: login/process]
in SYSTEMPATH/Database/BaseConnection.php on line 465.
 1 SYSTEMPATH/Database/BaseConnection.php(614): CodeIgniter\Database\BaseConnection->initialize()
 2 SYSTEMPATH/Database/BaseBuilder.php(1649): CodeIgniter\Database\BaseConnection->query('SELECT *
FROM `login`
WHERE `email` = :email:
 LIMIT 1', [...], false)
 3 SYSTEMPATH/Model.php(330): CodeIgniter\Database\BaseBuilder->get()
 4 SYSTEMPATH/BaseModel.php(715): CodeIgniter\Model->doFirst()
 5 APPPATH/Models/UserModel.php(16): CodeIgniter\BaseModel->first()
 6 APPPATH/Controllers/Auth.php(33): App\Models\UserModel->getUserByEmail('erfan@gmail.com')
 7 SYSTEMPATH/CodeIgniter.php(933): App\Controllers\Auth->processLogin()
 8 SYSTEMPATH/CodeIgniter.php(507): CodeIgniter\CodeIgniter->runController(Object(App\Controllers\Auth))
 9 SYSTEMPATH/CodeIgniter.php(354): CodeIgniter\CodeIgniter->handleRequest(null, Object(Config\Cache), false)
10 SYSTEMPATH/Boot.php(363): CodeIgniter\CodeIgniter->run()
11 SYSTEMPATH/Boot.php(68): CodeIgniter\Boot::runCodeIgniter(Object(CodeIgniter\CodeIgniter))
12 FCPATH/index.php(59): CodeIgniter\Boot::bootWeb(Object(Config\Paths))
13 SYSTEMPATH/rewrite.php(44): require_once('/Applications/XAMPP/xamppfiles/htdocs/pmi-stok-darah/public/index.php')
CRITICAL - 2025-11-29 07:50:58 --> ErrorException: Constant expression contains invalid operations
[Method: POST, Route: login/process]
in APPPATH/Config/Database.php on line 27.
 1 [internal function]: CodeIgniter\Debug\Exceptions->shutdownHandler()
CRITICAL - 2025-11-29 07:51:00 --> ErrorException: Constant expression contains invalid operations
[Method: GET, Route: login]
in APPPATH/Config/Database.php on line 27.
 1 [internal function]: CodeIgniter\Debug\Exceptions->shutdownHandler()
CRITICAL - 2025-11-29 07:51:04 --> ErrorException: Constant expression contains invalid operations
[Method: GET, Route: /]
in APPPATH/Config/Database.php on line 27.
 1 [internal function]: CodeIgniter\Debug\Exceptions->shutdownHandler()
CRITICAL - 2025-11-29 07:51:08 --> ErrorException: Constant expression contains invalid operations
[Method: GET, Route: /]
in APPPATH/Config/Database.php on line 27.
 1 [internal function]: CodeIgniter\Debug\Exceptions->shutdownHandler()
CRITICAL - 2025-11-29 07:51:16 --> ErrorException: Constant expression contains invalid operations
[Method: GET, Route: /]
in APPPATH/Config/Database.php on line 27.
 1 [internal function]: CodeIgniter\Debug\Exceptions->shutdownHandler()
CRITICAL - 2025-11-29 07:51:16 --> ErrorException: Constant expression contains invalid operations
[Method: GET, Route: /]
in APPPATH/Config/Database.php on line 27.
 1 [internal function]: CodeIgniter\Debug\Exceptions->shutdownHandler()
CRITICAL - 2025-11-29 07:51:35 --> ErrorException: Constant expression contains invalid operations
[Method: GET, Route: /]
in APPPATH/Config/Database.php on line 27.
 1 [internal function]: CodeIgniter\Debug\Exceptions->shutdownHandler()
CRITICAL - 2025-11-29 07:51:36 --> ErrorException: Constant expression contains invalid operations
[Method: GET, Route: /]
in APPPATH/Config/Database.php on line 27.
 1 [internal function]: CodeIgniter\Debug\Exceptions->shutdownHandler()
CRITICAL - 2025-11-29 07:51:36 --> ErrorException: Constant expression contains invalid operations
[Method: GET, Route: /]
in APPPATH/Config/Database.php on line 27.
 1 [internal function]: CodeIgniter\Debug\Exceptions->shutdownHandler()
CRITICAL - 2025-11-29 07:51:37 --> ErrorException: Constant expression contains invalid operations
[Method: GET, Route: /]
in APPPATH/Config/Database.php on line 27.
 1 [internal function]: CodeIgniter\Debug\Exceptions->shutdownHandler()
CRITICAL - 2025-11-29 07:51:37 --> ErrorException: Constant expression contains invalid operations
[Method: GET, Route: /]
in APPPATH/Config/Database.php on line 27.
 1 [internal function]: CodeIgniter\Debug\Exceptions->shutdownHandler()
CRITICAL - 2025-11-29 07:51:37 --> ErrorException: Constant expression contains invalid operations
[Method: GET, Route: /]
in APPPATH/Config/Database.php on line 27.
 1 [internal function]: CodeIgniter\Debug\Exceptions->shutdownHandler()
CRITICAL - 2025-11-29 07:52:35 --> ErrorException: Constant expression contains invalid operations
[Method: GET, Route: /]
in APPPATH/Config/Database.php on line 27.
 1 [internal function]: CodeIgniter\Debug\Exceptions->shutdownHandler()
CRITICAL - 2025-11-29 07:52:36 --> ErrorException: Constant expression contains invalid operations
[Method: GET, Route: /]
in APPPATH/Config/Database.php on line 27.
 1 [internal function]: CodeIgniter\Debug\Exceptions->shutdownHandler()
CRITICAL - 2025-11-29 07:52:36 --> ErrorException: Constant expression contains invalid operations
[Method: GET, Route: /]
in APPPATH/Config/Database.php on line 27.
 1 [internal function]: CodeIgniter\Debug\Exceptions->shutdownHandler()
CRITICAL - 2025-11-29 07:52:36 --> ErrorException: Constant expression contains invalid operations
[Method: GET, Route: /]
in APPPATH/Config/Database.php on line 27.
 1 [internal function]: CodeIgniter\Debug\Exceptions->shutdownHandler()
CRITICAL - 2025-11-29 07:52:39 --> ErrorException: Constant expression contains invalid operations
[Method: GET, Route: /]
in APPPATH/Config/Database.php on line 27.
 1 [internal function]: CodeIgniter\Debug\Exceptions->shutdownHandler()
DEBUG - 2025-11-29 07:54:05 --> Session: Class initialized using 'CodeIgniter\Session\Handlers\FileHandler' driver.
INFO - 2025-11-29 07:54:12 --> CSRF token verified.
DEBUG - 2025-11-29 07:54:12 --> Session: Class initialized using 'CodeIgniter\Session\Handlers\FileHandler' driver.
CRITICAL - 2025-11-29 07:54:12 --> Error: Class "App\Filters\AuthFilter" not found
[Method: GET, Route: dashboard]
in SYSTEMPATH/Filters/Filters.php on line 299.
 1 SYSTEMPATH/Filters/Filters.php(239): CodeIgniter\Filters\Filters->createFilter('App\\Filters\\AuthFilter')
 2 SYSTEMPATH/Filters/Filters.php(221): CodeIgniter\Filters\Filters->runBefore([...])
 3 SYSTEMPATH/CodeIgniter.php(479): CodeIgniter\Filters\Filters->run('dashboard', 'before')
 4 SYSTEMPATH/CodeIgniter.php(354): CodeIgniter\CodeIgniter->handleRequest(null, Object(Config\Cache), false)
 5 SYSTEMPATH/Boot.php(363): CodeIgniter\CodeIgniter->run()
 6 SYSTEMPATH/Boot.php(68): CodeIgniter\Boot::runCodeIgniter(Object(CodeIgniter\CodeIgniter))
 7 FCPATH/index.php(59): CodeIgniter\Boot::bootWeb(Object(Config\Paths))
 8 SYSTEMPATH/rewrite.php(44): require_once('/Applications/XAMPP/xamppfiles/htdocs/pmi-stok-darah/public/index.php')
DEBUG - 2025-11-29 07:54:44 --> Session: Class initialized using 'CodeIgniter\Session\Handlers\FileHandler' driver.
DEBUG - 2025-11-29 07:54:49 --> Session: Class initialized using 'CodeIgniter\Session\Handlers\FileHandler' driver.
DEBUG - 2025-11-29 07:54:52 --> Session: Class initialized using 'CodeIgniter\Session\Handlers\FileHandler' driver.
DEBUG - 2025-11-29 07:54:54 --> Session: Class initialized using 'CodeIgniter\Session\Handlers\FileHandler' driver.
DEBUG - 2025-11-29 07:54:55 --> Session: Class initialized using 'CodeIgniter\Session\Handlers\FileHandler' driver.
DEBUG - 2025-11-29 07:54:55 --> Session: Class initialized using 'CodeIgniter\Session\Handlers\FileHandler' driver.
INFO - 2025-11-29 07:55:03 --> CSRF token verified.
DEBUG - 2025-11-29 07:55:03 --> Session: Class initialized using 'CodeIgniter\Session\Handlers\FileHandler' driver.
DEBUG - 2025-11-29 07:55:03 --> Session: Class initialized using 'CodeIgniter\Session\Handlers\FileHandler' driver.
DEBUG - 2025-11-29 07:55:06 --> Session: Class initialized using 'CodeIgniter\Session\Handlers\FileHandler' driver.
DEBUG - 2025-11-29 07:55:11 --> Session: Class initialized using 'CodeIgniter\Session\Handlers\FileHandler' driver.
CRITICAL - 2025-11-29 07:55:11 --> ErrorException: Undefined variable $user
[Method: GET, Route: users/create]
in APPPATH/Views/users/create.php on line 30.
 1 APPPATH/Views/users/create.php(30): CodeIgniter\Debug\Exceptions->errorHandler(2, 'Undefined variable $user', '/Applications/XAMPP/xamppfiles/htdocs/pmi-stok-darah/app/Views/users/create.php', 30)
 2 SYSTEMPATH/View/View.php(226): include('/Applications/XAMPP/xamppfiles/htdocs/pmi-stok-darah/app/Views/users/create.php')
 3 SYSTEMPATH/View/View.php(229): CodeIgniter\View\View->{closure:CodeIgniter\View\View::render():223}()
 4 SYSTEMPATH/Common.php(1167): CodeIgniter\View\View->render('users/create', [], true)
 5 APPPATH/Controllers/Users.php(40): view('users/create', [...])
 6 SYSTEMPATH/CodeIgniter.php(933): App\Controllers\Users->create()
 7 SYSTEMPATH/CodeIgniter.php(507): CodeIgniter\CodeIgniter->runController(Object(App\Controllers\Users))
 8 SYSTEMPATH/CodeIgniter.php(354): CodeIgniter\CodeIgniter->handleRequest(null, Object(Config\Cache), false)
 9 SYSTEMPATH/Boot.php(363): CodeIgniter\CodeIgniter->run()
10 SYSTEMPATH/Boot.php(68): CodeIgniter\Boot::runCodeIgniter(Object(CodeIgniter\CodeIgniter))
11 FCPATH/index.php(59): CodeIgniter\Boot::bootWeb(Object(Config\Paths))
12 SYSTEMPATH/rewrite.php(44): require_once('/Applications/XAMPP/xamppfiles/htdocs/pmi-stok-darah/public/index.php')
DEBUG - 2025-11-29 07:57:12 --> Session: Class initialized using 'CodeIgniter\Session\Handlers\FileHandler' driver.
INFO - 2025-11-29 07:57:29 --> CSRF token verified.
DEBUG - 2025-11-29 07:57:29 --> Session: Class initialized using 'CodeIgniter\Session\Handlers\FileHandler' driver.
DEBUG - 2025-11-29 07:57:29 --> Session: Class initialized using 'CodeIgniter\Session\Handlers\FileHandler' driver.
DEBUG - 2025-11-29 07:58:21 --> Session: Class initialized using 'CodeIgniter\Session\Handlers\FileHandler' driver.
DEBUG - 2025-11-29 07:58:23 --> Session: Class initialized using 'CodeIgniter\Session\Handlers\FileHandler' driver.
INFO - 2025-11-29 07:58:32 --> CSRF token verified.
DEBUG - 2025-11-29 07:58:32 --> Session: Class initialized using 'CodeIgniter\Session\Handlers\FileHandler' driver.
DEBUG - 2025-11-29 07:58:32 --> Session: Class initialized using 'CodeIgniter\Session\Handlers\FileHandler' driver.
DEBUG - 2025-11-29 07:58:36 --> Session: Class initialized using 'CodeIgniter\Session\Handlers\FileHandler' driver.
INFO - 2025-11-29 07:58:46 --> CSRF token verified.
DEBUG - 2025-11-29 07:58:46 --> Session: Class initialized using 'CodeIgniter\Session\Handlers\FileHandler' driver.
DEBUG - 2025-11-29 07:58:46 --> Session: Class initialized using 'CodeIgniter\Session\Handlers\FileHandler' driver.
DEBUG - 2025-11-29 07:58:49 --> Session: Class initialized using 'CodeIgniter\Session\Handlers\FileHandler' driver.
DEBUG - 2025-11-29 07:58:49 --> Session: Class initialized using 'CodeIgniter\Session\Handlers\FileHandler' driver.
DEBUG - 2025-11-29 07:58:52 --> Session: Class initialized using 'CodeIgniter\Session\Handlers\FileHandler' driver.
DEBUG - 2025-11-29 08:01:25 --> Session: Class initialized using 'CodeIgniter\Session\Handlers\FileHandler' driver.
DEBUG - 2025-11-29 08:01:29 --> Session: Class initialized using 'CodeIgniter\Session\Handlers\FileHandler' driver.
DEBUG - 2025-11-29 08:01:32 --> Session: Class initialized using 'CodeIgniter\Session\Handlers\FileHandler' driver.
DEBUG - 2025-11-29 08:01:35 --> Session: Class initialized using 'CodeIgniter\Session\Handlers\FileHandler' driver.
DEBUG - 2025-11-29 08:14:09 --> Session: Class initialized using 'CodeIgniter\Session\Handlers\FileHandler' driver.
DEBUG - 2025-11-29 08:23:30 --> Session: Class initialized using 'CodeIgniter\Session\Handlers\FileHandler' driver.
DEBUG - 2025-11-29 08:23:43 --> Session: Class initialized using 'CodeIgniter\Session\Handlers\FileHandler' driver.
DEBUG - 2025-11-29 08:23:45 --> Session: Class initialized using 'CodeIgniter\Session\Handlers\FileHandler' driver.
DEBUG - 2025-11-29 08:23:46 --> Session: Class initialized using 'CodeIgniter\Session\Handlers\FileHandler' driver.
DEBUG - 2025-11-29 08:23:47 --> Session: Class initialized using 'CodeIgniter\Session\Handlers\FileHandler' driver.
DEBUG - 2025-11-29 08:23:48 --> Session: Class initialized using 'CodeIgniter\Session\Handlers\FileHandler' driver.
DEBUG - 2025-11-29 08:23:48 --> Session: Class initialized using 'CodeIgniter\Session\Handlers\FileHandler' driver.
DEBUG - 2025-11-29 08:23:49 --> Session: Class initialized using 'CodeIgniter\Session\Handlers\FileHandler' driver.
DEBUG - 2025-11-29 08:23:53 --> Session: Class initialized using 'CodeIgniter\Session\Handlers\FileHandler' driver.
DEBUG - 2025-11-29 08:23:55 --> Session: Class initialized using 'CodeIgniter\Session\Handlers\FileHandler' driver.
DEBUG - 2025-11-29 08:24:03 --> Session: Class initialized using 'CodeIgniter\Session\Handlers\FileHandler' driver.
INFO - 2025-11-29 08:24:24 --> CSRF token verified.
DEBUG - 2025-11-29 08:24:24 --> Session: Class initialized using 'CodeIgniter\Session\Handlers\FileHandler' driver.
DEBUG - 2025-11-29 08:24:24 --> Session: Class initialized using 'CodeIgniter\Session\Handlers\FileHandler' driver.
DEBUG - 2025-11-29 08:24:28 --> Session: Class initialized using 'CodeIgniter\Session\Handlers\FileHandler' driver.
DEBUG - 2025-11-29 08:24:31 --> Session: Class initialized using 'CodeIgniter\Session\Handlers\FileHandler' driver.
DEBUG - 2025-11-29 08:24:42 --> Session: Class initialized using 'CodeIgniter\Session\Handlers\FileHandler' driver.
DEBUG - 2025-11-29 08:24:48 --> Session: Class initialized using 'CodeIgniter\Session\Handlers\FileHandler' driver.
DEBUG - 2025-11-29 08:24:54 --> Session: Class initialized using 'CodeIgniter\Session\Handlers\FileHandler' driver.
DEBUG - 2025-11-29 08:24:56 --> Session: Class initialized using 'CodeIgniter\Session\Handlers\FileHandler' driver.
CRITICAL - 2025-11-29 08:40:02 --> ErrorException: Undefined variable $message
[Method: GET, Route: masuk]
in APPPATH/Views/errors/html/error_404.php on line 77.
 1 APPPATH/Views/errors/html/error_404.php(77): CodeIgniter\Debug\Exceptions->errorHandler(2, 'Undefined variable $message', '/Applications/XAMPP/xamppfiles/htdocs/pmi-stok-darah/app/Views/errors/html/error_404.php', 77)
 2 SYSTEMPATH/View/View.php(226): include('/Applications/XAMPP/xamppfiles/htdocs/pmi-stok-darah/app/Views/errors/html/error_404.php')
 3 SYSTEMPATH/View/View.php(229): CodeIgniter\View\View->{closure:CodeIgniter\View\View::render():223}()
 4 SYSTEMPATH/Common.php(1167): CodeIgniter\View\View->render('errors/html/error_404', [], true)
 5 APPPATH/Config/Routes.php(46): view('errors/html/error_404')
 6 SYSTEMPATH/CodeIgniter.php(957): CodeIgniter\Router\RouteCollection->{closure:/Applications/XAMPP/xamppfiles/htdocs/pmi-stok-darah/app/Config/Routes.php:45}('Can\'t find a route for \'GET: masuk\'.')
 7 SYSTEMPATH/CodeIgniter.php(360): CodeIgniter\CodeIgniter->display404errors(Object(CodeIgniter\Exceptions\PageNotFoundException))
 8 SYSTEMPATH/Boot.php(363): CodeIgniter\CodeIgniter->run()
 9 SYSTEMPATH/Boot.php(68): CodeIgniter\Boot::runCodeIgniter(Object(CodeIgniter\CodeIgniter))
10 FCPATH/index.php(59): CodeIgniter\Boot::bootWeb(Object(Config\Paths))
11 SYSTEMPATH/rewrite.php(44): require_once('/Applications/XAMPP/xamppfiles/htdocs/pmi-stok-darah/public/index.php')
DEBUG - 2025-11-29 08:40:20 --> Session: Class initialized using 'CodeIgniter\Session\Handlers\FileHandler' driver.
DEBUG - 2025-11-29 08:40:21 --> Session: Class initialized using 'CodeIgniter\Session\Handlers\FileHandler' driver.
ERROR - 2025-11-29 08:40:21 --> mysqli_sql_exception: Table 'pmi_stok_darah.masuk' doesn't exist in /Applications/XAMPP/xamppfiles/htdocs/pmi-stok-darah/system/Database/MySQLi/Connection.php:327
Stack trace:
#0 /Applications/XAMPP/xamppfiles/htdocs/pmi-stok-darah/system/Database/MySQLi/Connection.php(327): mysqli->query('SELECT COUNT(*)...', 0)
#1 /Applications/XAMPP/xamppfiles/htdocs/pmi-stok-darah/system/Database/BaseConnection.php(729): CodeIgniter\Database\MySQLi\Connection->execute('SELECT COUNT(*)...')
#2 /Applications/XAMPP/xamppfiles/htdocs/pmi-stok-darah/system/Database/BaseConnection.php(646): CodeIgniter\Database\BaseConnection->simpleQuery('SELECT COUNT(*)...')
#3 /Applications/XAMPP/xamppfiles/htdocs/pmi-stok-darah/system/Database/BaseBuilder.php(1678): CodeIgniter\Database\BaseConnection->query('SELECT COUNT(*)...', NULL, false)
#4 /Applications/XAMPP/xamppfiles/htdocs/pmi-stok-darah/system/Model.php(925): CodeIgniter\Database\BaseBuilder->countAll()
#5 /Applications/XAMPP/xamppfiles/htdocs/pmi-stok-darah/app/Models/MasukModel.php(16): CodeIgniter\Model->__call('countAll', Array)
#6 /Applications/XAMPP/xamppfiles/htdocs/pmi-stok-darah/app/Controllers/Dashboard.php(29): App\Models\MasukModel->getTotalMasuk()
#7 /Applications/XAMPP/xamppfiles/htdocs/pmi-stok-darah/system/CodeIgniter.php(933): App\Controllers\Dashboard->index()
#8 /Applications/XAMPP/xamppfiles/htdocs/pmi-stok-darah/system/CodeIgniter.php(507): CodeIgniter\CodeIgniter->runController(Object(App\Controllers\Dashboard))
#9 /Applications/XAMPP/xamppfiles/htdocs/pmi-stok-darah/system/CodeIgniter.php(354): CodeIgniter\CodeIgniter->handleRequest(NULL, Object(Config\Cache), false)
#10 /Applications/XAMPP/xamppfiles/htdocs/pmi-stok-darah/system/Boot.php(363): CodeIgniter\CodeIgniter->run()
#11 /Applications/XAMPP/xamppfiles/htdocs/pmi-stok-darah/system/Boot.php(68): CodeIgniter\Boot::runCodeIgniter(Object(CodeIgniter\CodeIgniter))
#12 /Applications/XAMPP/xamppfiles/htdocs/pmi-stok-darah/public/index.php(59): CodeIgniter\Boot::bootWeb(Object(Config\Paths))
#13 /Applications/XAMPP/xamppfiles/htdocs/pmi-stok-darah/system/rewrite.php(44): require_once('/Applications/X...')
#14 {main}
CRITICAL - 2025-11-29 08:40:21 --> CodeIgniter\Database\Exceptions\DatabaseException: Table 'pmi_stok_darah.masuk' doesn't exist
[Method: GET, Route: dashboard]
in SYSTEMPATH/Database/BaseConnection.php on line 684.
 1 SYSTEMPATH/Database/BaseBuilder.php(1678): CodeIgniter\Database\BaseConnection->query('SELECT COUNT(*) AS `numrows` FROM `masuk`', null, false)
 2 SYSTEMPATH/Model.php(925): CodeIgniter\Database\BaseBuilder->countAll()
 3 APPPATH/Models/MasukModel.php(16): CodeIgniter\Model->__call('countAll', [])
 4 APPPATH/Controllers/Dashboard.php(29): App\Models\MasukModel->getTotalMasuk()
 5 SYSTEMPATH/CodeIgniter.php(933): App\Controllers\Dashboard->index()
 6 SYSTEMPATH/CodeIgniter.php(507): CodeIgniter\CodeIgniter->runController(Object(App\Controllers\Dashboard))
 7 SYSTEMPATH/CodeIgniter.php(354): CodeIgniter\CodeIgniter->handleRequest(null, Object(Config\Cache), false)
 8 SYSTEMPATH/Boot.php(363): CodeIgniter\CodeIgniter->run()
 9 SYSTEMPATH/Boot.php(68): CodeIgniter\Boot::runCodeIgniter(Object(CodeIgniter\CodeIgniter))
10 FCPATH/index.php(59): CodeIgniter\Boot::bootWeb(Object(Config\Paths))
11 SYSTEMPATH/rewrite.php(44): require_once('/Applications/XAMPP/xamppfiles/htdocs/pmi-stok-darah/public/index.php')
CRITICAL - 2025-11-29 08:40:21 --> [Caused by] CodeIgniter\Database\Exceptions\DatabaseException: Table 'pmi_stok_darah.masuk' doesn't exist
in SYSTEMPATH/Database/MySQLi/Connection.php on line 332.
 1 SYSTEMPATH/Database/BaseConnection.php(729): CodeIgniter\Database\MySQLi\Connection->execute('SELECT COUNT(*) AS `numrows` FROM `masuk`')
 2 SYSTEMPATH/Database/BaseConnection.php(646): CodeIgniter\Database\BaseConnection->simpleQuery('SELECT COUNT(*) AS `numrows` FROM `masuk`')
 3 SYSTEMPATH/Database/BaseBuilder.php(1678): CodeIgniter\Database\BaseConnection->query('SELECT COUNT(*) AS `numrows` FROM `masuk`', null, false)
 4 SYSTEMPATH/Model.php(925): CodeIgniter\Database\BaseBuilder->countAll()
 5 APPPATH/Models/MasukModel.php(16): CodeIgniter\Model->__call('countAll', [])
 6 APPPATH/Controllers/Dashboard.php(29): App\Models\MasukModel->getTotalMasuk()
 7 SYSTEMPATH/CodeIgniter.php(933): App\Controllers\Dashboard->index()
 8 SYSTEMPATH/CodeIgniter.php(507): CodeIgniter\CodeIgniter->runController(Object(App\Controllers\Dashboard))
 9 SYSTEMPATH/CodeIgniter.php(354): CodeIgniter\CodeIgniter->handleRequest(null, Object(Config\Cache), false)
10 SYSTEMPATH/Boot.php(363): CodeIgniter\CodeIgniter->run()
11 SYSTEMPATH/Boot.php(68): CodeIgniter\Boot::runCodeIgniter(Object(CodeIgniter\CodeIgniter))
12 FCPATH/index.php(59): CodeIgniter\Boot::bootWeb(Object(Config\Paths))
13 SYSTEMPATH/rewrite.php(44): require_once('/Applications/XAMPP/xamppfiles/htdocs/pmi-stok-darah/public/index.php')
CRITICAL - 2025-11-29 08:40:21 --> [Caused by] mysqli_sql_exception: Table 'pmi_stok_darah.masuk' doesn't exist
in SYSTEMPATH/Database/MySQLi/Connection.php on line 327.
 1 SYSTEMPATH/Database/MySQLi/Connection.php(327): mysqli->query('SELECT COUNT(*) AS `numrows` FROM `masuk`', 0)
 2 SYSTEMPATH/Database/BaseConnection.php(729): CodeIgniter\Database\MySQLi\Connection->execute('SELECT COUNT(*) AS `numrows` FROM `masuk`')
 3 SYSTEMPATH/Database/BaseConnection.php(646): CodeIgniter\Database\BaseConnection->simpleQuery('SELECT COUNT(*) AS `numrows` FROM `masuk`')
 4 SYSTEMPATH/Database/BaseBuilder.php(1678): CodeIgniter\Database\BaseConnection->query('SELECT COUNT(*) AS `numrows` FROM `masuk`', null, false)
 5 SYSTEMPATH/Model.php(925): CodeIgniter\Database\BaseBuilder->countAll()
 6 APPPATH/Models/MasukModel.php(16): CodeIgniter\Model->__call('countAll', [])
 7 APPPATH/Controllers/Dashboard.php(29): App\Models\MasukModel->getTotalMasuk()
 8 SYSTEMPATH/CodeIgniter.php(933): App\Controllers\Dashboard->index()
 9 SYSTEMPATH/CodeIgniter.php(507): CodeIgniter\CodeIgniter->runController(Object(App\Controllers\Dashboard))
10 SYSTEMPATH/CodeIgniter.php(354): CodeIgniter\CodeIgniter->handleRequest(null, Object(Config\Cache), false)
11 SYSTEMPATH/Boot.php(363): CodeIgniter\CodeIgniter->run()
12 SYSTEMPATH/Boot.php(68): CodeIgniter\Boot::runCodeIgniter(Object(CodeIgniter\CodeIgniter))
13 FCPATH/index.php(59): CodeIgniter\Boot::bootWeb(Object(Config\Paths))
14 SYSTEMPATH/rewrite.php(44): require_once('/Applications/XAMPP/xamppfiles/htdocs/pmi-stok-darah/public/index.php')
DEBUG - 2025-11-29 08:45:24 --> Session: Class initialized using 'CodeIgniter\Session\Handlers\FileHandler' driver.
ERROR - 2025-11-29 08:45:24 --> mysqli_sql_exception: Table 'pmi_stok_darah.keluar' doesn't exist in /Applications/XAMPP/xamppfiles/htdocs/pmi-stok-darah/system/Database/MySQLi/Connection.php:327
Stack trace:
#0 /Applications/XAMPP/xamppfiles/htdocs/pmi-stok-darah/system/Database/MySQLi/Connection.php(327): mysqli->query('SELECT COUNT(*)...', 0)
#1 /Applications/XAMPP/xamppfiles/htdocs/pmi-stok-darah/system/Database/BaseConnection.php(729): CodeIgniter\Database\MySQLi\Connection->execute('SELECT COUNT(*)...')
#2 /Applications/XAMPP/xamppfiles/htdocs/pmi-stok-darah/system/Database/BaseConnection.php(646): CodeIgniter\Database\BaseConnection->simpleQuery('SELECT COUNT(*)...')
#3 /Applications/XAMPP/xamppfiles/htdocs/pmi-stok-darah/system/Database/BaseBuilder.php(1678): CodeIgniter\Database\BaseConnection->query('SELECT COUNT(*)...', NULL, false)
#4 /Applications/XAMPP/xamppfiles/htdocs/pmi-stok-darah/system/Model.php(925): CodeIgniter\Database\BaseBuilder->countAll()
#5 /Applications/XAMPP/xamppfiles/htdocs/pmi-stok-darah/app/Models/DistribusiModel.php(39): CodeIgniter\Model->__call('countAll', Array)
#6 /Applications/XAMPP/xamppfiles/htdocs/pmi-stok-darah/app/Controllers/Dashboard.php(34): App\Models\DistribusiModel->getTotalDistribusi()
#7 /Applications/XAMPP/xamppfiles/htdocs/pmi-stok-darah/system/CodeIgniter.php(933): App\Controllers\Dashboard->index()
#8 /Applications/XAMPP/xamppfiles/htdocs/pmi-stok-darah/system/CodeIgniter.php(507): CodeIgniter\CodeIgniter->runController(Object(App\Controllers\Dashboard))
#9 /Applications/XAMPP/xamppfiles/htdocs/pmi-stok-darah/system/CodeIgniter.php(354): CodeIgniter\CodeIgniter->handleRequest(NULL, Object(Config\Cache), false)
#10 /Applications/XAMPP/xamppfiles/htdocs/pmi-stok-darah/system/Boot.php(363): CodeIgniter\CodeIgniter->run()
#11 /Applications/XAMPP/xamppfiles/htdocs/pmi-stok-darah/system/Boot.php(68): CodeIgniter\Boot::runCodeIgniter(Object(CodeIgniter\CodeIgniter))
#12 /Applications/XAMPP/xamppfiles/htdocs/pmi-stok-darah/public/index.php(59): CodeIgniter\Boot::bootWeb(Object(Config\Paths))
#13 /Applications/XAMPP/xamppfiles/htdocs/pmi-stok-darah/system/rewrite.php(44): require_once('/Applications/X...')
#14 {main}
CRITICAL - 2025-11-29 08:45:24 --> CodeIgniter\Database\Exceptions\DatabaseException: Table 'pmi_stok_darah.keluar' doesn't exist
[Method: GET, Route: dashboard]
in SYSTEMPATH/Database/BaseConnection.php on line 684.
 1 SYSTEMPATH/Database/BaseBuilder.php(1678): CodeIgniter\Database\BaseConnection->query('SELECT COUNT(*) AS `numrows` FROM `keluar`', null, false)
 2 SYSTEMPATH/Model.php(925): CodeIgniter\Database\BaseBuilder->countAll()
 3 APPPATH/Models/DistribusiModel.php(39): CodeIgniter\Model->__call('countAll', [])
 4 APPPATH/Controllers/Dashboard.php(34): App\Models\DistribusiModel->getTotalDistribusi()
 5 SYSTEMPATH/CodeIgniter.php(933): App\Controllers\Dashboard->index()
 6 SYSTEMPATH/CodeIgniter.php(507): CodeIgniter\CodeIgniter->runController(Object(App\Controllers\Dashboard))
 7 SYSTEMPATH/CodeIgniter.php(354): CodeIgniter\CodeIgniter->handleRequest(null, Object(Config\Cache), false)
 8 SYSTEMPATH/Boot.php(363): CodeIgniter\CodeIgniter->run()
 9 SYSTEMPATH/Boot.php(68): CodeIgniter\Boot::runCodeIgniter(Object(CodeIgniter\CodeIgniter))
10 FCPATH/index.php(59): CodeIgniter\Boot::bootWeb(Object(Config\Paths))
11 SYSTEMPATH/rewrite.php(44): require_once('/Applications/XAMPP/xamppfiles/htdocs/pmi-stok-darah/public/index.php')
CRITICAL - 2025-11-29 08:45:24 --> [Caused by] CodeIgniter\Database\Exceptions\DatabaseException: Table 'pmi_stok_darah.keluar' doesn't exist
in SYSTEMPATH/Database/MySQLi/Connection.php on line 332.
 1 SYSTEMPATH/Database/BaseConnection.php(729): CodeIgniter\Database\MySQLi\Connection->execute('SELECT COUNT(*) AS `numrows` FROM `keluar`')
 2 SYSTEMPATH/Database/BaseConnection.php(646): CodeIgniter\Database\BaseConnection->simpleQuery('SELECT COUNT(*) AS `numrows` FROM `keluar`')
 3 SYSTEMPATH/Database/BaseBuilder.php(1678): CodeIgniter\Database\BaseConnection->query('SELECT COUNT(*) AS `numrows` FROM `keluar`', null, false)
 4 SYSTEMPATH/Model.php(925): CodeIgniter\Database\BaseBuilder->countAll()
 5 APPPATH/Models/DistribusiModel.php(39): CodeIgniter\Model->__call('countAll', [])
 6 APPPATH/Controllers/Dashboard.php(34): App\Models\DistribusiModel->getTotalDistribusi()
 7 SYSTEMPATH/CodeIgniter.php(933): App\Controllers\Dashboard->index()
 8 SYSTEMPATH/CodeIgniter.php(507): CodeIgniter\CodeIgniter->runController(Object(App\Controllers\Dashboard))
 9 SYSTEMPATH/CodeIgniter.php(354): CodeIgniter\CodeIgniter->handleRequest(null, Object(Config\Cache), false)
10 SYSTEMPATH/Boot.php(363): CodeIgniter\CodeIgniter->run()
11 SYSTEMPATH/Boot.php(68): CodeIgniter\Boot::runCodeIgniter(Object(CodeIgniter\CodeIgniter))
12 FCPATH/index.php(59): CodeIgniter\Boot::bootWeb(Object(Config\Paths))
13 SYSTEMPATH/rewrite.php(44): require_once('/Applications/XAMPP/xamppfiles/htdocs/pmi-stok-darah/public/index.php')
CRITICAL - 2025-11-29 08:45:24 --> [Caused by] mysqli_sql_exception: Table 'pmi_stok_darah.keluar' doesn't exist
in SYSTEMPATH/Database/MySQLi/Connection.php on line 327.
 1 SYSTEMPATH/Database/MySQLi/Connection.php(327): mysqli->query('SELECT COUNT(*) AS `numrows` FROM `keluar`', 0)
 2 SYSTEMPATH/Database/BaseConnection.php(729): CodeIgniter\Database\MySQLi\Connection->execute('SELECT COUNT(*) AS `numrows` FROM `keluar`')
 3 SYSTEMPATH/Database/BaseConnection.php(646): CodeIgniter\Database\BaseConnection->simpleQuery('SELECT COUNT(*) AS `numrows` FROM `keluar`')
 4 SYSTEMPATH/Database/BaseBuilder.php(1678): CodeIgniter\Database\BaseConnection->query('SELECT COUNT(*) AS `numrows` FROM `keluar`', null, false)
 5 SYSTEMPATH/Model.php(925): CodeIgniter\Database\BaseBuilder->countAll()
 6 APPPATH/Models/DistribusiModel.php(39): CodeIgniter\Model->__call('countAll', [])
 7 APPPATH/Controllers/Dashboard.php(34): App\Models\DistribusiModel->getTotalDistribusi()
 8 SYSTEMPATH/CodeIgniter.php(933): App\Controllers\Dashboard->index()
 9 SYSTEMPATH/CodeIgniter.php(507): CodeIgniter\CodeIgniter->runController(Object(App\Controllers\Dashboard))
10 SYSTEMPATH/CodeIgniter.php(354): CodeIgniter\CodeIgniter->handleRequest(null, Object(Config\Cache), false)
11 SYSTEMPATH/Boot.php(363): CodeIgniter\CodeIgniter->run()
12 SYSTEMPATH/Boot.php(68): CodeIgniter\Boot::runCodeIgniter(Object(CodeIgniter\CodeIgniter))
13 FCPATH/index.php(59): CodeIgniter\Boot::bootWeb(Object(Config\Paths))
14 SYSTEMPATH/rewrite.php(44): require_once('/Applications/XAMPP/xamppfiles/htdocs/pmi-stok-darah/public/index.php')
DEBUG - 2025-11-29 08:45:26 --> Session: Class initialized using 'CodeIgniter\Session\Handlers\FileHandler' driver.
DEBUG - 2025-11-29 08:45:26 --> Session: Class initialized using 'CodeIgniter\Session\Handlers\FileHandler' driver.
ERROR - 2025-11-29 08:45:26 --> mysqli_sql_exception: Table 'pmi_stok_darah.keluar' doesn't exist in /Applications/XAMPP/xamppfiles/htdocs/pmi-stok-darah/system/Database/MySQLi/Connection.php:327
Stack trace:
#0 /Applications/XAMPP/xamppfiles/htdocs/pmi-stok-darah/system/Database/MySQLi/Connection.php(327): mysqli->query('SELECT COUNT(*)...', 0)
#1 /Applications/XAMPP/xamppfiles/htdocs/pmi-stok-darah/system/Database/BaseConnection.php(729): CodeIgniter\Database\MySQLi\Connection->execute('SELECT COUNT(*)...')
#2 /Applications/XAMPP/xamppfiles/htdocs/pmi-stok-darah/system/Database/BaseConnection.php(646): CodeIgniter\Database\BaseConnection->simpleQuery('SELECT COUNT(*)...')
#3 /Applications/XAMPP/xamppfiles/htdocs/pmi-stok-darah/system/Database/BaseBuilder.php(1678): CodeIgniter\Database\BaseConnection->query('SELECT COUNT(*)...', NULL, false)
#4 /Applications/XAMPP/xamppfiles/htdocs/pmi-stok-darah/system/Model.php(925): CodeIgniter\Database\BaseBuilder->countAll()
#5 /Applications/XAMPP/xamppfiles/htdocs/pmi-stok-darah/app/Models/DistribusiModel.php(39): CodeIgniter\Model->__call('countAll', Array)
#6 /Applications/XAMPP/xamppfiles/htdocs/pmi-stok-darah/app/Controllers/Dashboard.php(34): App\Models\DistribusiModel->getTotalDistribusi()
#7 /Applications/XAMPP/xamppfiles/htdocs/pmi-stok-darah/system/CodeIgniter.php(933): App\Controllers\Dashboard->index()
#8 /Applications/XAMPP/xamppfiles/htdocs/pmi-stok-darah/system/CodeIgniter.php(507): CodeIgniter\CodeIgniter->runController(Object(App\Controllers\Dashboard))
#9 /Applications/XAMPP/xamppfiles/htdocs/pmi-stok-darah/system/CodeIgniter.php(354): CodeIgniter\CodeIgniter->handleRequest(NULL, Object(Config\Cache), false)
#10 /Applications/XAMPP/xamppfiles/htdocs/pmi-stok-darah/system/Boot.php(363): CodeIgniter\CodeIgniter->run()
#11 /Applications/XAMPP/xamppfiles/htdocs/pmi-stok-darah/system/Boot.php(68): CodeIgniter\Boot::runCodeIgniter(Object(CodeIgniter\CodeIgniter))
#12 /Applications/XAMPP/xamppfiles/htdocs/pmi-stok-darah/public/index.php(59): CodeIgniter\Boot::bootWeb(Object(Config\Paths))
#13 /Applications/XAMPP/xamppfiles/htdocs/pmi-stok-darah/system/rewrite.php(44): require_once('/Applications/X...')
#14 {main}
CRITICAL - 2025-11-29 08:45:26 --> CodeIgniter\Database\Exceptions\DatabaseException: Table 'pmi_stok_darah.keluar' doesn't exist
[Method: GET, Route: dashboard]
in SYSTEMPATH/Database/BaseConnection.php on line 684.
 1 SYSTEMPATH/Database/BaseBuilder.php(1678): CodeIgniter\Database\BaseConnection->query('SELECT COUNT(*) AS `numrows` FROM `keluar`', null, false)
 2 SYSTEMPATH/Model.php(925): CodeIgniter\Database\BaseBuilder->countAll()
 3 APPPATH/Models/DistribusiModel.php(39): CodeIgniter\Model->__call('countAll', [])
 4 APPPATH/Controllers/Dashboard.php(34): App\Models\DistribusiModel->getTotalDistribusi()
 5 SYSTEMPATH/CodeIgniter.php(933): App\Controllers\Dashboard->index()
 6 SYSTEMPATH/CodeIgniter.php(507): CodeIgniter\CodeIgniter->runController(Object(App\Controllers\Dashboard))
 7 SYSTEMPATH/CodeIgniter.php(354): CodeIgniter\CodeIgniter->handleRequest(null, Object(Config\Cache), false)
 8 SYSTEMPATH/Boot.php(363): CodeIgniter\CodeIgniter->run()
 9 SYSTEMPATH/Boot.php(68): CodeIgniter\Boot::runCodeIgniter(Object(CodeIgniter\CodeIgniter))
10 FCPATH/index.php(59): CodeIgniter\Boot::bootWeb(Object(Config\Paths))
11 SYSTEMPATH/rewrite.php(44): require_once('/Applications/XAMPP/xamppfiles/htdocs/pmi-stok-darah/public/index.php')
CRITICAL - 2025-11-29 08:45:26 --> [Caused by] CodeIgniter\Database\Exceptions\DatabaseException: Table 'pmi_stok_darah.keluar' doesn't exist
in SYSTEMPATH/Database/MySQLi/Connection.php on line 332.
 1 SYSTEMPATH/Database/BaseConnection.php(729): CodeIgniter\Database\MySQLi\Connection->execute('SELECT COUNT(*) AS `numrows` FROM `keluar`')
 2 SYSTEMPATH/Database/BaseConnection.php(646): CodeIgniter\Database\BaseConnection->simpleQuery('SELECT COUNT(*) AS `numrows` FROM `keluar`')
 3 SYSTEMPATH/Database/BaseBuilder.php(1678): CodeIgniter\Database\BaseConnection->query('SELECT COUNT(*) AS `numrows` FROM `keluar`', null, false)
 4 SYSTEMPATH/Model.php(925): CodeIgniter\Database\BaseBuilder->countAll()
 5 APPPATH/Models/DistribusiModel.php(39): CodeIgniter\Model->__call('countAll', [])
 6 APPPATH/Controllers/Dashboard.php(34): App\Models\DistribusiModel->getTotalDistribusi()
 7 SYSTEMPATH/CodeIgniter.php(933): App\Controllers\Dashboard->index()
 8 SYSTEMPATH/CodeIgniter.php(507): CodeIgniter\CodeIgniter->runController(Object(App\Controllers\Dashboard))
 9 SYSTEMPATH/CodeIgniter.php(354): CodeIgniter\CodeIgniter->handleRequest(null, Object(Config\Cache), false)
10 SYSTEMPATH/Boot.php(363): CodeIgniter\CodeIgniter->run()
11 SYSTEMPATH/Boot.php(68): CodeIgniter\Boot::runCodeIgniter(Object(CodeIgniter\CodeIgniter))
12 FCPATH/index.php(59): CodeIgniter\Boot::bootWeb(Object(Config\Paths))
13 SYSTEMPATH/rewrite.php(44): require_once('/Applications/XAMPP/xamppfiles/htdocs/pmi-stok-darah/public/index.php')
CRITICAL - 2025-11-29 08:45:26 --> [Caused by] mysqli_sql_exception: Table 'pmi_stok_darah.keluar' doesn't exist
in SYSTEMPATH/Database/MySQLi/Connection.php on line 327.
 1 SYSTEMPATH/Database/MySQLi/Connection.php(327): mysqli->query('SELECT COUNT(*) AS `numrows` FROM `keluar`', 0)
 2 SYSTEMPATH/Database/BaseConnection.php(729): CodeIgniter\Database\MySQLi\Connection->execute('SELECT COUNT(*) AS `numrows` FROM `keluar`')
 3 SYSTEMPATH/Database/BaseConnection.php(646): CodeIgniter\Database\BaseConnection->simpleQuery('SELECT COUNT(*) AS `numrows` FROM `keluar`')
 4 SYSTEMPATH/Database/BaseBuilder.php(1678): CodeIgniter\Database\BaseConnection->query('SELECT COUNT(*) AS `numrows` FROM `keluar`', null, false)
 5 SYSTEMPATH/Model.php(925): CodeIgniter\Database\BaseBuilder->countAll()
 6 APPPATH/Models/DistribusiModel.php(39): CodeIgniter\Model->__call('countAll', [])
 7 APPPATH/Controllers/Dashboard.php(34): App\Models\DistribusiModel->getTotalDistribusi()
 8 SYSTEMPATH/CodeIgniter.php(933): App\Controllers\Dashboard->index()
 9 SYSTEMPATH/CodeIgniter.php(507): CodeIgniter\CodeIgniter->runController(Object(App\Controllers\Dashboard))
10 SYSTEMPATH/CodeIgniter.php(354): CodeIgniter\CodeIgniter->handleRequest(null, Object(Config\Cache), false)
11 SYSTEMPATH/Boot.php(363): CodeIgniter\CodeIgniter->run()
12 SYSTEMPATH/Boot.php(68): CodeIgniter\Boot::runCodeIgniter(Object(CodeIgniter\CodeIgniter))
13 FCPATH/index.php(59): CodeIgniter\Boot::bootWeb(Object(Config\Paths))
14 SYSTEMPATH/rewrite.php(44): require_once('/Applications/XAMPP/xamppfiles/htdocs/pmi-stok-darah/public/index.php')
DEBUG - 2025-11-29 08:50:24 --> Session: Class initialized using 'CodeIgniter\Session\Handlers\FileHandler' driver.
DEBUG - 2025-11-29 08:50:26 --> Session: Class initialized using 'CodeIgniter\Session\Handlers\FileHandler' driver.
DEBUG - 2025-11-29 08:50:26 --> Session: Class initialized using 'CodeIgniter\Session\Handlers\FileHandler' driver.
DEBUG - 2025-11-29 08:50:28 --> Session: Class initialized using 'CodeIgniter\Session\Handlers\FileHandler' driver.
DEBUG - 2025-11-29 08:50:28 --> Session: Class initialized using 'CodeIgniter\Session\Handlers\FileHandler' driver.
INFO - 2025-11-29 08:50:48 --> CSRF token verified.
DEBUG - 2025-11-29 08:50:48 --> Session: Class initialized using 'CodeIgniter\Session\Handlers\FileHandler' driver.
DEBUG - 2025-11-29 08:50:48 --> Session: Class initialized using 'CodeIgniter\Session\Handlers\FileHandler' driver.
DEBUG - 2025-11-29 08:50:56 --> Session: Class initialized using 'CodeIgniter\Session\Handlers\FileHandler' driver.
DEBUG - 2025-11-29 08:50:59 --> Session: Class initialized using 'CodeIgniter\Session\Handlers\FileHandler' driver.
CRITICAL - 2025-11-29 08:50:59 --> CodeIgniter\View\Exceptions\ViewException: Invalid file: "rumahsakit/index.php"
[Method: GET, Route: rumahsakit]
in SYSTEMPATH/Exceptions/FrameworkException.php on line 39.
 1 SYSTEMPATH/View/View.php(214): CodeIgniter\Exceptions\FrameworkException::forInvalidFile('rumahsakit/index.php')
 2 SYSTEMPATH/Common.php(1167): CodeIgniter\View\View->render('rumahsakit/index', [], true)
 3 APPPATH/Controllers/RumahSakit.php(31): view('rumahsakit/index', [...])
 4 SYSTEMPATH/CodeIgniter.php(933): App\Controllers\RumahSakit->index()
 5 SYSTEMPATH/CodeIgniter.php(507): CodeIgniter\CodeIgniter->runController(Object(App\Controllers\RumahSakit))
 6 SYSTEMPATH/CodeIgniter.php(354): CodeIgniter\CodeIgniter->handleRequest(null, Object(Config\Cache), false)
 7 SYSTEMPATH/Boot.php(363): CodeIgniter\CodeIgniter->run()
 8 SYSTEMPATH/Boot.php(68): CodeIgniter\Boot::runCodeIgniter(Object(CodeIgniter\CodeIgniter))
 9 FCPATH/index.php(59): CodeIgniter\Boot::bootWeb(Object(Config\Paths))
10 SYSTEMPATH/rewrite.php(44): require_once('/Applications/XAMPP/xamppfiles/htdocs/pmi-stok-darah/public/index.php')
DEBUG - 2025-11-29 08:54:27 --> Session: Class initialized using 'CodeIgniter\Session\Handlers\FileHandler' driver.
DEBUG - 2025-11-29 08:54:31 --> Session: Class initialized using 'CodeIgniter\Session\Handlers\FileHandler' driver.
DEBUG - 2025-11-29 08:54:37 --> Session: Class initialized using 'CodeIgniter\Session\Handlers\FileHandler' driver.
DEBUG - 2025-11-29 08:54:37 --> Session: Class initialized using 'CodeIgniter\Session\Handlers\FileHandler' driver.
DEBUG - 2025-11-29 08:54:39 --> Session: Class initialized using 'CodeIgniter\Session\Handlers\FileHandler' driver.
DEBUG - 2025-11-29 08:54:39 --> Session: Class initialized using 'CodeIgniter\Session\Handlers\FileHandler' driver.
DEBUG - 2025-11-29 08:54:40 --> Session: Class initialized using 'CodeIgniter\Session\Handlers\FileHandler' driver.
DEBUG - 2025-11-29 09:01:06 --> Session: Class initialized using 'CodeIgniter\Session\Handlers\FileHandler' driver.
DEBUG - 2025-11-29 09:02:45 --> Session: Class initialized using 'CodeIgniter\Session\Handlers\FileHandler' driver.
DEBUG - 2025-11-29 09:02:46 --> Session: Class initialized using 'CodeIgniter\Session\Handlers\FileHandler' driver.
INFO - 2025-11-29 09:03:09 --> CSRF token verified.
DEBUG - 2025-11-29 09:03:09 --> Session: Class initialized using 'CodeIgniter\Session\Handlers\FileHandler' driver.
DEBUG - 2025-11-29 09:03:09 --> Session: Class initialized using 'CodeIgniter\Session\Handlers\FileHandler' driver.
INFO - 2025-11-29 09:03:21 --> CSRF token verified.
DEBUG - 2025-11-29 09:03:21 --> Session: Class initialized using 'CodeIgniter\Session\Handlers\FileHandler' driver.
DEBUG - 2025-11-29 09:03:21 --> Session: Class initialized using 'CodeIgniter\Session\Handlers\FileHandler' driver.
DEBUG - 2025-11-29 09:08:13 --> Session: Class initialized using 'CodeIgniter\Session\Handlers\FileHandler' driver.
INFO - 2025-11-29 09:08:31 --> CSRF token verified.
DEBUG - 2025-11-29 09:08:31 --> Session: Class initialized using 'CodeIgniter\Session\Handlers\FileHandler' driver.
DEBUG - 2025-11-29 09:08:31 --> Session: Class initialized using 'CodeIgniter\Session\Handlers\FileHandler' driver.
DEBUG - 2025-11-29 09:08:33 --> Session: Class initialized using 'CodeIgniter\Session\Handlers\FileHandler' driver.
INFO - 2025-11-29 09:08:50 --> CSRF token verified.
DEBUG - 2025-11-29 09:08:50 --> Session: Class initialized using 'CodeIgniter\Session\Handlers\FileHandler' driver.
DEBUG - 2025-11-29 09:08:50 --> Session: Class initialized using 'CodeIgniter\Session\Handlers\FileHandler' driver.
DEBUG - 2025-11-29 09:08:55 --> Session: Class initialized using 'CodeIgniter\Session\Handlers\FileHandler' driver.
INFO - 2025-11-29 09:09:13 --> CSRF token verified.
DEBUG - 2025-11-29 09:09:13 --> Session: Class initialized using 'CodeIgniter\Session\Handlers\FileHandler' driver.
DEBUG - 2025-11-29 09:09:13 --> Session: Class initialized using 'CodeIgniter\Session\Handlers\FileHandler' driver.
DEBUG - 2025-11-29 09:09:17 --> Session: Class initialized using 'CodeIgniter\Session\Handlers\FileHandler' driver.
DEBUG - 2025-11-29 09:09:17 --> Session: Class initialized using 'CodeIgniter\Session\Handlers\FileHandler' driver.
DEBUG - 2025-11-29 09:09:18 --> Session: Class initialized using 'CodeIgniter\Session\Handlers\FileHandler' driver.
CRITICAL - 2025-11-29 09:09:18 --> ErrorException: Undefined property: App\Controllers\Dashboard::$userModel
[Method: GET, Route: dashboard]
in APPPATH/Controllers/Dashboard.php on line 46.
 1 APPPATH/Controllers/Dashboard.php(46): CodeIgniter\Debug\Exceptions->errorHandler(2, 'Undefined property: App\\Controllers\\Dashboard::$userModel', '/Applications/XAMPP/xamppfiles/htdocs/pmi-stok-darah/app/Controllers/Dashboard.php', 46)
 2 SYSTEMPATH/CodeIgniter.php(933): App\Controllers\Dashboard->index()
 3 SYSTEMPATH/CodeIgniter.php(507): CodeIgniter\CodeIgniter->runController(Object(App\Controllers\Dashboard))
 4 SYSTEMPATH/CodeIgniter.php(354): CodeIgniter\CodeIgniter->handleRequest(null, Object(Config\Cache), false)
 5 SYSTEMPATH/Boot.php(363): CodeIgniter\CodeIgniter->run()
 6 SYSTEMPATH/Boot.php(68): CodeIgniter\Boot::runCodeIgniter(Object(CodeIgniter\CodeIgniter))
 7 FCPATH/index.php(59): CodeIgniter\Boot::bootWeb(Object(Config\Paths))
 8 SYSTEMPATH/rewrite.php(44): require_once('/Applications/XAMPP/xamppfiles/htdocs/pmi-stok-darah/public/index.php')
DEBUG - 2025-11-29 09:10:34 --> Session: Class initialized using 'CodeIgniter\Session\Handlers\FileHandler' driver.
DEBUG - 2025-11-29 09:11:25 --> Session: Class initialized using 'CodeIgniter\Session\Handlers\FileHandler' driver.
DEBUG - 2025-11-29 09:11:27 --> Session: Class initialized using 'CodeIgniter\Session\Handlers\FileHandler' driver.
DEBUG - 2025-11-29 09:12:53 --> Session: Class initialized using 'CodeIgniter\Session\Handlers\FileHandler' driver.
DEBUG - 2025-11-29 09:12:54 --> Session: Class initialized using 'CodeIgniter\Session\Handlers\FileHandler' driver.
DEBUG - 2025-11-29 09:13:15 --> Session: Class initialized using 'CodeIgniter\Session\Handlers\FileHandler' driver.
CRITICAL - 2025-11-29 09:13:15 --> ErrorException: Undefined array key "stok"
[Method: GET, Route: stok]
in APPPATH/Views/stok/index.php on line 97.
 1 APPPATH/Views/stok/index.php(97): CodeIgniter\Debug\Exceptions->errorHandler(2, 'Undefined array key "stok"', '/Applications/XAMPP/xamppfiles/htdocs/pmi-stok-darah/app/Views/stok/index.php', 97)
 2 SYSTEMPATH/View/View.php(226): include('/Applications/XAMPP/xamppfiles/htdocs/pmi-stok-darah/app/Views/stok/index.php')
 3 SYSTEMPATH/View/View.php(229): CodeIgniter\View\View->{closure:CodeIgniter\View\View::render():223}()
 4 SYSTEMPATH/Common.php(1167): CodeIgniter\View\View->render('stok/index', [], true)
 5 APPPATH/Controllers/Stok.php(34): view('stok/index', [...])
 6 SYSTEMPATH/CodeIgniter.php(933): App\Controllers\Stok->index()
 7 SYSTEMPATH/CodeIgniter.php(507): CodeIgniter\CodeIgniter->runController(Object(App\Controllers\Stok))
 8 SYSTEMPATH/CodeIgniter.php(354): CodeIgniter\CodeIgniter->handleRequest(null, Object(Config\Cache), false)
 9 SYSTEMPATH/Boot.php(363): CodeIgniter\CodeIgniter->run()
10 SYSTEMPATH/Boot.php(68): CodeIgniter\Boot::runCodeIgniter(Object(CodeIgniter\CodeIgniter))
11 FCPATH/index.php(59): CodeIgniter\Boot::bootWeb(Object(Config\Paths))
12 SYSTEMPATH/rewrite.php(44): require_once('/Applications/XAMPP/xamppfiles/htdocs/pmi-stok-darah/public/index.php')
DEBUG - 2025-11-29 09:13:18 --> Session: Class initialized using 'CodeIgniter\Session\Handlers\FileHandler' driver.
DEBUG - 2025-11-29 09:13:19 --> Session: Class initialized using 'CodeIgniter\Session\Handlers\FileHandler' driver.
CRITICAL - 2025-11-29 09:13:19 --> CodeIgniter\View\Exceptions\ViewException: Invalid file: "distribusi/index.php"
[Method: GET, Route: distribusi]
in SYSTEMPATH/Exceptions/FrameworkException.php on line 39.
 1 SYSTEMPATH/View/View.php(214): CodeIgniter\Exceptions\FrameworkException::forInvalidFile('distribusi/index.php')
 2 SYSTEMPATH/Common.php(1167): CodeIgniter\View\View->render('distribusi/index', [], true)
 3 APPPATH/Controllers/Distribusi.php(37): view('distribusi/index', [...])
 4 SYSTEMPATH/CodeIgniter.php(933): App\Controllers\Distribusi->index()
 5 SYSTEMPATH/CodeIgniter.php(507): CodeIgniter\CodeIgniter->runController(Object(App\Controllers\Distribusi))
 6 SYSTEMPATH/CodeIgniter.php(354): CodeIgniter\CodeIgniter->handleRequest(null, Object(Config\Cache), false)
 7 SYSTEMPATH/Boot.php(363): CodeIgniter\CodeIgniter->run()
 8 SYSTEMPATH/Boot.php(68): CodeIgniter\Boot::runCodeIgniter(Object(CodeIgniter\CodeIgniter))
 9 FCPATH/index.php(59): CodeIgniter\Boot::bootWeb(Object(Config\Paths))
10 SYSTEMPATH/rewrite.php(44): require_once('/Applications/XAMPP/xamppfiles/htdocs/pmi-stok-darah/public/index.php')
DEBUG - 2025-11-29 09:13:22 --> Session: Class initialized using 'CodeIgniter\Session\Handlers\FileHandler' driver.
CRITICAL - 2025-11-29 09:13:22 --> CodeIgniter\View\Exceptions\ViewException: Invalid file: "pemusnahan/index.php"
[Method: GET, Route: pemusnahan]
in SYSTEMPATH/Exceptions/FrameworkException.php on line 39.
 1 SYSTEMPATH/View/View.php(214): CodeIgniter\Exceptions\FrameworkException::forInvalidFile('pemusnahan/index.php')
 2 SYSTEMPATH/Common.php(1167): CodeIgniter\View\View->render('pemusnahan/index', [], true)
 3 APPPATH/Controllers/Pemusnahan.php(34): view('pemusnahan/index', [...])
 4 SYSTEMPATH/CodeIgniter.php(933): App\Controllers\Pemusnahan->index()
 5 SYSTEMPATH/CodeIgniter.php(507): CodeIgniter\CodeIgniter->runController(Object(App\Controllers\Pemusnahan))
 6 SYSTEMPATH/CodeIgniter.php(354): CodeIgniter\CodeIgniter->handleRequest(null, Object(Config\Cache), false)
 7 SYSTEMPATH/Boot.php(363): CodeIgniter\CodeIgniter->run()
 8 SYSTEMPATH/Boot.php(68): CodeIgniter\Boot::runCodeIgniter(Object(CodeIgniter\CodeIgniter))
 9 FCPATH/index.php(59): CodeIgniter\Boot::bootWeb(Object(Config\Paths))
10 SYSTEMPATH/rewrite.php(44): require_once('/Applications/XAMPP/xamppfiles/htdocs/pmi-stok-darah/public/index.php')
DEBUG - 2025-11-29 09:13:27 --> Session: Class initialized using 'CodeIgniter\Session\Handlers\FileHandler' driver.
DEBUG - 2025-11-29 09:13:31 --> Session: Class initialized using 'CodeIgniter\Session\Handlers\FileHandler' driver.
DEBUG - 2025-11-29 09:13:37 --> Session: Class initialized using 'CodeIgniter\Session\Handlers\FileHandler' driver.
DEBUG - 2025-11-29 09:13:37 --> Session: Class initialized using 'CodeIgniter\Session\Handlers\FileHandler' driver.
DEBUG - 2025-11-29 09:13:39 --> Session: Class initialized using 'CodeIgniter\Session\Handlers\FileHandler' driver.
DEBUG - 2025-11-29 09:13:39 --> Session: Class initialized using 'CodeIgniter\Session\Handlers\FileHandler' driver.
DEBUG - 2025-11-29 09:13:42 --> Session: Class initialized using 'CodeIgniter\Session\Handlers\FileHandler' driver.
DEBUG - 2025-11-29 09:13:42 --> Session: Class initialized using 'CodeIgniter\Session\Handlers\FileHandler' driver.
DEBUG - 2025-11-29 09:13:44 --> Session: Class initialized using 'CodeIgniter\Session\Handlers\FileHandler' driver.
INFO - 2025-11-29 09:14:10 --> CSRF token verified.
DEBUG - 2025-11-29 09:14:10 --> Session: Class initialized using 'CodeIgniter\Session\Handlers\FileHandler' driver.
DEBUG - 2025-11-29 09:14:10 --> Session: Class initialized using 'CodeIgniter\Session\Handlers\FileHandler' driver.
DEBUG - 2025-11-29 09:14:12 --> Session: Class initialized using 'CodeIgniter\Session\Handlers\FileHandler' driver.
INFO - 2025-11-29 09:14:17 --> CSRF token verified.
DEBUG - 2025-11-29 09:14:17 --> Session: Class initialized using 'CodeIgniter\Session\Handlers\FileHandler' driver.
DEBUG - 2025-11-29 09:14:17 --> Session: Class initialized using 'CodeIgniter\Session\Handlers\FileHandler' driver.
DEBUG - 2025-11-29 09:14:27 --> Session: Class initialized using 'CodeIgniter\Session\Handlers\FileHandler' driver.
DEBUG - 2025-11-29 09:14:32 --> Session: Class initialized using 'CodeIgniter\Session\Handlers\FileHandler' driver.
ERROR - 2025-11-29 09:14:32 --> mysqli_sql_exception: Cannot delete or update a parent row: a foreign key constraint fails (`pmi_stok_darah`.`stok`, CONSTRAINT `stok_ibfk_1` FOREIGN KEY (`idprodusen`) REFERENCES `produsen` (`idprodusen`)) in /Applications/XAMPP/xamppfiles/htdocs/pmi-stok-darah/system/Database/MySQLi/Connection.php:327
Stack trace:
#0 /Applications/XAMPP/xamppfiles/htdocs/pmi-stok-darah/system/Database/MySQLi/Connection.php(327): mysqli->query('DELETE FROM `pr...', 0)
#1 /Applications/XAMPP/xamppfiles/htdocs/pmi-stok-darah/system/Database/BaseConnection.php(729): CodeIgniter\Database\MySQLi\Connection->execute('DELETE FROM `pr...')
#2 /Applications/XAMPP/xamppfiles/htdocs/pmi-stok-darah/system/Database/BaseConnection.php(646): CodeIgniter\Database\BaseConnection->simpleQuery('DELETE FROM `pr...')
#3 /Applications/XAMPP/xamppfiles/htdocs/pmi-stok-darah/system/Database/BaseBuilder.php(2848): CodeIgniter\Database\BaseConnection->query('DELETE FROM `pr...', Array, false)
#4 /Applications/XAMPP/xamppfiles/htdocs/pmi-stok-darah/system/Model.php(521): CodeIgniter\Database\BaseBuilder->delete()
#5 /Applications/XAMPP/xamppfiles/htdocs/pmi-stok-darah/system/BaseModel.php(1152): CodeIgniter\Model->doDelete(Array, false)
#6 /Applications/XAMPP/xamppfiles/htdocs/pmi-stok-darah/app/Controllers/Produsen.php(138): CodeIgniter\BaseModel->delete(Array)
#7 /Applications/XAMPP/xamppfiles/htdocs/pmi-stok-darah/system/CodeIgniter.php(933): App\Controllers\Produsen->delete('4')
#8 /Applications/XAMPP/xamppfiles/htdocs/pmi-stok-darah/system/CodeIgniter.php(507): CodeIgniter\CodeIgniter->runController(Object(App\Controllers\Produsen))
#9 /Applications/XAMPP/xamppfiles/htdocs/pmi-stok-darah/system/CodeIgniter.php(354): CodeIgniter\CodeIgniter->handleRequest(NULL, Object(Config\Cache), false)
#10 /Applications/XAMPP/xamppfiles/htdocs/pmi-stok-darah/system/Boot.php(363): CodeIgniter\CodeIgniter->run()
#11 /Applications/XAMPP/xamppfiles/htdocs/pmi-stok-darah/system/Boot.php(68): CodeIgniter\Boot::runCodeIgniter(Object(CodeIgniter\CodeIgniter))
#12 /Applications/XAMPP/xamppfiles/htdocs/pmi-stok-darah/public/index.php(59): CodeIgniter\Boot::bootWeb(Object(Config\Paths))
#13 /Applications/XAMPP/xamppfiles/htdocs/pmi-stok-darah/system/rewrite.php(44): require_once('/Applications/X...')
#14 {main}
CRITICAL - 2025-11-29 09:14:32 --> CodeIgniter\Database\Exceptions\DatabaseException: Cannot delete or update a parent row: a foreign key constraint fails (`pmi_stok_darah`.`stok`, CONSTRAINT `stok_ibfk_1` FOREIGN KEY (`idprodusen`) REFERENCES `produsen` (`idprodusen`))
[Method: GET, Route: produsen/delete/4]
in SYSTEMPATH/Database/BaseConnection.php on line 684.
 1 SYSTEMPATH/Database/BaseBuilder.php(2848): CodeIgniter\Database\BaseConnection->query('DELETE FROM `produsen`
WHERE `idprodusen` IN :idprodusen:', [...], false)
 2 SYSTEMPATH/Model.php(521): CodeIgniter\Database\BaseBuilder->delete()
 3 SYSTEMPATH/BaseModel.php(1152): CodeIgniter\Model->doDelete([...], false)
 4 APPPATH/Controllers/Produsen.php(138): CodeIgniter\BaseModel->delete([...])
 5 SYSTEMPATH/CodeIgniter.php(933): App\Controllers\Produsen->delete('4')
 6 SYSTEMPATH/CodeIgniter.php(507): CodeIgniter\CodeIgniter->runController(Object(App\Controllers\Produsen))
 7 SYSTEMPATH/CodeIgniter.php(354): CodeIgniter\CodeIgniter->handleRequest(null, Object(Config\Cache), false)
 8 SYSTEMPATH/Boot.php(363): CodeIgniter\CodeIgniter->run()
 9 SYSTEMPATH/Boot.php(68): CodeIgniter\Boot::runCodeIgniter(Object(CodeIgniter\CodeIgniter))
10 FCPATH/index.php(59): CodeIgniter\Boot::bootWeb(Object(Config\Paths))
11 SYSTEMPATH/rewrite.php(44): require_once('/Applications/XAMPP/xamppfiles/htdocs/pmi-stok-darah/public/index.php')
CRITICAL - 2025-11-29 09:14:32 --> [Caused by] CodeIgniter\Database\Exceptions\DatabaseException: Cannot delete or update a parent row: a foreign key constraint fails (`pmi_stok_darah`.`stok`, CONSTRAINT `stok_ibfk_1` FOREIGN KEY (`idprodusen`) REFERENCES `produsen` (`idprodusen`))
in SYSTEMPATH/Database/MySQLi/Connection.php on line 332.
 1 SYSTEMPATH/Database/BaseConnection.php(729): CodeIgniter\Database\MySQLi\Connection->execute('DELETE FROM `produsen`
WHERE `idprodusen` IN (\'4\')')
 2 SYSTEMPATH/Database/BaseConnection.php(646): CodeIgniter\Database\BaseConnection->simpleQuery('DELETE FROM `produsen`
WHERE `idprodusen` IN (\'4\')')
 3 SYSTEMPATH/Database/BaseBuilder.php(2848): CodeIgniter\Database\BaseConnection->query('DELETE FROM `produsen`
WHERE `idprodusen` IN :idprodusen:', [...], false)
 4 SYSTEMPATH/Model.php(521): CodeIgniter\Database\BaseBuilder->delete()
 5 SYSTEMPATH/BaseModel.php(1152): CodeIgniter\Model->doDelete([...], false)
 6 APPPATH/Controllers/Produsen.php(138): CodeIgniter\BaseModel->delete([...])
 7 SYSTEMPATH/CodeIgniter.php(933): App\Controllers\Produsen->delete('4')
 8 SYSTEMPATH/CodeIgniter.php(507): CodeIgniter\CodeIgniter->runController(Object(App\Controllers\Produsen))
 9 SYSTEMPATH/CodeIgniter.php(354): CodeIgniter\CodeIgniter->handleRequest(null, Object(Config\Cache), false)
10 SYSTEMPATH/Boot.php(363): CodeIgniter\CodeIgniter->run()
11 SYSTEMPATH/Boot.php(68): CodeIgniter\Boot::runCodeIgniter(Object(CodeIgniter\CodeIgniter))
12 FCPATH/index.php(59): CodeIgniter\Boot::bootWeb(Object(Config\Paths))
13 SYSTEMPATH/rewrite.php(44): require_once('/Applications/XAMPP/xamppfiles/htdocs/pmi-stok-darah/public/index.php')
CRITICAL - 2025-11-29 09:14:32 --> [Caused by] mysqli_sql_exception: Cannot delete or update a parent row: a foreign key constraint fails (`pmi_stok_darah`.`stok`, CONSTRAINT `stok_ibfk_1` FOREIGN KEY (`idprodusen`) REFERENCES `produsen` (`idprodusen`))
in SYSTEMPATH/Database/MySQLi/Connection.php on line 327.
 1 SYSTEMPATH/Database/MySQLi/Connection.php(327): mysqli->query('DELETE FROM `produsen`
WHERE `idprodusen` IN (\'4\')', 0)
 2 SYSTEMPATH/Database/BaseConnection.php(729): CodeIgniter\Database\MySQLi\Connection->execute('DELETE FROM `produsen`
WHERE `idprodusen` IN (\'4\')')
 3 SYSTEMPATH/Database/BaseConnection.php(646): CodeIgniter\Database\BaseConnection->simpleQuery('DELETE FROM `produsen`
WHERE `idprodusen` IN (\'4\')')
 4 SYSTEMPATH/Database/BaseBuilder.php(2848): CodeIgniter\Database\BaseConnection->query('DELETE FROM `produsen`
WHERE `idprodusen` IN :idprodusen:', [...], false)
 5 SYSTEMPATH/Model.php(521): CodeIgniter\Database\BaseBuilder->delete()
 6 SYSTEMPATH/BaseModel.php(1152): CodeIgniter\Model->doDelete([...], false)
 7 APPPATH/Controllers/Produsen.php(138): CodeIgniter\BaseModel->delete([...])
 8 SYSTEMPATH/CodeIgniter.php(933): App\Controllers\Produsen->delete('4')
 9 SYSTEMPATH/CodeIgniter.php(507): CodeIgniter\CodeIgniter->runController(Object(App\Controllers\Produsen))
10 SYSTEMPATH/CodeIgniter.php(354): CodeIgniter\CodeIgniter->handleRequest(null, Object(Config\Cache), false)
11 SYSTEMPATH/Boot.php(363): CodeIgniter\CodeIgniter->run()
12 SYSTEMPATH/Boot.php(68): CodeIgniter\Boot::runCodeIgniter(Object(CodeIgniter\CodeIgniter))
13 FCPATH/index.php(59): CodeIgniter\Boot::bootWeb(Object(Config\Paths))
14 SYSTEMPATH/rewrite.php(44): require_once('/Applications/XAMPP/xamppfiles/htdocs/pmi-stok-darah/public/index.php')
DEBUG - 2025-11-29 09:17:48 --> Session: Class initialized using 'CodeIgniter\Session\Handlers\FileHandler' driver.
ERROR - 2025-11-29 09:17:48 --> mysqli_sql_exception: Unknown column 'is_active' in 'where clause' in /Applications/XAMPP/xamppfiles/htdocs/pmi-stok-darah/system/Database/MySQLi/Connection.php:327
Stack trace:
#0 /Applications/XAMPP/xamppfiles/htdocs/pmi-stok-darah/system/Database/MySQLi/Connection.php(327): mysqli->query('SELECT COUNT(*)...', 0)
#1 /Applications/XAMPP/xamppfiles/htdocs/pmi-stok-darah/system/Database/BaseConnection.php(729): CodeIgniter\Database\MySQLi\Connection->execute('SELECT COUNT(*)...')
#2 /Applications/XAMPP/xamppfiles/htdocs/pmi-stok-darah/system/Database/BaseConnection.php(646): CodeIgniter\Database\BaseConnection->simpleQuery('SELECT COUNT(*)...')
#3 /Applications/XAMPP/xamppfiles/htdocs/pmi-stok-darah/system/Database/BaseBuilder.php(1733): CodeIgniter\Database\BaseConnection->query('SELECT COUNT(*)...', Array, false)
#4 /Applications/XAMPP/xamppfiles/htdocs/pmi-stok-darah/system/Model.php(675): CodeIgniter\Database\BaseBuilder->countAllResults(false)
#5 /Applications/XAMPP/xamppfiles/htdocs/pmi-stok-darah/system/BaseModel.php(1277): CodeIgniter\Model->countAllResults(false)
#6 /Applications/XAMPP/xamppfiles/htdocs/pmi-stok-darah/app/Models/ProdusenModel.php(27): CodeIgniter\BaseModel->paginate(10)
#7 /Applications/XAMPP/xamppfiles/htdocs/pmi-stok-darah/app/Controllers/Produsen.php(21): App\Models\ProdusenModel->getProdusen(NULL, 10)
#8 /Applications/XAMPP/xamppfiles/htdocs/pmi-stok-darah/system/CodeIgniter.php(933): App\Controllers\Produsen->index()
#9 /Applications/XAMPP/xamppfiles/htdocs/pmi-stok-darah/system/CodeIgniter.php(507): CodeIgniter\CodeIgniter->runController(Object(App\Controllers\Produsen))
#10 /Applications/XAMPP/xamppfiles/htdocs/pmi-stok-darah/system/CodeIgniter.php(354): CodeIgniter\CodeIgniter->handleRequest(NULL, Object(Config\Cache), false)
#11 /Applications/XAMPP/xamppfiles/htdocs/pmi-stok-darah/system/Boot.php(363): CodeIgniter\CodeIgniter->run()
#12 /Applications/XAMPP/xamppfiles/htdocs/pmi-stok-darah/system/Boot.php(68): CodeIgniter\Boot::runCodeIgniter(Object(CodeIgniter\CodeIgniter))
#13 /Applications/XAMPP/xamppfiles/htdocs/pmi-stok-darah/public/index.php(59): CodeIgniter\Boot::bootWeb(Object(Config\Paths))
#14 /Applications/XAMPP/xamppfiles/htdocs/pmi-stok-darah/system/rewrite.php(44): require_once('/Applications/X...')
#15 {main}
CRITICAL - 2025-11-29 09:17:48 --> CodeIgniter\Database\Exceptions\DatabaseException: Unknown column 'is_active' in 'where clause'
[Method: GET, Route: produsen]
in SYSTEMPATH/Database/BaseConnection.php on line 684.
 1 SYSTEMPATH/Database/BaseBuilder.php(1733): CodeIgniter\Database\BaseConnection->query('SELECT COUNT(*) AS `numrows`
FROM `produsen`
WHERE `is_active` = :is_active:', [...], false)
 2 SYSTEMPATH/Model.php(675): CodeIgniter\Database\BaseBuilder->countAllResults(false)
 3 SYSTEMPATH/BaseModel.php(1277): CodeIgniter\Model->countAllResults(false)
 4 APPPATH/Models/ProdusenModel.php(27): CodeIgniter\BaseModel->paginate(10)
 5 APPPATH/Controllers/Produsen.php(21): App\Models\ProdusenModel->getProdusen(null, 10)
 6 SYSTEMPATH/CodeIgniter.php(933): App\Controllers\Produsen->index()
 7 SYSTEMPATH/CodeIgniter.php(507): CodeIgniter\CodeIgniter->runController(Object(App\Controllers\Produsen))
 8 SYSTEMPATH/CodeIgniter.php(354): CodeIgniter\CodeIgniter->handleRequest(null, Object(Config\Cache), false)
 9 SYSTEMPATH/Boot.php(363): CodeIgniter\CodeIgniter->run()
10 SYSTEMPATH/Boot.php(68): CodeIgniter\Boot::runCodeIgniter(Object(CodeIgniter\CodeIgniter))
11 FCPATH/index.php(59): CodeIgniter\Boot::bootWeb(Object(Config\Paths))
12 SYSTEMPATH/rewrite.php(44): require_once('/Applications/XAMPP/xamppfiles/htdocs/pmi-stok-darah/public/index.php')
CRITICAL - 2025-11-29 09:17:48 --> [Caused by] CodeIgniter\Database\Exceptions\DatabaseException: Unknown column 'is_active' in 'where clause'
in SYSTEMPATH/Database/MySQLi/Connection.php on line 332.
 1 SYSTEMPATH/Database/BaseConnection.php(729): CodeIgniter\Database\MySQLi\Connection->execute('SELECT COUNT(*) AS `numrows`
FROM `produsen`
WHERE `is_active` = 1')
 2 SYSTEMPATH/Database/BaseConnection.php(646): CodeIgniter\Database\BaseConnection->simpleQuery('SELECT COUNT(*) AS `numrows`
FROM `produsen`
WHERE `is_active` = 1')
 3 SYSTEMPATH/Database/BaseBuilder.php(1733): CodeIgniter\Database\BaseConnection->query('SELECT COUNT(*) AS `numrows`
FROM `produsen`
WHERE `is_active` = :is_active:', [...], false)
 4 SYSTEMPATH/Model.php(675): CodeIgniter\Database\BaseBuilder->countAllResults(false)
 5 SYSTEMPATH/BaseModel.php(1277): CodeIgniter\Model->countAllResults(false)
 6 APPPATH/Models/ProdusenModel.php(27): CodeIgniter\BaseModel->paginate(10)
 7 APPPATH/Controllers/Produsen.php(21): App\Models\ProdusenModel->getProdusen(null, 10)
 8 SYSTEMPATH/CodeIgniter.php(933): App\Controllers\Produsen->index()
 9 SYSTEMPATH/CodeIgniter.php(507): CodeIgniter\CodeIgniter->runController(Object(App\Controllers\Produsen))
10 SYSTEMPATH/CodeIgniter.php(354): CodeIgniter\CodeIgniter->handleRequest(null, Object(Config\Cache), false)
11 SYSTEMPATH/Boot.php(363): CodeIgniter\CodeIgniter->run()
12 SYSTEMPATH/Boot.php(68): CodeIgniter\Boot::runCodeIgniter(Object(CodeIgniter\CodeIgniter))
13 FCPATH/index.php(59): CodeIgniter\Boot::bootWeb(Object(Config\Paths))
14 SYSTEMPATH/rewrite.php(44): require_once('/Applications/XAMPP/xamppfiles/htdocs/pmi-stok-darah/public/index.php')
CRITICAL - 2025-11-29 09:17:48 --> [Caused by] mysqli_sql_exception: Unknown column 'is_active' in 'where clause'
in SYSTEMPATH/Database/MySQLi/Connection.php on line 327.
 1 SYSTEMPATH/Database/MySQLi/Connection.php(327): mysqli->query('SELECT COUNT(*) AS `numrows`
FROM `produsen`
WHERE `is_active` = 1', 0)
 2 SYSTEMPATH/Database/BaseConnection.php(729): CodeIgniter\Database\MySQLi\Connection->execute('SELECT COUNT(*) AS `numrows`
FROM `produsen`
WHERE `is_active` = 1')
 3 SYSTEMPATH/Database/BaseConnection.php(646): CodeIgniter\Database\BaseConnection->simpleQuery('SELECT COUNT(*) AS `numrows`
FROM `produsen`
WHERE `is_active` = 1')
 4 SYSTEMPATH/Database/BaseBuilder.php(1733): CodeIgniter\Database\BaseConnection->query('SELECT COUNT(*) AS `numrows`
FROM `produsen`
WHERE `is_active` = :is_active:', [...], false)
 5 SYSTEMPATH/Model.php(675): CodeIgniter\Database\BaseBuilder->countAllResults(false)
 6 SYSTEMPATH/BaseModel.php(1277): CodeIgniter\Model->countAllResults(false)
 7 APPPATH/Models/ProdusenModel.php(27): CodeIgniter\BaseModel->paginate(10)
 8 APPPATH/Controllers/Produsen.php(21): App\Models\ProdusenModel->getProdusen(null, 10)
 9 SYSTEMPATH/CodeIgniter.php(933): App\Controllers\Produsen->index()
10 SYSTEMPATH/CodeIgniter.php(507): CodeIgniter\CodeIgniter->runController(Object(App\Controllers\Produsen))
11 SYSTEMPATH/CodeIgniter.php(354): CodeIgniter\CodeIgniter->handleRequest(null, Object(Config\Cache), false)
12 SYSTEMPATH/Boot.php(363): CodeIgniter\CodeIgniter->run()
13 SYSTEMPATH/Boot.php(68): CodeIgniter\Boot::runCodeIgniter(Object(CodeIgniter\CodeIgniter))
14 FCPATH/index.php(59): CodeIgniter\Boot::bootWeb(Object(Config\Paths))
15 SYSTEMPATH/rewrite.php(44): require_once('/Applications/XAMPP/xamppfiles/htdocs/pmi-stok-darah/public/index.php')
DEBUG - 2025-11-29 09:17:50 --> Session: Class initialized using 'CodeIgniter\Session\Handlers\FileHandler' driver.
ERROR - 2025-11-29 09:17:50 --> mysqli_sql_exception: Unknown column 'is_active' in 'where clause' in /Applications/XAMPP/xamppfiles/htdocs/pmi-stok-darah/system/Database/MySQLi/Connection.php:327
Stack trace:
#0 /Applications/XAMPP/xamppfiles/htdocs/pmi-stok-darah/system/Database/MySQLi/Connection.php(327): mysqli->query('SELECT COUNT(*)...', 0)
#1 /Applications/XAMPP/xamppfiles/htdocs/pmi-stok-darah/system/Database/BaseConnection.php(729): CodeIgniter\Database\MySQLi\Connection->execute('SELECT COUNT(*)...')
#2 /Applications/XAMPP/xamppfiles/htdocs/pmi-stok-darah/system/Database/BaseConnection.php(646): CodeIgniter\Database\BaseConnection->simpleQuery('SELECT COUNT(*)...')
#3 /Applications/XAMPP/xamppfiles/htdocs/pmi-stok-darah/system/Database/BaseBuilder.php(1733): CodeIgniter\Database\BaseConnection->query('SELECT COUNT(*)...', Array, false)
#4 /Applications/XAMPP/xamppfiles/htdocs/pmi-stok-darah/system/Model.php(675): CodeIgniter\Database\BaseBuilder->countAllResults(false)
#5 /Applications/XAMPP/xamppfiles/htdocs/pmi-stok-darah/system/BaseModel.php(1277): CodeIgniter\Model->countAllResults(false)
#6 /Applications/XAMPP/xamppfiles/htdocs/pmi-stok-darah/app/Models/ProdusenModel.php(27): CodeIgniter\BaseModel->paginate(10)
#7 /Applications/XAMPP/xamppfiles/htdocs/pmi-stok-darah/app/Controllers/Produsen.php(21): App\Models\ProdusenModel->getProdusen(NULL, 10)
#8 /Applications/XAMPP/xamppfiles/htdocs/pmi-stok-darah/system/CodeIgniter.php(933): App\Controllers\Produsen->index()
#9 /Applications/XAMPP/xamppfiles/htdocs/pmi-stok-darah/system/CodeIgniter.php(507): CodeIgniter\CodeIgniter->runController(Object(App\Controllers\Produsen))
#10 /Applications/XAMPP/xamppfiles/htdocs/pmi-stok-darah/system/CodeIgniter.php(354): CodeIgniter\CodeIgniter->handleRequest(NULL, Object(Config\Cache), false)
#11 /Applications/XAMPP/xamppfiles/htdocs/pmi-stok-darah/system/Boot.php(363): CodeIgniter\CodeIgniter->run()
#12 /Applications/XAMPP/xamppfiles/htdocs/pmi-stok-darah/system/Boot.php(68): CodeIgniter\Boot::runCodeIgniter(Object(CodeIgniter\CodeIgniter))
#13 /Applications/XAMPP/xamppfiles/htdocs/pmi-stok-darah/public/index.php(59): CodeIgniter\Boot::bootWeb(Object(Config\Paths))
#14 /Applications/XAMPP/xamppfiles/htdocs/pmi-stok-darah/system/rewrite.php(44): require_once('/Applications/X...')
#15 {main}
CRITICAL - 2025-11-29 09:17:50 --> CodeIgniter\Database\Exceptions\DatabaseException: Unknown column 'is_active' in 'where clause'
[Method: GET, Route: produsen]
in SYSTEMPATH/Database/BaseConnection.php on line 684.
 1 SYSTEMPATH/Database/BaseBuilder.php(1733): CodeIgniter\Database\BaseConnection->query('SELECT COUNT(*) AS `numrows`
FROM `produsen`
WHERE `is_active` = :is_active:', [...], false)
 2 SYSTEMPATH/Model.php(675): CodeIgniter\Database\BaseBuilder->countAllResults(false)
 3 SYSTEMPATH/BaseModel.php(1277): CodeIgniter\Model->countAllResults(false)
 4 APPPATH/Models/ProdusenModel.php(27): CodeIgniter\BaseModel->paginate(10)
 5 APPPATH/Controllers/Produsen.php(21): App\Models\ProdusenModel->getProdusen(null, 10)
 6 SYSTEMPATH/CodeIgniter.php(933): App\Controllers\Produsen->index()
 7 SYSTEMPATH/CodeIgniter.php(507): CodeIgniter\CodeIgniter->runController(Object(App\Controllers\Produsen))
 8 SYSTEMPATH/CodeIgniter.php(354): CodeIgniter\CodeIgniter->handleRequest(null, Object(Config\Cache), false)
 9 SYSTEMPATH/Boot.php(363): CodeIgniter\CodeIgniter->run()
10 SYSTEMPATH/Boot.php(68): CodeIgniter\Boot::runCodeIgniter(Object(CodeIgniter\CodeIgniter))
11 FCPATH/index.php(59): CodeIgniter\Boot::bootWeb(Object(Config\Paths))
12 SYSTEMPATH/rewrite.php(44): require_once('/Applications/XAMPP/xamppfiles/htdocs/pmi-stok-darah/public/index.php')
CRITICAL - 2025-11-29 09:17:50 --> [Caused by] CodeIgniter\Database\Exceptions\DatabaseException: Unknown column 'is_active' in 'where clause'
in SYSTEMPATH/Database/MySQLi/Connection.php on line 332.
 1 SYSTEMPATH/Database/BaseConnection.php(729): CodeIgniter\Database\MySQLi\Connection->execute('SELECT COUNT(*) AS `numrows`
FROM `produsen`
WHERE `is_active` = 1')
 2 SYSTEMPATH/Database/BaseConnection.php(646): CodeIgniter\Database\BaseConnection->simpleQuery('SELECT COUNT(*) AS `numrows`
FROM `produsen`
WHERE `is_active` = 1')
 3 SYSTEMPATH/Database/BaseBuilder.php(1733): CodeIgniter\Database\BaseConnection->query('SELECT COUNT(*) AS `numrows`
FROM `produsen`
WHERE `is_active` = :is_active:', [...], false)
 4 SYSTEMPATH/Model.php(675): CodeIgniter\Database\BaseBuilder->countAllResults(false)
 5 SYSTEMPATH/BaseModel.php(1277): CodeIgniter\Model->countAllResults(false)
 6 APPPATH/Models/ProdusenModel.php(27): CodeIgniter\BaseModel->paginate(10)
 7 APPPATH/Controllers/Produsen.php(21): App\Models\ProdusenModel->getProdusen(null, 10)
 8 SYSTEMPATH/CodeIgniter.php(933): App\Controllers\Produsen->index()
 9 SYSTEMPATH/CodeIgniter.php(507): CodeIgniter\CodeIgniter->runController(Object(App\Controllers\Produsen))
10 SYSTEMPATH/CodeIgniter.php(354): CodeIgniter\CodeIgniter->handleRequest(null, Object(Config\Cache), false)
11 SYSTEMPATH/Boot.php(363): CodeIgniter\CodeIgniter->run()
12 SYSTEMPATH/Boot.php(68): CodeIgniter\Boot::runCodeIgniter(Object(CodeIgniter\CodeIgniter))
13 FCPATH/index.php(59): CodeIgniter\Boot::bootWeb(Object(Config\Paths))
14 SYSTEMPATH/rewrite.php(44): require_once('/Applications/XAMPP/xamppfiles/htdocs/pmi-stok-darah/public/index.php')
CRITICAL - 2025-11-29 09:17:50 --> [Caused by] mysqli_sql_exception: Unknown column 'is_active' in 'where clause'
in SYSTEMPATH/Database/MySQLi/Connection.php on line 327.
 1 SYSTEMPATH/Database/MySQLi/Connection.php(327): mysqli->query('SELECT COUNT(*) AS `numrows`
FROM `produsen`
WHERE `is_active` = 1', 0)
 2 SYSTEMPATH/Database/BaseConnection.php(729): CodeIgniter\Database\MySQLi\Connection->execute('SELECT COUNT(*) AS `numrows`
FROM `produsen`
WHERE `is_active` = 1')
 3 SYSTEMPATH/Database/BaseConnection.php(646): CodeIgniter\Database\BaseConnection->simpleQuery('SELECT COUNT(*) AS `numrows`
FROM `produsen`
WHERE `is_active` = 1')
 4 SYSTEMPATH/Database/BaseBuilder.php(1733): CodeIgniter\Database\BaseConnection->query('SELECT COUNT(*) AS `numrows`
FROM `produsen`
WHERE `is_active` = :is_active:', [...], false)
 5 SYSTEMPATH/Model.php(675): CodeIgniter\Database\BaseBuilder->countAllResults(false)
 6 SYSTEMPATH/BaseModel.php(1277): CodeIgniter\Model->countAllResults(false)
 7 APPPATH/Models/ProdusenModel.php(27): CodeIgniter\BaseModel->paginate(10)
 8 APPPATH/Controllers/Produsen.php(21): App\Models\ProdusenModel->getProdusen(null, 10)
 9 SYSTEMPATH/CodeIgniter.php(933): App\Controllers\Produsen->index()
10 SYSTEMPATH/CodeIgniter.php(507): CodeIgniter\CodeIgniter->runController(Object(App\Controllers\Produsen))
11 SYSTEMPATH/CodeIgniter.php(354): CodeIgniter\CodeIgniter->handleRequest(null, Object(Config\Cache), false)
12 SYSTEMPATH/Boot.php(363): CodeIgniter\CodeIgniter->run()
13 SYSTEMPATH/Boot.php(68): CodeIgniter\Boot::runCodeIgniter(Object(CodeIgniter\CodeIgniter))
14 FCPATH/index.php(59): CodeIgniter\Boot::bootWeb(Object(Config\Paths))
15 SYSTEMPATH/rewrite.php(44): require_once('/Applications/XAMPP/xamppfiles/htdocs/pmi-stok-darah/public/index.php')
DEBUG - 2025-11-29 09:17:51 --> Session: Class initialized using 'CodeIgniter\Session\Handlers\FileHandler' driver.
ERROR - 2025-11-29 09:17:51 --> mysqli_sql_exception: Unknown column 'is_active' in 'where clause' in /Applications/XAMPP/xamppfiles/htdocs/pmi-stok-darah/system/Database/MySQLi/Connection.php:327
Stack trace:
#0 /Applications/XAMPP/xamppfiles/htdocs/pmi-stok-darah/system/Database/MySQLi/Connection.php(327): mysqli->query('SELECT COUNT(*)...', 0)
#1 /Applications/XAMPP/xamppfiles/htdocs/pmi-stok-darah/system/Database/BaseConnection.php(729): CodeIgniter\Database\MySQLi\Connection->execute('SELECT COUNT(*)...')
#2 /Applications/XAMPP/xamppfiles/htdocs/pmi-stok-darah/system/Database/BaseConnection.php(646): CodeIgniter\Database\BaseConnection->simpleQuery('SELECT COUNT(*)...')
#3 /Applications/XAMPP/xamppfiles/htdocs/pmi-stok-darah/system/Database/BaseBuilder.php(1733): CodeIgniter\Database\BaseConnection->query('SELECT COUNT(*)...', Array, false)
#4 /Applications/XAMPP/xamppfiles/htdocs/pmi-stok-darah/system/Model.php(675): CodeIgniter\Database\BaseBuilder->countAllResults(false)
#5 /Applications/XAMPP/xamppfiles/htdocs/pmi-stok-darah/system/BaseModel.php(1277): CodeIgniter\Model->countAllResults(false)
#6 /Applications/XAMPP/xamppfiles/htdocs/pmi-stok-darah/app/Models/ProdusenModel.php(27): CodeIgniter\BaseModel->paginate(10)
#7 /Applications/XAMPP/xamppfiles/htdocs/pmi-stok-darah/app/Controllers/Produsen.php(21): App\Models\ProdusenModel->getProdusen(NULL, 10)
#8 /Applications/XAMPP/xamppfiles/htdocs/pmi-stok-darah/system/CodeIgniter.php(933): App\Controllers\Produsen->index()
#9 /Applications/XAMPP/xamppfiles/htdocs/pmi-stok-darah/system/CodeIgniter.php(507): CodeIgniter\CodeIgniter->runController(Object(App\Controllers\Produsen))
#10 /Applications/XAMPP/xamppfiles/htdocs/pmi-stok-darah/system/CodeIgniter.php(354): CodeIgniter\CodeIgniter->handleRequest(NULL, Object(Config\Cache), false)
#11 /Applications/XAMPP/xamppfiles/htdocs/pmi-stok-darah/system/Boot.php(363): CodeIgniter\CodeIgniter->run()
#12 /Applications/XAMPP/xamppfiles/htdocs/pmi-stok-darah/system/Boot.php(68): CodeIgniter\Boot::runCodeIgniter(Object(CodeIgniter\CodeIgniter))
#13 /Applications/XAMPP/xamppfiles/htdocs/pmi-stok-darah/public/index.php(59): CodeIgniter\Boot::bootWeb(Object(Config\Paths))
#14 /Applications/XAMPP/xamppfiles/htdocs/pmi-stok-darah/system/rewrite.php(44): require_once('/Applications/X...')
#15 {main}
CRITICAL - 2025-11-29 09:17:51 --> CodeIgniter\Database\Exceptions\DatabaseException: Unknown column 'is_active' in 'where clause'
[Method: GET, Route: produsen]
in SYSTEMPATH/Database/BaseConnection.php on line 684.
 1 SYSTEMPATH/Database/BaseBuilder.php(1733): CodeIgniter\Database\BaseConnection->query('SELECT COUNT(*) AS `numrows`
FROM `produsen`
WHERE `is_active` = :is_active:', [...], false)
 2 SYSTEMPATH/Model.php(675): CodeIgniter\Database\BaseBuilder->countAllResults(false)
 3 SYSTEMPATH/BaseModel.php(1277): CodeIgniter\Model->countAllResults(false)
 4 APPPATH/Models/ProdusenModel.php(27): CodeIgniter\BaseModel->paginate(10)
 5 APPPATH/Controllers/Produsen.php(21): App\Models\ProdusenModel->getProdusen(null, 10)
 6 SYSTEMPATH/CodeIgniter.php(933): App\Controllers\Produsen->index()
 7 SYSTEMPATH/CodeIgniter.php(507): CodeIgniter\CodeIgniter->runController(Object(App\Controllers\Produsen))
 8 SYSTEMPATH/CodeIgniter.php(354): CodeIgniter\CodeIgniter->handleRequest(null, Object(Config\Cache), false)
 9 SYSTEMPATH/Boot.php(363): CodeIgniter\CodeIgniter->run()
10 SYSTEMPATH/Boot.php(68): CodeIgniter\Boot::runCodeIgniter(Object(CodeIgniter\CodeIgniter))
11 FCPATH/index.php(59): CodeIgniter\Boot::bootWeb(Object(Config\Paths))
12 SYSTEMPATH/rewrite.php(44): require_once('/Applications/XAMPP/xamppfiles/htdocs/pmi-stok-darah/public/index.php')
CRITICAL - 2025-11-29 09:17:51 --> [Caused by] CodeIgniter\Database\Exceptions\DatabaseException: Unknown column 'is_active' in 'where clause'
in SYSTEMPATH/Database/MySQLi/Connection.php on line 332.
 1 SYSTEMPATH/Database/BaseConnection.php(729): CodeIgniter\Database\MySQLi\Connection->execute('SELECT COUNT(*) AS `numrows`
FROM `produsen`
WHERE `is_active` = 1')
 2 SYSTEMPATH/Database/BaseConnection.php(646): CodeIgniter\Database\BaseConnection->simpleQuery('SELECT COUNT(*) AS `numrows`
FROM `produsen`
WHERE `is_active` = 1')
 3 SYSTEMPATH/Database/BaseBuilder.php(1733): CodeIgniter\Database\BaseConnection->query('SELECT COUNT(*) AS `numrows`
FROM `produsen`
WHERE `is_active` = :is_active:', [...], false)
 4 SYSTEMPATH/Model.php(675): CodeIgniter\Database\BaseBuilder->countAllResults(false)
 5 SYSTEMPATH/BaseModel.php(1277): CodeIgniter\Model->countAllResults(false)
 6 APPPATH/Models/ProdusenModel.php(27): CodeIgniter\BaseModel->paginate(10)
 7 APPPATH/Controllers/Produsen.php(21): App\Models\ProdusenModel->getProdusen(null, 10)
 8 SYSTEMPATH/CodeIgniter.php(933): App\Controllers\Produsen->index()
 9 SYSTEMPATH/CodeIgniter.php(507): CodeIgniter\CodeIgniter->runController(Object(App\Controllers\Produsen))
10 SYSTEMPATH/CodeIgniter.php(354): CodeIgniter\CodeIgniter->handleRequest(null, Object(Config\Cache), false)
11 SYSTEMPATH/Boot.php(363): CodeIgniter\CodeIgniter->run()
12 SYSTEMPATH/Boot.php(68): CodeIgniter\Boot::runCodeIgniter(Object(CodeIgniter\CodeIgniter))
13 FCPATH/index.php(59): CodeIgniter\Boot::bootWeb(Object(Config\Paths))
14 SYSTEMPATH/rewrite.php(44): require_once('/Applications/XAMPP/xamppfiles/htdocs/pmi-stok-darah/public/index.php')
CRITICAL - 2025-11-29 09:17:51 --> [Caused by] mysqli_sql_exception: Unknown column 'is_active' in 'where clause'
in SYSTEMPATH/Database/MySQLi/Connection.php on line 327.
 1 SYSTEMPATH/Database/MySQLi/Connection.php(327): mysqli->query('SELECT COUNT(*) AS `numrows`
FROM `produsen`
WHERE `is_active` = 1', 0)
 2 SYSTEMPATH/Database/BaseConnection.php(729): CodeIgniter\Database\MySQLi\Connection->execute('SELECT COUNT(*) AS `numrows`
FROM `produsen`
WHERE `is_active` = 1')
 3 SYSTEMPATH/Database/BaseConnection.php(646): CodeIgniter\Database\BaseConnection->simpleQuery('SELECT COUNT(*) AS `numrows`
FROM `produsen`
WHERE `is_active` = 1')
 4 SYSTEMPATH/Database/BaseBuilder.php(1733): CodeIgniter\Database\BaseConnection->query('SELECT COUNT(*) AS `numrows`
FROM `produsen`
WHERE `is_active` = :is_active:', [...], false)
 5 SYSTEMPATH/Model.php(675): CodeIgniter\Database\BaseBuilder->countAllResults(false)
 6 SYSTEMPATH/BaseModel.php(1277): CodeIgniter\Model->countAllResults(false)
 7 APPPATH/Models/ProdusenModel.php(27): CodeIgniter\BaseModel->paginate(10)
 8 APPPATH/Controllers/Produsen.php(21): App\Models\ProdusenModel->getProdusen(null, 10)
 9 SYSTEMPATH/CodeIgniter.php(933): App\Controllers\Produsen->index()
10 SYSTEMPATH/CodeIgniter.php(507): CodeIgniter\CodeIgniter->runController(Object(App\Controllers\Produsen))
11 SYSTEMPATH/CodeIgniter.php(354): CodeIgniter\CodeIgniter->handleRequest(null, Object(Config\Cache), false)
12 SYSTEMPATH/Boot.php(363): CodeIgniter\CodeIgniter->run()
13 SYSTEMPATH/Boot.php(68): CodeIgniter\Boot::runCodeIgniter(Object(CodeIgniter\CodeIgniter))
14 FCPATH/index.php(59): CodeIgniter\Boot::bootWeb(Object(Config\Paths))
15 SYSTEMPATH/rewrite.php(44): require_once('/Applications/XAMPP/xamppfiles/htdocs/pmi-stok-darah/public/index.php')
DEBUG - 2025-11-29 09:17:51 --> Session: Class initialized using 'CodeIgniter\Session\Handlers\FileHandler' driver.
ERROR - 2025-11-29 09:17:51 --> mysqli_sql_exception: Unknown column 'is_active' in 'where clause' in /Applications/XAMPP/xamppfiles/htdocs/pmi-stok-darah/system/Database/MySQLi/Connection.php:327
Stack trace:
#0 /Applications/XAMPP/xamppfiles/htdocs/pmi-stok-darah/system/Database/MySQLi/Connection.php(327): mysqli->query('SELECT COUNT(*)...', 0)
#1 /Applications/XAMPP/xamppfiles/htdocs/pmi-stok-darah/system/Database/BaseConnection.php(729): CodeIgniter\Database\MySQLi\Connection->execute('SELECT COUNT(*)...')
#2 /Applications/XAMPP/xamppfiles/htdocs/pmi-stok-darah/system/Database/BaseConnection.php(646): CodeIgniter\Database\BaseConnection->simpleQuery('SELECT COUNT(*)...')
#3 /Applications/XAMPP/xamppfiles/htdocs/pmi-stok-darah/system/Database/BaseBuilder.php(1733): CodeIgniter\Database\BaseConnection->query('SELECT COUNT(*)...', Array, false)
#4 /Applications/XAMPP/xamppfiles/htdocs/pmi-stok-darah/system/Model.php(675): CodeIgniter\Database\BaseBuilder->countAllResults(false)
#5 /Applications/XAMPP/xamppfiles/htdocs/pmi-stok-darah/system/BaseModel.php(1277): CodeIgniter\Model->countAllResults(false)
#6 /Applications/XAMPP/xamppfiles/htdocs/pmi-stok-darah/app/Models/ProdusenModel.php(27): CodeIgniter\BaseModel->paginate(10)
#7 /Applications/XAMPP/xamppfiles/htdocs/pmi-stok-darah/app/Controllers/Produsen.php(21): App\Models\ProdusenModel->getProdusen(NULL, 10)
#8 /Applications/XAMPP/xamppfiles/htdocs/pmi-stok-darah/system/CodeIgniter.php(933): App\Controllers\Produsen->index()
#9 /Applications/XAMPP/xamppfiles/htdocs/pmi-stok-darah/system/CodeIgniter.php(507): CodeIgniter\CodeIgniter->runController(Object(App\Controllers\Produsen))
#10 /Applications/XAMPP/xamppfiles/htdocs/pmi-stok-darah/system/CodeIgniter.php(354): CodeIgniter\CodeIgniter->handleRequest(NULL, Object(Config\Cache), false)
#11 /Applications/XAMPP/xamppfiles/htdocs/pmi-stok-darah/system/Boot.php(363): CodeIgniter\CodeIgniter->run()
#12 /Applications/XAMPP/xamppfiles/htdocs/pmi-stok-darah/system/Boot.php(68): CodeIgniter\Boot::runCodeIgniter(Object(CodeIgniter\CodeIgniter))
#13 /Applications/XAMPP/xamppfiles/htdocs/pmi-stok-darah/public/index.php(59): CodeIgniter\Boot::bootWeb(Object(Config\Paths))
#14 /Applications/XAMPP/xamppfiles/htdocs/pmi-stok-darah/system/rewrite.php(44): require_once('/Applications/X...')
#15 {main}
CRITICAL - 2025-11-29 09:17:51 --> CodeIgniter\Database\Exceptions\DatabaseException: Unknown column 'is_active' in 'where clause'
[Method: GET, Route: produsen]
in SYSTEMPATH/Database/BaseConnection.php on line 684.
 1 SYSTEMPATH/Database/BaseBuilder.php(1733): CodeIgniter\Database\BaseConnection->query('SELECT COUNT(*) AS `numrows`
FROM `produsen`
WHERE `is_active` = :is_active:', [...], false)
 2 SYSTEMPATH/Model.php(675): CodeIgniter\Database\BaseBuilder->countAllResults(false)
 3 SYSTEMPATH/BaseModel.php(1277): CodeIgniter\Model->countAllResults(false)
 4 APPPATH/Models/ProdusenModel.php(27): CodeIgniter\BaseModel->paginate(10)
 5 APPPATH/Controllers/Produsen.php(21): App\Models\ProdusenModel->getProdusen(null, 10)
 6 SYSTEMPATH/CodeIgniter.php(933): App\Controllers\Produsen->index()
 7 SYSTEMPATH/CodeIgniter.php(507): CodeIgniter\CodeIgniter->runController(Object(App\Controllers\Produsen))
 8 SYSTEMPATH/CodeIgniter.php(354): CodeIgniter\CodeIgniter->handleRequest(null, Object(Config\Cache), false)
 9 SYSTEMPATH/Boot.php(363): CodeIgniter\CodeIgniter->run()
10 SYSTEMPATH/Boot.php(68): CodeIgniter\Boot::runCodeIgniter(Object(CodeIgniter\CodeIgniter))
11 FCPATH/index.php(59): CodeIgniter\Boot::bootWeb(Object(Config\Paths))
12 SYSTEMPATH/rewrite.php(44): require_once('/Applications/XAMPP/xamppfiles/htdocs/pmi-stok-darah/public/index.php')
CRITICAL - 2025-11-29 09:17:51 --> [Caused by] CodeIgniter\Database\Exceptions\DatabaseException: Unknown column 'is_active' in 'where clause'
in SYSTEMPATH/Database/MySQLi/Connection.php on line 332.
 1 SYSTEMPATH/Database/BaseConnection.php(729): CodeIgniter\Database\MySQLi\Connection->execute('SELECT COUNT(*) AS `numrows`
FROM `produsen`
WHERE `is_active` = 1')
 2 SYSTEMPATH/Database/BaseConnection.php(646): CodeIgniter\Database\BaseConnection->simpleQuery('SELECT COUNT(*) AS `numrows`
FROM `produsen`
WHERE `is_active` = 1')
 3 SYSTEMPATH/Database/BaseBuilder.php(1733): CodeIgniter\Database\BaseConnection->query('SELECT COUNT(*) AS `numrows`
FROM `produsen`
WHERE `is_active` = :is_active:', [...], false)
 4 SYSTEMPATH/Model.php(675): CodeIgniter\Database\BaseBuilder->countAllResults(false)
 5 SYSTEMPATH/BaseModel.php(1277): CodeIgniter\Model->countAllResults(false)
 6 APPPATH/Models/ProdusenModel.php(27): CodeIgniter\BaseModel->paginate(10)
 7 APPPATH/Controllers/Produsen.php(21): App\Models\ProdusenModel->getProdusen(null, 10)
 8 SYSTEMPATH/CodeIgniter.php(933): App\Controllers\Produsen->index()
 9 SYSTEMPATH/CodeIgniter.php(507): CodeIgniter\CodeIgniter->runController(Object(App\Controllers\Produsen))
10 SYSTEMPATH/CodeIgniter.php(354): CodeIgniter\CodeIgniter->handleRequest(null, Object(Config\Cache), false)
11 SYSTEMPATH/Boot.php(363): CodeIgniter\CodeIgniter->run()
12 SYSTEMPATH/Boot.php(68): CodeIgniter\Boot::runCodeIgniter(Object(CodeIgniter\CodeIgniter))
13 FCPATH/index.php(59): CodeIgniter\Boot::bootWeb(Object(Config\Paths))
14 SYSTEMPATH/rewrite.php(44): require_once('/Applications/XAMPP/xamppfiles/htdocs/pmi-stok-darah/public/index.php')
CRITICAL - 2025-11-29 09:17:51 --> [Caused by] mysqli_sql_exception: Unknown column 'is_active' in 'where clause'
in SYSTEMPATH/Database/MySQLi/Connection.php on line 327.
 1 SYSTEMPATH/Database/MySQLi/Connection.php(327): mysqli->query('SELECT COUNT(*) AS `numrows`
FROM `produsen`
WHERE `is_active` = 1', 0)
 2 SYSTEMPATH/Database/BaseConnection.php(729): CodeIgniter\Database\MySQLi\Connection->execute('SELECT COUNT(*) AS `numrows`
FROM `produsen`
WHERE `is_active` = 1')
 3 SYSTEMPATH/Database/BaseConnection.php(646): CodeIgniter\Database\BaseConnection->simpleQuery('SELECT COUNT(*) AS `numrows`
FROM `produsen`
WHERE `is_active` = 1')
 4 SYSTEMPATH/Database/BaseBuilder.php(1733): CodeIgniter\Database\BaseConnection->query('SELECT COUNT(*) AS `numrows`
FROM `produsen`
WHERE `is_active` = :is_active:', [...], false)
 5 SYSTEMPATH/Model.php(675): CodeIgniter\Database\BaseBuilder->countAllResults(false)
 6 SYSTEMPATH/BaseModel.php(1277): CodeIgniter\Model->countAllResults(false)
 7 APPPATH/Models/ProdusenModel.php(27): CodeIgniter\BaseModel->paginate(10)
 8 APPPATH/Controllers/Produsen.php(21): App\Models\ProdusenModel->getProdusen(null, 10)
 9 SYSTEMPATH/CodeIgniter.php(933): App\Controllers\Produsen->index()
10 SYSTEMPATH/CodeIgniter.php(507): CodeIgniter\CodeIgniter->runController(Object(App\Controllers\Produsen))
11 SYSTEMPATH/CodeIgniter.php(354): CodeIgniter\CodeIgniter->handleRequest(null, Object(Config\Cache), false)
12 SYSTEMPATH/Boot.php(363): CodeIgniter\CodeIgniter->run()
13 SYSTEMPATH/Boot.php(68): CodeIgniter\Boot::runCodeIgniter(Object(CodeIgniter\CodeIgniter))
14 FCPATH/index.php(59): CodeIgniter\Boot::bootWeb(Object(Config\Paths))
15 SYSTEMPATH/rewrite.php(44): require_once('/Applications/XAMPP/xamppfiles/htdocs/pmi-stok-darah/public/index.php')
DEBUG - 2025-11-29 09:17:51 --> Session: Class initialized using 'CodeIgniter\Session\Handlers\FileHandler' driver.
ERROR - 2025-11-29 09:17:51 --> mysqli_sql_exception: Unknown column 'is_active' in 'where clause' in /Applications/XAMPP/xamppfiles/htdocs/pmi-stok-darah/system/Database/MySQLi/Connection.php:327
Stack trace:
#0 /Applications/XAMPP/xamppfiles/htdocs/pmi-stok-darah/system/Database/MySQLi/Connection.php(327): mysqli->query('SELECT COUNT(*)...', 0)
#1 /Applications/XAMPP/xamppfiles/htdocs/pmi-stok-darah/system/Database/BaseConnection.php(729): CodeIgniter\Database\MySQLi\Connection->execute('SELECT COUNT(*)...')
#2 /Applications/XAMPP/xamppfiles/htdocs/pmi-stok-darah/system/Database/BaseConnection.php(646): CodeIgniter\Database\BaseConnection->simpleQuery('SELECT COUNT(*)...')
#3 /Applications/XAMPP/xamppfiles/htdocs/pmi-stok-darah/system/Database/BaseBuilder.php(1733): CodeIgniter\Database\BaseConnection->query('SELECT COUNT(*)...', Array, false)
#4 /Applications/XAMPP/xamppfiles/htdocs/pmi-stok-darah/system/Model.php(675): CodeIgniter\Database\BaseBuilder->countAllResults(false)
#5 /Applications/XAMPP/xamppfiles/htdocs/pmi-stok-darah/system/BaseModel.php(1277): CodeIgniter\Model->countAllResults(false)
#6 /Applications/XAMPP/xamppfiles/htdocs/pmi-stok-darah/app/Models/ProdusenModel.php(27): CodeIgniter\BaseModel->paginate(10)
#7 /Applications/XAMPP/xamppfiles/htdocs/pmi-stok-darah/app/Controllers/Produsen.php(21): App\Models\ProdusenModel->getProdusen(NULL, 10)
#8 /Applications/XAMPP/xamppfiles/htdocs/pmi-stok-darah/system/CodeIgniter.php(933): App\Controllers\Produsen->index()
#9 /Applications/XAMPP/xamppfiles/htdocs/pmi-stok-darah/system/CodeIgniter.php(507): CodeIgniter\CodeIgniter->runController(Object(App\Controllers\Produsen))
#10 /Applications/XAMPP/xamppfiles/htdocs/pmi-stok-darah/system/CodeIgniter.php(354): CodeIgniter\CodeIgniter->handleRequest(NULL, Object(Config\Cache), false)
#11 /Applications/XAMPP/xamppfiles/htdocs/pmi-stok-darah/system/Boot.php(363): CodeIgniter\CodeIgniter->run()
#12 /Applications/XAMPP/xamppfiles/htdocs/pmi-stok-darah/system/Boot.php(68): CodeIgniter\Boot::runCodeIgniter(Object(CodeIgniter\CodeIgniter))
#13 /Applications/XAMPP/xamppfiles/htdocs/pmi-stok-darah/public/index.php(59): CodeIgniter\Boot::bootWeb(Object(Config\Paths))
#14 /Applications/XAMPP/xamppfiles/htdocs/pmi-stok-darah/system/rewrite.php(44): require_once('/Applications/X...')
#15 {main}
CRITICAL - 2025-11-29 09:17:51 --> CodeIgniter\Database\Exceptions\DatabaseException: Unknown column 'is_active' in 'where clause'
[Method: GET, Route: produsen]
in SYSTEMPATH/Database/BaseConnection.php on line 684.
 1 SYSTEMPATH/Database/BaseBuilder.php(1733): CodeIgniter\Database\BaseConnection->query('SELECT COUNT(*) AS `numrows`
FROM `produsen`
WHERE `is_active` = :is_active:', [...], false)
 2 SYSTEMPATH/Model.php(675): CodeIgniter\Database\BaseBuilder->countAllResults(false)
 3 SYSTEMPATH/BaseModel.php(1277): CodeIgniter\Model->countAllResults(false)
 4 APPPATH/Models/ProdusenModel.php(27): CodeIgniter\BaseModel->paginate(10)
 5 APPPATH/Controllers/Produsen.php(21): App\Models\ProdusenModel->getProdusen(null, 10)
 6 SYSTEMPATH/CodeIgniter.php(933): App\Controllers\Produsen->index()
 7 SYSTEMPATH/CodeIgniter.php(507): CodeIgniter\CodeIgniter->runController(Object(App\Controllers\Produsen))
 8 SYSTEMPATH/CodeIgniter.php(354): CodeIgniter\CodeIgniter->handleRequest(null, Object(Config\Cache), false)
 9 SYSTEMPATH/Boot.php(363): CodeIgniter\CodeIgniter->run()
10 SYSTEMPATH/Boot.php(68): CodeIgniter\Boot::runCodeIgniter(Object(CodeIgniter\CodeIgniter))
11 FCPATH/index.php(59): CodeIgniter\Boot::bootWeb(Object(Config\Paths))
12 SYSTEMPATH/rewrite.php(44): require_once('/Applications/XAMPP/xamppfiles/htdocs/pmi-stok-darah/public/index.php')
CRITICAL - 2025-11-29 09:17:51 --> [Caused by] CodeIgniter\Database\Exceptions\DatabaseException: Unknown column 'is_active' in 'where clause'
in SYSTEMPATH/Database/MySQLi/Connection.php on line 332.
 1 SYSTEMPATH/Database/BaseConnection.php(729): CodeIgniter\Database\MySQLi\Connection->execute('SELECT COUNT(*) AS `numrows`
FROM `produsen`
WHERE `is_active` = 1')
 2 SYSTEMPATH/Database/BaseConnection.php(646): CodeIgniter\Database\BaseConnection->simpleQuery('SELECT COUNT(*) AS `numrows`
FROM `produsen`
WHERE `is_active` = 1')
 3 SYSTEMPATH/Database/BaseBuilder.php(1733): CodeIgniter\Database\BaseConnection->query('SELECT COUNT(*) AS `numrows`
FROM `produsen`
WHERE `is_active` = :is_active:', [...], false)
 4 SYSTEMPATH/Model.php(675): CodeIgniter\Database\BaseBuilder->countAllResults(false)
 5 SYSTEMPATH/BaseModel.php(1277): CodeIgniter\Model->countAllResults(false)
 6 APPPATH/Models/ProdusenModel.php(27): CodeIgniter\BaseModel->paginate(10)
 7 APPPATH/Controllers/Produsen.php(21): App\Models\ProdusenModel->getProdusen(null, 10)
 8 SYSTEMPATH/CodeIgniter.php(933): App\Controllers\Produsen->index()
 9 SYSTEMPATH/CodeIgniter.php(507): CodeIgniter\CodeIgniter->runController(Object(App\Controllers\Produsen))
10 SYSTEMPATH/CodeIgniter.php(354): CodeIgniter\CodeIgniter->handleRequest(null, Object(Config\Cache), false)
11 SYSTEMPATH/Boot.php(363): CodeIgniter\CodeIgniter->run()
12 SYSTEMPATH/Boot.php(68): CodeIgniter\Boot::runCodeIgniter(Object(CodeIgniter\CodeIgniter))
13 FCPATH/index.php(59): CodeIgniter\Boot::bootWeb(Object(Config\Paths))
14 SYSTEMPATH/rewrite.php(44): require_once('/Applications/XAMPP/xamppfiles/htdocs/pmi-stok-darah/public/index.php')
CRITICAL - 2025-11-29 09:17:51 --> [Caused by] mysqli_sql_exception: Unknown column 'is_active' in 'where clause'
in SYSTEMPATH/Database/MySQLi/Connection.php on line 327.
 1 SYSTEMPATH/Database/MySQLi/Connection.php(327): mysqli->query('SELECT COUNT(*) AS `numrows`
FROM `produsen`
WHERE `is_active` = 1', 0)
 2 SYSTEMPATH/Database/BaseConnection.php(729): CodeIgniter\Database\MySQLi\Connection->execute('SELECT COUNT(*) AS `numrows`
FROM `produsen`
WHERE `is_active` = 1')
 3 SYSTEMPATH/Database/BaseConnection.php(646): CodeIgniter\Database\BaseConnection->simpleQuery('SELECT COUNT(*) AS `numrows`
FROM `produsen`
WHERE `is_active` = 1')
 4 SYSTEMPATH/Database/BaseBuilder.php(1733): CodeIgniter\Database\BaseConnection->query('SELECT COUNT(*) AS `numrows`
FROM `produsen`
WHERE `is_active` = :is_active:', [...], false)
 5 SYSTEMPATH/Model.php(675): CodeIgniter\Database\BaseBuilder->countAllResults(false)
 6 SYSTEMPATH/BaseModel.php(1277): CodeIgniter\Model->countAllResults(false)
 7 APPPATH/Models/ProdusenModel.php(27): CodeIgniter\BaseModel->paginate(10)
 8 APPPATH/Controllers/Produsen.php(21): App\Models\ProdusenModel->getProdusen(null, 10)
 9 SYSTEMPATH/CodeIgniter.php(933): App\Controllers\Produsen->index()
10 SYSTEMPATH/CodeIgniter.php(507): CodeIgniter\CodeIgniter->runController(Object(App\Controllers\Produsen))
11 SYSTEMPATH/CodeIgniter.php(354): CodeIgniter\CodeIgniter->handleRequest(null, Object(Config\Cache), false)
12 SYSTEMPATH/Boot.php(363): CodeIgniter\CodeIgniter->run()
13 SYSTEMPATH/Boot.php(68): CodeIgniter\Boot::runCodeIgniter(Object(CodeIgniter\CodeIgniter))
14 FCPATH/index.php(59): CodeIgniter\Boot::bootWeb(Object(Config\Paths))
15 SYSTEMPATH/rewrite.php(44): require_once('/Applications/XAMPP/xamppfiles/htdocs/pmi-stok-darah/public/index.php')
DEBUG - 2025-11-29 09:17:51 --> Session: Class initialized using 'CodeIgniter\Session\Handlers\FileHandler' driver.
ERROR - 2025-11-29 09:17:51 --> mysqli_sql_exception: Unknown column 'is_active' in 'where clause' in /Applications/XAMPP/xamppfiles/htdocs/pmi-stok-darah/system/Database/MySQLi/Connection.php:327
Stack trace:
#0 /Applications/XAMPP/xamppfiles/htdocs/pmi-stok-darah/system/Database/MySQLi/Connection.php(327): mysqli->query('SELECT COUNT(*)...', 0)
#1 /Applications/XAMPP/xamppfiles/htdocs/pmi-stok-darah/system/Database/BaseConnection.php(729): CodeIgniter\Database\MySQLi\Connection->execute('SELECT COUNT(*)...')
#2 /Applications/XAMPP/xamppfiles/htdocs/pmi-stok-darah/system/Database/BaseConnection.php(646): CodeIgniter\Database\BaseConnection->simpleQuery('SELECT COUNT(*)...')
#3 /Applications/XAMPP/xamppfiles/htdocs/pmi-stok-darah/system/Database/BaseBuilder.php(1733): CodeIgniter\Database\BaseConnection->query('SELECT COUNT(*)...', Array, false)
#4 /Applications/XAMPP/xamppfiles/htdocs/pmi-stok-darah/system/Model.php(675): CodeIgniter\Database\BaseBuilder->countAllResults(false)
#5 /Applications/XAMPP/xamppfiles/htdocs/pmi-stok-darah/system/BaseModel.php(1277): CodeIgniter\Model->countAllResults(false)
#6 /Applications/XAMPP/xamppfiles/htdocs/pmi-stok-darah/app/Models/ProdusenModel.php(27): CodeIgniter\BaseModel->paginate(10)
#7 /Applications/XAMPP/xamppfiles/htdocs/pmi-stok-darah/app/Controllers/Produsen.php(21): App\Models\ProdusenModel->getProdusen(NULL, 10)
#8 /Applications/XAMPP/xamppfiles/htdocs/pmi-stok-darah/system/CodeIgniter.php(933): App\Controllers\Produsen->index()
#9 /Applications/XAMPP/xamppfiles/htdocs/pmi-stok-darah/system/CodeIgniter.php(507): CodeIgniter\CodeIgniter->runController(Object(App\Controllers\Produsen))
#10 /Applications/XAMPP/xamppfiles/htdocs/pmi-stok-darah/system/CodeIgniter.php(354): CodeIgniter\CodeIgniter->handleRequest(NULL, Object(Config\Cache), false)
#11 /Applications/XAMPP/xamppfiles/htdocs/pmi-stok-darah/system/Boot.php(363): CodeIgniter\CodeIgniter->run()
#12 /Applications/XAMPP/xamppfiles/htdocs/pmi-stok-darah/system/Boot.php(68): CodeIgniter\Boot::runCodeIgniter(Object(CodeIgniter\CodeIgniter))
#13 /Applications/XAMPP/xamppfiles/htdocs/pmi-stok-darah/public/index.php(59): CodeIgniter\Boot::bootWeb(Object(Config\Paths))
#14 /Applications/XAMPP/xamppfiles/htdocs/pmi-stok-darah/system/rewrite.php(44): require_once('/Applications/X...')
#15 {main}
CRITICAL - 2025-11-29 09:17:51 --> CodeIgniter\Database\Exceptions\DatabaseException: Unknown column 'is_active' in 'where clause'
[Method: GET, Route: produsen]
in SYSTEMPATH/Database/BaseConnection.php on line 684.
 1 SYSTEMPATH/Database/BaseBuilder.php(1733): CodeIgniter\Database\BaseConnection->query('SELECT COUNT(*) AS `numrows`
FROM `produsen`
WHERE `is_active` = :is_active:', [...], false)
 2 SYSTEMPATH/Model.php(675): CodeIgniter\Database\BaseBuilder->countAllResults(false)
 3 SYSTEMPATH/BaseModel.php(1277): CodeIgniter\Model->countAllResults(false)
 4 APPPATH/Models/ProdusenModel.php(27): CodeIgniter\BaseModel->paginate(10)
 5 APPPATH/Controllers/Produsen.php(21): App\Models\ProdusenModel->getProdusen(null, 10)
 6 SYSTEMPATH/CodeIgniter.php(933): App\Controllers\Produsen->index()
 7 SYSTEMPATH/CodeIgniter.php(507): CodeIgniter\CodeIgniter->runController(Object(App\Controllers\Produsen))
 8 SYSTEMPATH/CodeIgniter.php(354): CodeIgniter\CodeIgniter->handleRequest(null, Object(Config\Cache), false)
 9 SYSTEMPATH/Boot.php(363): CodeIgniter\CodeIgniter->run()
10 SYSTEMPATH/Boot.php(68): CodeIgniter\Boot::runCodeIgniter(Object(CodeIgniter\CodeIgniter))
11 FCPATH/index.php(59): CodeIgniter\Boot::bootWeb(Object(Config\Paths))
12 SYSTEMPATH/rewrite.php(44): require_once('/Applications/XAMPP/xamppfiles/htdocs/pmi-stok-darah/public/index.php')
CRITICAL - 2025-11-29 09:17:51 --> [Caused by] CodeIgniter\Database\Exceptions\DatabaseException: Unknown column 'is_active' in 'where clause'
in SYSTEMPATH/Database/MySQLi/Connection.php on line 332.
 1 SYSTEMPATH/Database/BaseConnection.php(729): CodeIgniter\Database\MySQLi\Connection->execute('SELECT COUNT(*) AS `numrows`
FROM `produsen`
WHERE `is_active` = 1')
 2 SYSTEMPATH/Database/BaseConnection.php(646): CodeIgniter\Database\BaseConnection->simpleQuery('SELECT COUNT(*) AS `numrows`
FROM `produsen`
WHERE `is_active` = 1')
 3 SYSTEMPATH/Database/BaseBuilder.php(1733): CodeIgniter\Database\BaseConnection->query('SELECT COUNT(*) AS `numrows`
FROM `produsen`
WHERE `is_active` = :is_active:', [...], false)
 4 SYSTEMPATH/Model.php(675): CodeIgniter\Database\BaseBuilder->countAllResults(false)
 5 SYSTEMPATH/BaseModel.php(1277): CodeIgniter\Model->countAllResults(false)
 6 APPPATH/Models/ProdusenModel.php(27): CodeIgniter\BaseModel->paginate(10)
 7 APPPATH/Controllers/Produsen.php(21): App\Models\ProdusenModel->getProdusen(null, 10)
 8 SYSTEMPATH/CodeIgniter.php(933): App\Controllers\Produsen->index()
 9 SYSTEMPATH/CodeIgniter.php(507): CodeIgniter\CodeIgniter->runController(Object(App\Controllers\Produsen))
10 SYSTEMPATH/CodeIgniter.php(354): CodeIgniter\CodeIgniter->handleRequest(null, Object(Config\Cache), false)
11 SYSTEMPATH/Boot.php(363): CodeIgniter\CodeIgniter->run()
12 SYSTEMPATH/Boot.php(68): CodeIgniter\Boot::runCodeIgniter(Object(CodeIgniter\CodeIgniter))
13 FCPATH/index.php(59): CodeIgniter\Boot::bootWeb(Object(Config\Paths))
14 SYSTEMPATH/rewrite.php(44): require_once('/Applications/XAMPP/xamppfiles/htdocs/pmi-stok-darah/public/index.php')
CRITICAL - 2025-11-29 09:17:51 --> [Caused by] mysqli_sql_exception: Unknown column 'is_active' in 'where clause'
in SYSTEMPATH/Database/MySQLi/Connection.php on line 327.
 1 SYSTEMPATH/Database/MySQLi/Connection.php(327): mysqli->query('SELECT COUNT(*) AS `numrows`
FROM `produsen`
WHERE `is_active` = 1', 0)
 2 SYSTEMPATH/Database/BaseConnection.php(729): CodeIgniter\Database\MySQLi\Connection->execute('SELECT COUNT(*) AS `numrows`
FROM `produsen`
WHERE `is_active` = 1')
 3 SYSTEMPATH/Database/BaseConnection.php(646): CodeIgniter\Database\BaseConnection->simpleQuery('SELECT COUNT(*) AS `numrows`
FROM `produsen`
WHERE `is_active` = 1')
 4 SYSTEMPATH/Database/BaseBuilder.php(1733): CodeIgniter\Database\BaseConnection->query('SELECT COUNT(*) AS `numrows`
FROM `produsen`
WHERE `is_active` = :is_active:', [...], false)
 5 SYSTEMPATH/Model.php(675): CodeIgniter\Database\BaseBuilder->countAllResults(false)
 6 SYSTEMPATH/BaseModel.php(1277): CodeIgniter\Model->countAllResults(false)
 7 APPPATH/Models/ProdusenModel.php(27): CodeIgniter\BaseModel->paginate(10)
 8 APPPATH/Controllers/Produsen.php(21): App\Models\ProdusenModel->getProdusen(null, 10)
 9 SYSTEMPATH/CodeIgniter.php(933): App\Controllers\Produsen->index()
10 SYSTEMPATH/CodeIgniter.php(507): CodeIgniter\CodeIgniter->runController(Object(App\Controllers\Produsen))
11 SYSTEMPATH/CodeIgniter.php(354): CodeIgniter\CodeIgniter->handleRequest(null, Object(Config\Cache), false)
12 SYSTEMPATH/Boot.php(363): CodeIgniter\CodeIgniter->run()
13 SYSTEMPATH/Boot.php(68): CodeIgniter\Boot::runCodeIgniter(Object(CodeIgniter\CodeIgniter))
14 FCPATH/index.php(59): CodeIgniter\Boot::bootWeb(Object(Config\Paths))
15 SYSTEMPATH/rewrite.php(44): require_once('/Applications/XAMPP/xamppfiles/htdocs/pmi-stok-darah/public/index.php')
DEBUG - 2025-11-29 09:17:51 --> Session: Class initialized using 'CodeIgniter\Session\Handlers\FileHandler' driver.
ERROR - 2025-11-29 09:17:51 --> mysqli_sql_exception: Unknown column 'is_active' in 'where clause' in /Applications/XAMPP/xamppfiles/htdocs/pmi-stok-darah/system/Database/MySQLi/Connection.php:327
Stack trace:
#0 /Applications/XAMPP/xamppfiles/htdocs/pmi-stok-darah/system/Database/MySQLi/Connection.php(327): mysqli->query('SELECT COUNT(*)...', 0)
#1 /Applications/XAMPP/xamppfiles/htdocs/pmi-stok-darah/system/Database/BaseConnection.php(729): CodeIgniter\Database\MySQLi\Connection->execute('SELECT COUNT(*)...')
#2 /Applications/XAMPP/xamppfiles/htdocs/pmi-stok-darah/system/Database/BaseConnection.php(646): CodeIgniter\Database\BaseConnection->simpleQuery('SELECT COUNT(*)...')
#3 /Applications/XAMPP/xamppfiles/htdocs/pmi-stok-darah/system/Database/BaseBuilder.php(1733): CodeIgniter\Database\BaseConnection->query('SELECT COUNT(*)...', Array, false)
#4 /Applications/XAMPP/xamppfiles/htdocs/pmi-stok-darah/system/Model.php(675): CodeIgniter\Database\BaseBuilder->countAllResults(false)
#5 /Applications/XAMPP/xamppfiles/htdocs/pmi-stok-darah/system/BaseModel.php(1277): CodeIgniter\Model->countAllResults(false)
#6 /Applications/XAMPP/xamppfiles/htdocs/pmi-stok-darah/app/Models/ProdusenModel.php(27): CodeIgniter\BaseModel->paginate(10)
#7 /Applications/XAMPP/xamppfiles/htdocs/pmi-stok-darah/app/Controllers/Produsen.php(21): App\Models\ProdusenModel->getProdusen(NULL, 10)
#8 /Applications/XAMPP/xamppfiles/htdocs/pmi-stok-darah/system/CodeIgniter.php(933): App\Controllers\Produsen->index()
#9 /Applications/XAMPP/xamppfiles/htdocs/pmi-stok-darah/system/CodeIgniter.php(507): CodeIgniter\CodeIgniter->runController(Object(App\Controllers\Produsen))
#10 /Applications/XAMPP/xamppfiles/htdocs/pmi-stok-darah/system/CodeIgniter.php(354): CodeIgniter\CodeIgniter->handleRequest(NULL, Object(Config\Cache), false)
#11 /Applications/XAMPP/xamppfiles/htdocs/pmi-stok-darah/system/Boot.php(363): CodeIgniter\CodeIgniter->run()
#12 /Applications/XAMPP/xamppfiles/htdocs/pmi-stok-darah/system/Boot.php(68): CodeIgniter\Boot::runCodeIgniter(Object(CodeIgniter\CodeIgniter))
#13 /Applications/XAMPP/xamppfiles/htdocs/pmi-stok-darah/public/index.php(59): CodeIgniter\Boot::bootWeb(Object(Config\Paths))
#14 /Applications/XAMPP/xamppfiles/htdocs/pmi-stok-darah/system/rewrite.php(44): require_once('/Applications/X...')
#15 {main}
CRITICAL - 2025-11-29 09:17:51 --> CodeIgniter\Database\Exceptions\DatabaseException: Unknown column 'is_active' in 'where clause'
[Method: GET, Route: produsen]
in SYSTEMPATH/Database/BaseConnection.php on line 684.
 1 SYSTEMPATH/Database/BaseBuilder.php(1733): CodeIgniter\Database\BaseConnection->query('SELECT COUNT(*) AS `numrows`
FROM `produsen`
WHERE `is_active` = :is_active:', [...], false)
 2 SYSTEMPATH/Model.php(675): CodeIgniter\Database\BaseBuilder->countAllResults(false)
 3 SYSTEMPATH/BaseModel.php(1277): CodeIgniter\Model->countAllResults(false)
 4 APPPATH/Models/ProdusenModel.php(27): CodeIgniter\BaseModel->paginate(10)
 5 APPPATH/Controllers/Produsen.php(21): App\Models\ProdusenModel->getProdusen(null, 10)
 6 SYSTEMPATH/CodeIgniter.php(933): App\Controllers\Produsen->index()
 7 SYSTEMPATH/CodeIgniter.php(507): CodeIgniter\CodeIgniter->runController(Object(App\Controllers\Produsen))
 8 SYSTEMPATH/CodeIgniter.php(354): CodeIgniter\CodeIgniter->handleRequest(null, Object(Config\Cache), false)
 9 SYSTEMPATH/Boot.php(363): CodeIgniter\CodeIgniter->run()
10 SYSTEMPATH/Boot.php(68): CodeIgniter\Boot::runCodeIgniter(Object(CodeIgniter\CodeIgniter))
11 FCPATH/index.php(59): CodeIgniter\Boot::bootWeb(Object(Config\Paths))
12 SYSTEMPATH/rewrite.php(44): require_once('/Applications/XAMPP/xamppfiles/htdocs/pmi-stok-darah/public/index.php')
CRITICAL - 2025-11-29 09:17:51 --> [Caused by] CodeIgniter\Database\Exceptions\DatabaseException: Unknown column 'is_active' in 'where clause'
in SYSTEMPATH/Database/MySQLi/Connection.php on line 332.
 1 SYSTEMPATH/Database/BaseConnection.php(729): CodeIgniter\Database\MySQLi\Connection->execute('SELECT COUNT(*) AS `numrows`
FROM `produsen`
WHERE `is_active` = 1')
 2 SYSTEMPATH/Database/BaseConnection.php(646): CodeIgniter\Database\BaseConnection->simpleQuery('SELECT COUNT(*) AS `numrows`
FROM `produsen`
WHERE `is_active` = 1')
 3 SYSTEMPATH/Database/BaseBuilder.php(1733): CodeIgniter\Database\BaseConnection->query('SELECT COUNT(*) AS `numrows`
FROM `produsen`
WHERE `is_active` = :is_active:', [...], false)
 4 SYSTEMPATH/Model.php(675): CodeIgniter\Database\BaseBuilder->countAllResults(false)
 5 SYSTEMPATH/BaseModel.php(1277): CodeIgniter\Model->countAllResults(false)
 6 APPPATH/Models/ProdusenModel.php(27): CodeIgniter\BaseModel->paginate(10)
 7 APPPATH/Controllers/Produsen.php(21): App\Models\ProdusenModel->getProdusen(null, 10)
 8 SYSTEMPATH/CodeIgniter.php(933): App\Controllers\Produsen->index()
 9 SYSTEMPATH/CodeIgniter.php(507): CodeIgniter\CodeIgniter->runController(Object(App\Controllers\Produsen))
10 SYSTEMPATH/CodeIgniter.php(354): CodeIgniter\CodeIgniter->handleRequest(null, Object(Config\Cache), false)
11 SYSTEMPATH/Boot.php(363): CodeIgniter\CodeIgniter->run()
12 SYSTEMPATH/Boot.php(68): CodeIgniter\Boot::runCodeIgniter(Object(CodeIgniter\CodeIgniter))
13 FCPATH/index.php(59): CodeIgniter\Boot::bootWeb(Object(Config\Paths))
14 SYSTEMPATH/rewrite.php(44): require_once('/Applications/XAMPP/xamppfiles/htdocs/pmi-stok-darah/public/index.php')
CRITICAL - 2025-11-29 09:17:51 --> [Caused by] mysqli_sql_exception: Unknown column 'is_active' in 'where clause'
in SYSTEMPATH/Database/MySQLi/Connection.php on line 327.
 1 SYSTEMPATH/Database/MySQLi/Connection.php(327): mysqli->query('SELECT COUNT(*) AS `numrows`
FROM `produsen`
WHERE `is_active` = 1', 0)
 2 SYSTEMPATH/Database/BaseConnection.php(729): CodeIgniter\Database\MySQLi\Connection->execute('SELECT COUNT(*) AS `numrows`
FROM `produsen`
WHERE `is_active` = 1')
 3 SYSTEMPATH/Database/BaseConnection.php(646): CodeIgniter\Database\BaseConnection->simpleQuery('SELECT COUNT(*) AS `numrows`
FROM `produsen`
WHERE `is_active` = 1')
 4 SYSTEMPATH/Database/BaseBuilder.php(1733): CodeIgniter\Database\BaseConnection->query('SELECT COUNT(*) AS `numrows`
FROM `produsen`
WHERE `is_active` = :is_active:', [...], false)
 5 SYSTEMPATH/Model.php(675): CodeIgniter\Database\BaseBuilder->countAllResults(false)
 6 SYSTEMPATH/BaseModel.php(1277): CodeIgniter\Model->countAllResults(false)
 7 APPPATH/Models/ProdusenModel.php(27): CodeIgniter\BaseModel->paginate(10)
 8 APPPATH/Controllers/Produsen.php(21): App\Models\ProdusenModel->getProdusen(null, 10)
 9 SYSTEMPATH/CodeIgniter.php(933): App\Controllers\Produsen->index()
10 SYSTEMPATH/CodeIgniter.php(507): CodeIgniter\CodeIgniter->runController(Object(App\Controllers\Produsen))
11 SYSTEMPATH/CodeIgniter.php(354): CodeIgniter\CodeIgniter->handleRequest(null, Object(Config\Cache), false)
12 SYSTEMPATH/Boot.php(363): CodeIgniter\CodeIgniter->run()
13 SYSTEMPATH/Boot.php(68): CodeIgniter\Boot::runCodeIgniter(Object(CodeIgniter\CodeIgniter))
14 FCPATH/index.php(59): CodeIgniter\Boot::bootWeb(Object(Config\Paths))
15 SYSTEMPATH/rewrite.php(44): require_once('/Applications/XAMPP/xamppfiles/htdocs/pmi-stok-darah/public/index.php')
DEBUG - 2025-11-29 09:17:51 --> Session: Class initialized using 'CodeIgniter\Session\Handlers\FileHandler' driver.
ERROR - 2025-11-29 09:17:51 --> mysqli_sql_exception: Unknown column 'is_active' in 'where clause' in /Applications/XAMPP/xamppfiles/htdocs/pmi-stok-darah/system/Database/MySQLi/Connection.php:327
Stack trace:
#0 /Applications/XAMPP/xamppfiles/htdocs/pmi-stok-darah/system/Database/MySQLi/Connection.php(327): mysqli->query('SELECT COUNT(*)...', 0)
#1 /Applications/XAMPP/xamppfiles/htdocs/pmi-stok-darah/system/Database/BaseConnection.php(729): CodeIgniter\Database\MySQLi\Connection->execute('SELECT COUNT(*)...')
#2 /Applications/XAMPP/xamppfiles/htdocs/pmi-stok-darah/system/Database/BaseConnection.php(646): CodeIgniter\Database\BaseConnection->simpleQuery('SELECT COUNT(*)...')
#3 /Applications/XAMPP/xamppfiles/htdocs/pmi-stok-darah/system/Database/BaseBuilder.php(1733): CodeIgniter\Database\BaseConnection->query('SELECT COUNT(*)...', Array, false)
#4 /Applications/XAMPP/xamppfiles/htdocs/pmi-stok-darah/system/Model.php(675): CodeIgniter\Database\BaseBuilder->countAllResults(false)
#5 /Applications/XAMPP/xamppfiles/htdocs/pmi-stok-darah/system/BaseModel.php(1277): CodeIgniter\Model->countAllResults(false)
#6 /Applications/XAMPP/xamppfiles/htdocs/pmi-stok-darah/app/Models/ProdusenModel.php(27): CodeIgniter\BaseModel->paginate(10)
#7 /Applications/XAMPP/xamppfiles/htdocs/pmi-stok-darah/app/Controllers/Produsen.php(21): App\Models\ProdusenModel->getProdusen(NULL, 10)
#8 /Applications/XAMPP/xamppfiles/htdocs/pmi-stok-darah/system/CodeIgniter.php(933): App\Controllers\Produsen->index()
#9 /Applications/XAMPP/xamppfiles/htdocs/pmi-stok-darah/system/CodeIgniter.php(507): CodeIgniter\CodeIgniter->runController(Object(App\Controllers\Produsen))
#10 /Applications/XAMPP/xamppfiles/htdocs/pmi-stok-darah/system/CodeIgniter.php(354): CodeIgniter\CodeIgniter->handleRequest(NULL, Object(Config\Cache), false)
#11 /Applications/XAMPP/xamppfiles/htdocs/pmi-stok-darah/system/Boot.php(363): CodeIgniter\CodeIgniter->run()
#12 /Applications/XAMPP/xamppfiles/htdocs/pmi-stok-darah/system/Boot.php(68): CodeIgniter\Boot::runCodeIgniter(Object(CodeIgniter\CodeIgniter))
#13 /Applications/XAMPP/xamppfiles/htdocs/pmi-stok-darah/public/index.php(59): CodeIgniter\Boot::bootWeb(Object(Config\Paths))
#14 /Applications/XAMPP/xamppfiles/htdocs/pmi-stok-darah/system/rewrite.php(44): require_once('/Applications/X...')
#15 {main}
CRITICAL - 2025-11-29 09:17:51 --> CodeIgniter\Database\Exceptions\DatabaseException: Unknown column 'is_active' in 'where clause'
[Method: GET, Route: produsen]
in SYSTEMPATH/Database/BaseConnection.php on line 684.
 1 SYSTEMPATH/Database/BaseBuilder.php(1733): CodeIgniter\Database\BaseConnection->query('SELECT COUNT(*) AS `numrows`
FROM `produsen`
WHERE `is_active` = :is_active:', [...], false)
 2 SYSTEMPATH/Model.php(675): CodeIgniter\Database\BaseBuilder->countAllResults(false)
 3 SYSTEMPATH/BaseModel.php(1277): CodeIgniter\Model->countAllResults(false)
 4 APPPATH/Models/ProdusenModel.php(27): CodeIgniter\BaseModel->paginate(10)
 5 APPPATH/Controllers/Produsen.php(21): App\Models\ProdusenModel->getProdusen(null, 10)
 6 SYSTEMPATH/CodeIgniter.php(933): App\Controllers\Produsen->index()
 7 SYSTEMPATH/CodeIgniter.php(507): CodeIgniter\CodeIgniter->runController(Object(App\Controllers\Produsen))
 8 SYSTEMPATH/CodeIgniter.php(354): CodeIgniter\CodeIgniter->handleRequest(null, Object(Config\Cache), false)
 9 SYSTEMPATH/Boot.php(363): CodeIgniter\CodeIgniter->run()
10 SYSTEMPATH/Boot.php(68): CodeIgniter\Boot::runCodeIgniter(Object(CodeIgniter\CodeIgniter))
11 FCPATH/index.php(59): CodeIgniter\Boot::bootWeb(Object(Config\Paths))
12 SYSTEMPATH/rewrite.php(44): require_once('/Applications/XAMPP/xamppfiles/htdocs/pmi-stok-darah/public/index.php')
CRITICAL - 2025-11-29 09:17:51 --> [Caused by] CodeIgniter\Database\Exceptions\DatabaseException: Unknown column 'is_active' in 'where clause'
in SYSTEMPATH/Database/MySQLi/Connection.php on line 332.
 1 SYSTEMPATH/Database/BaseConnection.php(729): CodeIgniter\Database\MySQLi\Connection->execute('SELECT COUNT(*) AS `numrows`
FROM `produsen`
WHERE `is_active` = 1')
 2 SYSTEMPATH/Database/BaseConnection.php(646): CodeIgniter\Database\BaseConnection->simpleQuery('SELECT COUNT(*) AS `numrows`
FROM `produsen`
WHERE `is_active` = 1')
 3 SYSTEMPATH/Database/BaseBuilder.php(1733): CodeIgniter\Database\BaseConnection->query('SELECT COUNT(*) AS `numrows`
FROM `produsen`
WHERE `is_active` = :is_active:', [...], false)
 4 SYSTEMPATH/Model.php(675): CodeIgniter\Database\BaseBuilder->countAllResults(false)
 5 SYSTEMPATH/BaseModel.php(1277): CodeIgniter\Model->countAllResults(false)
 6 APPPATH/Models/ProdusenModel.php(27): CodeIgniter\BaseModel->paginate(10)
 7 APPPATH/Controllers/Produsen.php(21): App\Models\ProdusenModel->getProdusen(null, 10)
 8 SYSTEMPATH/CodeIgniter.php(933): App\Controllers\Produsen->index()
 9 SYSTEMPATH/CodeIgniter.php(507): CodeIgniter\CodeIgniter->runController(Object(App\Controllers\Produsen))
10 SYSTEMPATH/CodeIgniter.php(354): CodeIgniter\CodeIgniter->handleRequest(null, Object(Config\Cache), false)
11 SYSTEMPATH/Boot.php(363): CodeIgniter\CodeIgniter->run()
12 SYSTEMPATH/Boot.php(68): CodeIgniter\Boot::runCodeIgniter(Object(CodeIgniter\CodeIgniter))
13 FCPATH/index.php(59): CodeIgniter\Boot::bootWeb(Object(Config\Paths))
14 SYSTEMPATH/rewrite.php(44): require_once('/Applications/XAMPP/xamppfiles/htdocs/pmi-stok-darah/public/index.php')
CRITICAL - 2025-11-29 09:17:51 --> [Caused by] mysqli_sql_exception: Unknown column 'is_active' in 'where clause'
in SYSTEMPATH/Database/MySQLi/Connection.php on line 327.
 1 SYSTEMPATH/Database/MySQLi/Connection.php(327): mysqli->query('SELECT COUNT(*) AS `numrows`
FROM `produsen`
WHERE `is_active` = 1', 0)
 2 SYSTEMPATH/Database/BaseConnection.php(729): CodeIgniter\Database\MySQLi\Connection->execute('SELECT COUNT(*) AS `numrows`
FROM `produsen`
WHERE `is_active` = 1')
 3 SYSTEMPATH/Database/BaseConnection.php(646): CodeIgniter\Database\BaseConnection->simpleQuery('SELECT COUNT(*) AS `numrows`
FROM `produsen`
WHERE `is_active` = 1')
 4 SYSTEMPATH/Database/BaseBuilder.php(1733): CodeIgniter\Database\BaseConnection->query('SELECT COUNT(*) AS `numrows`
FROM `produsen`
WHERE `is_active` = :is_active:', [...], false)
 5 SYSTEMPATH/Model.php(675): CodeIgniter\Database\BaseBuilder->countAllResults(false)
 6 SYSTEMPATH/BaseModel.php(1277): CodeIgniter\Model->countAllResults(false)
 7 APPPATH/Models/ProdusenModel.php(27): CodeIgniter\BaseModel->paginate(10)
 8 APPPATH/Controllers/Produsen.php(21): App\Models\ProdusenModel->getProdusen(null, 10)
 9 SYSTEMPATH/CodeIgniter.php(933): App\Controllers\Produsen->index()
10 SYSTEMPATH/CodeIgniter.php(507): CodeIgniter\CodeIgniter->runController(Object(App\Controllers\Produsen))
11 SYSTEMPATH/CodeIgniter.php(354): CodeIgniter\CodeIgniter->handleRequest(null, Object(Config\Cache), false)
12 SYSTEMPATH/Boot.php(363): CodeIgniter\CodeIgniter->run()
13 SYSTEMPATH/Boot.php(68): CodeIgniter\Boot::runCodeIgniter(Object(CodeIgniter\CodeIgniter))
14 FCPATH/index.php(59): CodeIgniter\Boot::bootWeb(Object(Config\Paths))
15 SYSTEMPATH/rewrite.php(44): require_once('/Applications/XAMPP/xamppfiles/htdocs/pmi-stok-darah/public/index.php')
DEBUG - 2025-11-29 09:17:52 --> Session: Class initialized using 'CodeIgniter\Session\Handlers\FileHandler' driver.
ERROR - 2025-11-29 09:17:52 --> mysqli_sql_exception: Unknown column 'is_active' in 'where clause' in /Applications/XAMPP/xamppfiles/htdocs/pmi-stok-darah/system/Database/MySQLi/Connection.php:327
Stack trace:
#0 /Applications/XAMPP/xamppfiles/htdocs/pmi-stok-darah/system/Database/MySQLi/Connection.php(327): mysqli->query('SELECT COUNT(*)...', 0)
#1 /Applications/XAMPP/xamppfiles/htdocs/pmi-stok-darah/system/Database/BaseConnection.php(729): CodeIgniter\Database\MySQLi\Connection->execute('SELECT COUNT(*)...')
#2 /Applications/XAMPP/xamppfiles/htdocs/pmi-stok-darah/system/Database/BaseConnection.php(646): CodeIgniter\Database\BaseConnection->simpleQuery('SELECT COUNT(*)...')
#3 /Applications/XAMPP/xamppfiles/htdocs/pmi-stok-darah/system/Database/BaseBuilder.php(1733): CodeIgniter\Database\BaseConnection->query('SELECT COUNT(*)...', Array, false)
#4 /Applications/XAMPP/xamppfiles/htdocs/pmi-stok-darah/system/Model.php(675): CodeIgniter\Database\BaseBuilder->countAllResults(false)
#5 /Applications/XAMPP/xamppfiles/htdocs/pmi-stok-darah/system/BaseModel.php(1277): CodeIgniter\Model->countAllResults(false)
#6 /Applications/XAMPP/xamppfiles/htdocs/pmi-stok-darah/app/Models/ProdusenModel.php(27): CodeIgniter\BaseModel->paginate(10)
#7 /Applications/XAMPP/xamppfiles/htdocs/pmi-stok-darah/app/Controllers/Produsen.php(21): App\Models\ProdusenModel->getProdusen(NULL, 10)
#8 /Applications/XAMPP/xamppfiles/htdocs/pmi-stok-darah/system/CodeIgniter.php(933): App\Controllers\Produsen->index()
#9 /Applications/XAMPP/xamppfiles/htdocs/pmi-stok-darah/system/CodeIgniter.php(507): CodeIgniter\CodeIgniter->runController(Object(App\Controllers\Produsen))
#10 /Applications/XAMPP/xamppfiles/htdocs/pmi-stok-darah/system/CodeIgniter.php(354): CodeIgniter\CodeIgniter->handleRequest(NULL, Object(Config\Cache), false)
#11 /Applications/XAMPP/xamppfiles/htdocs/pmi-stok-darah/system/Boot.php(363): CodeIgniter\CodeIgniter->run()
#12 /Applications/XAMPP/xamppfiles/htdocs/pmi-stok-darah/system/Boot.php(68): CodeIgniter\Boot::runCodeIgniter(Object(CodeIgniter\CodeIgniter))
#13 /Applications/XAMPP/xamppfiles/htdocs/pmi-stok-darah/public/index.php(59): CodeIgniter\Boot::bootWeb(Object(Config\Paths))
#14 /Applications/XAMPP/xamppfiles/htdocs/pmi-stok-darah/system/rewrite.php(44): require_once('/Applications/X...')
#15 {main}
CRITICAL - 2025-11-29 09:17:52 --> CodeIgniter\Database\Exceptions\DatabaseException: Unknown column 'is_active' in 'where clause'
[Method: GET, Route: produsen]
in SYSTEMPATH/Database/BaseConnection.php on line 684.
 1 SYSTEMPATH/Database/BaseBuilder.php(1733): CodeIgniter\Database\BaseConnection->query('SELECT COUNT(*) AS `numrows`
FROM `produsen`
WHERE `is_active` = :is_active:', [...], false)
 2 SYSTEMPATH/Model.php(675): CodeIgniter\Database\BaseBuilder->countAllResults(false)
 3 SYSTEMPATH/BaseModel.php(1277): CodeIgniter\Model->countAllResults(false)
 4 APPPATH/Models/ProdusenModel.php(27): CodeIgniter\BaseModel->paginate(10)
 5 APPPATH/Controllers/Produsen.php(21): App\Models\ProdusenModel->getProdusen(null, 10)
 6 SYSTEMPATH/CodeIgniter.php(933): App\Controllers\Produsen->index()
 7 SYSTEMPATH/CodeIgniter.php(507): CodeIgniter\CodeIgniter->runController(Object(App\Controllers\Produsen))
 8 SYSTEMPATH/CodeIgniter.php(354): CodeIgniter\CodeIgniter->handleRequest(null, Object(Config\Cache), false)
 9 SYSTEMPATH/Boot.php(363): CodeIgniter\CodeIgniter->run()
10 SYSTEMPATH/Boot.php(68): CodeIgniter\Boot::runCodeIgniter(Object(CodeIgniter\CodeIgniter))
11 FCPATH/index.php(59): CodeIgniter\Boot::bootWeb(Object(Config\Paths))
12 SYSTEMPATH/rewrite.php(44): require_once('/Applications/XAMPP/xamppfiles/htdocs/pmi-stok-darah/public/index.php')
CRITICAL - 2025-11-29 09:17:52 --> [Caused by] CodeIgniter\Database\Exceptions\DatabaseException: Unknown column 'is_active' in 'where clause'
in SYSTEMPATH/Database/MySQLi/Connection.php on line 332.
 1 SYSTEMPATH/Database/BaseConnection.php(729): CodeIgniter\Database\MySQLi\Connection->execute('SELECT COUNT(*) AS `numrows`
FROM `produsen`
WHERE `is_active` = 1')
 2 SYSTEMPATH/Database/BaseConnection.php(646): CodeIgniter\Database\BaseConnection->simpleQuery('SELECT COUNT(*) AS `numrows`
FROM `produsen`
WHERE `is_active` = 1')
 3 SYSTEMPATH/Database/BaseBuilder.php(1733): CodeIgniter\Database\BaseConnection->query('SELECT COUNT(*) AS `numrows`
FROM `produsen`
WHERE `is_active` = :is_active:', [...], false)
 4 SYSTEMPATH/Model.php(675): CodeIgniter\Database\BaseBuilder->countAllResults(false)
 5 SYSTEMPATH/BaseModel.php(1277): CodeIgniter\Model->countAllResults(false)
 6 APPPATH/Models/ProdusenModel.php(27): CodeIgniter\BaseModel->paginate(10)
 7 APPPATH/Controllers/Produsen.php(21): App\Models\ProdusenModel->getProdusen(null, 10)
 8 SYSTEMPATH/CodeIgniter.php(933): App\Controllers\Produsen->index()
 9 SYSTEMPATH/CodeIgniter.php(507): CodeIgniter\CodeIgniter->runController(Object(App\Controllers\Produsen))
10 SYSTEMPATH/CodeIgniter.php(354): CodeIgniter\CodeIgniter->handleRequest(null, Object(Config\Cache), false)
11 SYSTEMPATH/Boot.php(363): CodeIgniter\CodeIgniter->run()
12 SYSTEMPATH/Boot.php(68): CodeIgniter\Boot::runCodeIgniter(Object(CodeIgniter\CodeIgniter))
13 FCPATH/index.php(59): CodeIgniter\Boot::bootWeb(Object(Config\Paths))
14 SYSTEMPATH/rewrite.php(44): require_once('/Applications/XAMPP/xamppfiles/htdocs/pmi-stok-darah/public/index.php')
CRITICAL - 2025-11-29 09:17:52 --> [Caused by] mysqli_sql_exception: Unknown column 'is_active' in 'where clause'
in SYSTEMPATH/Database/MySQLi/Connection.php on line 327.
 1 SYSTEMPATH/Database/MySQLi/Connection.php(327): mysqli->query('SELECT COUNT(*) AS `numrows`
FROM `produsen`
WHERE `is_active` = 1', 0)
 2 SYSTEMPATH/Database/BaseConnection.php(729): CodeIgniter\Database\MySQLi\Connection->execute('SELECT COUNT(*) AS `numrows`
FROM `produsen`
WHERE `is_active` = 1')
 3 SYSTEMPATH/Database/BaseConnection.php(646): CodeIgniter\Database\BaseConnection->simpleQuery('SELECT COUNT(*) AS `numrows`
FROM `produsen`
WHERE `is_active` = 1')
 4 SYSTEMPATH/Database/BaseBuilder.php(1733): CodeIgniter\Database\BaseConnection->query('SELECT COUNT(*) AS `numrows`
FROM `produsen`
WHERE `is_active` = :is_active:', [...], false)
 5 SYSTEMPATH/Model.php(675): CodeIgniter\Database\BaseBuilder->countAllResults(false)
 6 SYSTEMPATH/BaseModel.php(1277): CodeIgniter\Model->countAllResults(false)
 7 APPPATH/Models/ProdusenModel.php(27): CodeIgniter\BaseModel->paginate(10)
 8 APPPATH/Controllers/Produsen.php(21): App\Models\ProdusenModel->getProdusen(null, 10)
 9 SYSTEMPATH/CodeIgniter.php(933): App\Controllers\Produsen->index()
10 SYSTEMPATH/CodeIgniter.php(507): CodeIgniter\CodeIgniter->runController(Object(App\Controllers\Produsen))
11 SYSTEMPATH/CodeIgniter.php(354): CodeIgniter\CodeIgniter->handleRequest(null, Object(Config\Cache), false)
12 SYSTEMPATH/Boot.php(363): CodeIgniter\CodeIgniter->run()
13 SYSTEMPATH/Boot.php(68): CodeIgniter\Boot::runCodeIgniter(Object(CodeIgniter\CodeIgniter))
14 FCPATH/index.php(59): CodeIgniter\Boot::bootWeb(Object(Config\Paths))
15 SYSTEMPATH/rewrite.php(44): require_once('/Applications/XAMPP/xamppfiles/htdocs/pmi-stok-darah/public/index.php')
DEBUG - 2025-11-29 09:17:52 --> Session: Class initialized using 'CodeIgniter\Session\Handlers\FileHandler' driver.
ERROR - 2025-11-29 09:17:52 --> mysqli_sql_exception: Unknown column 'is_active' in 'where clause' in /Applications/XAMPP/xamppfiles/htdocs/pmi-stok-darah/system/Database/MySQLi/Connection.php:327
Stack trace:
#0 /Applications/XAMPP/xamppfiles/htdocs/pmi-stok-darah/system/Database/MySQLi/Connection.php(327): mysqli->query('SELECT COUNT(*)...', 0)
#1 /Applications/XAMPP/xamppfiles/htdocs/pmi-stok-darah/system/Database/BaseConnection.php(729): CodeIgniter\Database\MySQLi\Connection->execute('SELECT COUNT(*)...')
#2 /Applications/XAMPP/xamppfiles/htdocs/pmi-stok-darah/system/Database/BaseConnection.php(646): CodeIgniter\Database\BaseConnection->simpleQuery('SELECT COUNT(*)...')
#3 /Applications/XAMPP/xamppfiles/htdocs/pmi-stok-darah/system/Database/BaseBuilder.php(1733): CodeIgniter\Database\BaseConnection->query('SELECT COUNT(*)...', Array, false)
#4 /Applications/XAMPP/xamppfiles/htdocs/pmi-stok-darah/system/Model.php(675): CodeIgniter\Database\BaseBuilder->countAllResults(false)
#5 /Applications/XAMPP/xamppfiles/htdocs/pmi-stok-darah/system/BaseModel.php(1277): CodeIgniter\Model->countAllResults(false)
#6 /Applications/XAMPP/xamppfiles/htdocs/pmi-stok-darah/app/Models/ProdusenModel.php(27): CodeIgniter\BaseModel->paginate(10)
#7 /Applications/XAMPP/xamppfiles/htdocs/pmi-stok-darah/app/Controllers/Produsen.php(21): App\Models\ProdusenModel->getProdusen(NULL, 10)
#8 /Applications/XAMPP/xamppfiles/htdocs/pmi-stok-darah/system/CodeIgniter.php(933): App\Controllers\Produsen->index()
#9 /Applications/XAMPP/xamppfiles/htdocs/pmi-stok-darah/system/CodeIgniter.php(507): CodeIgniter\CodeIgniter->runController(Object(App\Controllers\Produsen))
#10 /Applications/XAMPP/xamppfiles/htdocs/pmi-stok-darah/system/CodeIgniter.php(354): CodeIgniter\CodeIgniter->handleRequest(NULL, Object(Config\Cache), false)
#11 /Applications/XAMPP/xamppfiles/htdocs/pmi-stok-darah/system/Boot.php(363): CodeIgniter\CodeIgniter->run()
#12 /Applications/XAMPP/xamppfiles/htdocs/pmi-stok-darah/system/Boot.php(68): CodeIgniter\Boot::runCodeIgniter(Object(CodeIgniter\CodeIgniter))
#13 /Applications/XAMPP/xamppfiles/htdocs/pmi-stok-darah/public/index.php(59): CodeIgniter\Boot::bootWeb(Object(Config\Paths))
#14 /Applications/XAMPP/xamppfiles/htdocs/pmi-stok-darah/system/rewrite.php(44): require_once('/Applications/X...')
#15 {main}
CRITICAL - 2025-11-29 09:17:52 --> CodeIgniter\Database\Exceptions\DatabaseException: Unknown column 'is_active' in 'where clause'
[Method: GET, Route: produsen]
in SYSTEMPATH/Database/BaseConnection.php on line 684.
 1 SYSTEMPATH/Database/BaseBuilder.php(1733): CodeIgniter\Database\BaseConnection->query('SELECT COUNT(*) AS `numrows`
FROM `produsen`
WHERE `is_active` = :is_active:', [...], false)
 2 SYSTEMPATH/Model.php(675): CodeIgniter\Database\BaseBuilder->countAllResults(false)
 3 SYSTEMPATH/BaseModel.php(1277): CodeIgniter\Model->countAllResults(false)
 4 APPPATH/Models/ProdusenModel.php(27): CodeIgniter\BaseModel->paginate(10)
 5 APPPATH/Controllers/Produsen.php(21): App\Models\ProdusenModel->getProdusen(null, 10)
 6 SYSTEMPATH/CodeIgniter.php(933): App\Controllers\Produsen->index()
 7 SYSTEMPATH/CodeIgniter.php(507): CodeIgniter\CodeIgniter->runController(Object(App\Controllers\Produsen))
 8 SYSTEMPATH/CodeIgniter.php(354): CodeIgniter\CodeIgniter->handleRequest(null, Object(Config\Cache), false)
 9 SYSTEMPATH/Boot.php(363): CodeIgniter\CodeIgniter->run()
10 SYSTEMPATH/Boot.php(68): CodeIgniter\Boot::runCodeIgniter(Object(CodeIgniter\CodeIgniter))
11 FCPATH/index.php(59): CodeIgniter\Boot::bootWeb(Object(Config\Paths))
12 SYSTEMPATH/rewrite.php(44): require_once('/Applications/XAMPP/xamppfiles/htdocs/pmi-stok-darah/public/index.php')
CRITICAL - 2025-11-29 09:17:52 --> [Caused by] CodeIgniter\Database\Exceptions\DatabaseException: Unknown column 'is_active' in 'where clause'
in SYSTEMPATH/Database/MySQLi/Connection.php on line 332.
 1 SYSTEMPATH/Database/BaseConnection.php(729): CodeIgniter\Database\MySQLi\Connection->execute('SELECT COUNT(*) AS `numrows`
FROM `produsen`
WHERE `is_active` = 1')
 2 SYSTEMPATH/Database/BaseConnection.php(646): CodeIgniter\Database\BaseConnection->simpleQuery('SELECT COUNT(*) AS `numrows`
FROM `produsen`
WHERE `is_active` = 1')
 3 SYSTEMPATH/Database/BaseBuilder.php(1733): CodeIgniter\Database\BaseConnection->query('SELECT COUNT(*) AS `numrows`
FROM `produsen`
WHERE `is_active` = :is_active:', [...], false)
 4 SYSTEMPATH/Model.php(675): CodeIgniter\Database\BaseBuilder->countAllResults(false)
 5 SYSTEMPATH/BaseModel.php(1277): CodeIgniter\Model->countAllResults(false)
 6 APPPATH/Models/ProdusenModel.php(27): CodeIgniter\BaseModel->paginate(10)
 7 APPPATH/Controllers/Produsen.php(21): App\Models\ProdusenModel->getProdusen(null, 10)
 8 SYSTEMPATH/CodeIgniter.php(933): App\Controllers\Produsen->index()
 9 SYSTEMPATH/CodeIgniter.php(507): CodeIgniter\CodeIgniter->runController(Object(App\Controllers\Produsen))
10 SYSTEMPATH/CodeIgniter.php(354): CodeIgniter\CodeIgniter->handleRequest(null, Object(Config\Cache), false)
11 SYSTEMPATH/Boot.php(363): CodeIgniter\CodeIgniter->run()
12 SYSTEMPATH/Boot.php(68): CodeIgniter\Boot::runCodeIgniter(Object(CodeIgniter\CodeIgniter))
13 FCPATH/index.php(59): CodeIgniter\Boot::bootWeb(Object(Config\Paths))
14 SYSTEMPATH/rewrite.php(44): require_once('/Applications/XAMPP/xamppfiles/htdocs/pmi-stok-darah/public/index.php')
CRITICAL - 2025-11-29 09:17:52 --> [Caused by] mysqli_sql_exception: Unknown column 'is_active' in 'where clause'
in SYSTEMPATH/Database/MySQLi/Connection.php on line 327.
 1 SYSTEMPATH/Database/MySQLi/Connection.php(327): mysqli->query('SELECT COUNT(*) AS `numrows`
FROM `produsen`
WHERE `is_active` = 1', 0)
 2 SYSTEMPATH/Database/BaseConnection.php(729): CodeIgniter\Database\MySQLi\Connection->execute('SELECT COUNT(*) AS `numrows`
FROM `produsen`
WHERE `is_active` = 1')
 3 SYSTEMPATH/Database/BaseConnection.php(646): CodeIgniter\Database\BaseConnection->simpleQuery('SELECT COUNT(*) AS `numrows`
FROM `produsen`
WHERE `is_active` = 1')
 4 SYSTEMPATH/Database/BaseBuilder.php(1733): CodeIgniter\Database\BaseConnection->query('SELECT COUNT(*) AS `numrows`
FROM `produsen`
WHERE `is_active` = :is_active:', [...], false)
 5 SYSTEMPATH/Model.php(675): CodeIgniter\Database\BaseBuilder->countAllResults(false)
 6 SYSTEMPATH/BaseModel.php(1277): CodeIgniter\Model->countAllResults(false)
 7 APPPATH/Models/ProdusenModel.php(27): CodeIgniter\BaseModel->paginate(10)
 8 APPPATH/Controllers/Produsen.php(21): App\Models\ProdusenModel->getProdusen(null, 10)
 9 SYSTEMPATH/CodeIgniter.php(933): App\Controllers\Produsen->index()
10 SYSTEMPATH/CodeIgniter.php(507): CodeIgniter\CodeIgniter->runController(Object(App\Controllers\Produsen))
11 SYSTEMPATH/CodeIgniter.php(354): CodeIgniter\CodeIgniter->handleRequest(null, Object(Config\Cache), false)
12 SYSTEMPATH/Boot.php(363): CodeIgniter\CodeIgniter->run()
13 SYSTEMPATH/Boot.php(68): CodeIgniter\Boot::runCodeIgniter(Object(CodeIgniter\CodeIgniter))
14 FCPATH/index.php(59): CodeIgniter\Boot::bootWeb(Object(Config\Paths))
15 SYSTEMPATH/rewrite.php(44): require_once('/Applications/XAMPP/xamppfiles/htdocs/pmi-stok-darah/public/index.php')
DEBUG - 2025-11-29 09:17:52 --> Session: Class initialized using 'CodeIgniter\Session\Handlers\FileHandler' driver.
ERROR - 2025-11-29 09:17:52 --> mysqli_sql_exception: Unknown column 'is_active' in 'where clause' in /Applications/XAMPP/xamppfiles/htdocs/pmi-stok-darah/system/Database/MySQLi/Connection.php:327
Stack trace:
#0 /Applications/XAMPP/xamppfiles/htdocs/pmi-stok-darah/system/Database/MySQLi/Connection.php(327): mysqli->query('SELECT COUNT(*)...', 0)
#1 /Applications/XAMPP/xamppfiles/htdocs/pmi-stok-darah/system/Database/BaseConnection.php(729): CodeIgniter\Database\MySQLi\Connection->execute('SELECT COUNT(*)...')
#2 /Applications/XAMPP/xamppfiles/htdocs/pmi-stok-darah/system/Database/BaseConnection.php(646): CodeIgniter\Database\BaseConnection->simpleQuery('SELECT COUNT(*)...')
#3 /Applications/XAMPP/xamppfiles/htdocs/pmi-stok-darah/system/Database/BaseBuilder.php(1733): CodeIgniter\Database\BaseConnection->query('SELECT COUNT(*)...', Array, false)
#4 /Applications/XAMPP/xamppfiles/htdocs/pmi-stok-darah/system/Model.php(675): CodeIgniter\Database\BaseBuilder->countAllResults(false)
#5 /Applications/XAMPP/xamppfiles/htdocs/pmi-stok-darah/system/BaseModel.php(1277): CodeIgniter\Model->countAllResults(false)
#6 /Applications/XAMPP/xamppfiles/htdocs/pmi-stok-darah/app/Models/ProdusenModel.php(27): CodeIgniter\BaseModel->paginate(10)
#7 /Applications/XAMPP/xamppfiles/htdocs/pmi-stok-darah/app/Controllers/Produsen.php(21): App\Models\ProdusenModel->getProdusen(NULL, 10)
#8 /Applications/XAMPP/xamppfiles/htdocs/pmi-stok-darah/system/CodeIgniter.php(933): App\Controllers\Produsen->index()
#9 /Applications/XAMPP/xamppfiles/htdocs/pmi-stok-darah/system/CodeIgniter.php(507): CodeIgniter\CodeIgniter->runController(Object(App\Controllers\Produsen))
#10 /Applications/XAMPP/xamppfiles/htdocs/pmi-stok-darah/system/CodeIgniter.php(354): CodeIgniter\CodeIgniter->handleRequest(NULL, Object(Config\Cache), false)
#11 /Applications/XAMPP/xamppfiles/htdocs/pmi-stok-darah/system/Boot.php(363): CodeIgniter\CodeIgniter->run()
#12 /Applications/XAMPP/xamppfiles/htdocs/pmi-stok-darah/system/Boot.php(68): CodeIgniter\Boot::runCodeIgniter(Object(CodeIgniter\CodeIgniter))
#13 /Applications/XAMPP/xamppfiles/htdocs/pmi-stok-darah/public/index.php(59): CodeIgniter\Boot::bootWeb(Object(Config\Paths))
#14 /Applications/XAMPP/xamppfiles/htdocs/pmi-stok-darah/system/rewrite.php(44): require_once('/Applications/X...')
#15 {main}
CRITICAL - 2025-11-29 09:17:52 --> CodeIgniter\Database\Exceptions\DatabaseException: Unknown column 'is_active' in 'where clause'
[Method: GET, Route: produsen]
in SYSTEMPATH/Database/BaseConnection.php on line 684.
 1 SYSTEMPATH/Database/BaseBuilder.php(1733): CodeIgniter\Database\BaseConnection->query('SELECT COUNT(*) AS `numrows`
FROM `produsen`
WHERE `is_active` = :is_active:', [...], false)
 2 SYSTEMPATH/Model.php(675): CodeIgniter\Database\BaseBuilder->countAllResults(false)
 3 SYSTEMPATH/BaseModel.php(1277): CodeIgniter\Model->countAllResults(false)
 4 APPPATH/Models/ProdusenModel.php(27): CodeIgniter\BaseModel->paginate(10)
 5 APPPATH/Controllers/Produsen.php(21): App\Models\ProdusenModel->getProdusen(null, 10)
 6 SYSTEMPATH/CodeIgniter.php(933): App\Controllers\Produsen->index()
 7 SYSTEMPATH/CodeIgniter.php(507): CodeIgniter\CodeIgniter->runController(Object(App\Controllers\Produsen))
 8 SYSTEMPATH/CodeIgniter.php(354): CodeIgniter\CodeIgniter->handleRequest(null, Object(Config\Cache), false)
 9 SYSTEMPATH/Boot.php(363): CodeIgniter\CodeIgniter->run()
10 SYSTEMPATH/Boot.php(68): CodeIgniter\Boot::runCodeIgniter(Object(CodeIgniter\CodeIgniter))
11 FCPATH/index.php(59): CodeIgniter\Boot::bootWeb(Object(Config\Paths))
12 SYSTEMPATH/rewrite.php(44): require_once('/Applications/XAMPP/xamppfiles/htdocs/pmi-stok-darah/public/index.php')
CRITICAL - 2025-11-29 09:17:52 --> [Caused by] CodeIgniter\Database\Exceptions\DatabaseException: Unknown column 'is_active' in 'where clause'
in SYSTEMPATH/Database/MySQLi/Connection.php on line 332.
 1 SYSTEMPATH/Database/BaseConnection.php(729): CodeIgniter\Database\MySQLi\Connection->execute('SELECT COUNT(*) AS `numrows`
FROM `produsen`
WHERE `is_active` = 1')
 2 SYSTEMPATH/Database/BaseConnection.php(646): CodeIgniter\Database\BaseConnection->simpleQuery('SELECT COUNT(*) AS `numrows`
FROM `produsen`
WHERE `is_active` = 1')
 3 SYSTEMPATH/Database/BaseBuilder.php(1733): CodeIgniter\Database\BaseConnection->query('SELECT COUNT(*) AS `numrows`
FROM `produsen`
WHERE `is_active` = :is_active:', [...], false)
 4 SYSTEMPATH/Model.php(675): CodeIgniter\Database\BaseBuilder->countAllResults(false)
 5 SYSTEMPATH/BaseModel.php(1277): CodeIgniter\Model->countAllResults(false)
 6 APPPATH/Models/ProdusenModel.php(27): CodeIgniter\BaseModel->paginate(10)
 7 APPPATH/Controllers/Produsen.php(21): App\Models\ProdusenModel->getProdusen(null, 10)
 8 SYSTEMPATH/CodeIgniter.php(933): App\Controllers\Produsen->index()
 9 SYSTEMPATH/CodeIgniter.php(507): CodeIgniter\CodeIgniter->runController(Object(App\Controllers\Produsen))
10 SYSTEMPATH/CodeIgniter.php(354): CodeIgniter\CodeIgniter->handleRequest(null, Object(Config\Cache), false)
11 SYSTEMPATH/Boot.php(363): CodeIgniter\CodeIgniter->run()
12 SYSTEMPATH/Boot.php(68): CodeIgniter\Boot::runCodeIgniter(Object(CodeIgniter\CodeIgniter))
13 FCPATH/index.php(59): CodeIgniter\Boot::bootWeb(Object(Config\Paths))
14 SYSTEMPATH/rewrite.php(44): require_once('/Applications/XAMPP/xamppfiles/htdocs/pmi-stok-darah/public/index.php')
CRITICAL - 2025-11-29 09:17:52 --> [Caused by] mysqli_sql_exception: Unknown column 'is_active' in 'where clause'
in SYSTEMPATH/Database/MySQLi/Connection.php on line 327.
 1 SYSTEMPATH/Database/MySQLi/Connection.php(327): mysqli->query('SELECT COUNT(*) AS `numrows`
FROM `produsen`
WHERE `is_active` = 1', 0)
 2 SYSTEMPATH/Database/BaseConnection.php(729): CodeIgniter\Database\MySQLi\Connection->execute('SELECT COUNT(*) AS `numrows`
FROM `produsen`
WHERE `is_active` = 1')
 3 SYSTEMPATH/Database/BaseConnection.php(646): CodeIgniter\Database\BaseConnection->simpleQuery('SELECT COUNT(*) AS `numrows`
FROM `produsen`
WHERE `is_active` = 1')
 4 SYSTEMPATH/Database/BaseBuilder.php(1733): CodeIgniter\Database\BaseConnection->query('SELECT COUNT(*) AS `numrows`
FROM `produsen`
WHERE `is_active` = :is_active:', [...], false)
 5 SYSTEMPATH/Model.php(675): CodeIgniter\Database\BaseBuilder->countAllResults(false)
 6 SYSTEMPATH/BaseModel.php(1277): CodeIgniter\Model->countAllResults(false)
 7 APPPATH/Models/ProdusenModel.php(27): CodeIgniter\BaseModel->paginate(10)
 8 APPPATH/Controllers/Produsen.php(21): App\Models\ProdusenModel->getProdusen(null, 10)
 9 SYSTEMPATH/CodeIgniter.php(933): App\Controllers\Produsen->index()
10 SYSTEMPATH/CodeIgniter.php(507): CodeIgniter\CodeIgniter->runController(Object(App\Controllers\Produsen))
11 SYSTEMPATH/CodeIgniter.php(354): CodeIgniter\CodeIgniter->handleRequest(null, Object(Config\Cache), false)
12 SYSTEMPATH/Boot.php(363): CodeIgniter\CodeIgniter->run()
13 SYSTEMPATH/Boot.php(68): CodeIgniter\Boot::runCodeIgniter(Object(CodeIgniter\CodeIgniter))
14 FCPATH/index.php(59): CodeIgniter\Boot::bootWeb(Object(Config\Paths))
15 SYSTEMPATH/rewrite.php(44): require_once('/Applications/XAMPP/xamppfiles/htdocs/pmi-stok-darah/public/index.php')
DEBUG - 2025-11-29 09:17:52 --> Session: Class initialized using 'CodeIgniter\Session\Handlers\FileHandler' driver.
ERROR - 2025-11-29 09:17:52 --> mysqli_sql_exception: Unknown column 'is_active' in 'where clause' in /Applications/XAMPP/xamppfiles/htdocs/pmi-stok-darah/system/Database/MySQLi/Connection.php:327
Stack trace:
#0 /Applications/XAMPP/xamppfiles/htdocs/pmi-stok-darah/system/Database/MySQLi/Connection.php(327): mysqli->query('SELECT COUNT(*)...', 0)
#1 /Applications/XAMPP/xamppfiles/htdocs/pmi-stok-darah/system/Database/BaseConnection.php(729): CodeIgniter\Database\MySQLi\Connection->execute('SELECT COUNT(*)...')
#2 /Applications/XAMPP/xamppfiles/htdocs/pmi-stok-darah/system/Database/BaseConnection.php(646): CodeIgniter\Database\BaseConnection->simpleQuery('SELECT COUNT(*)...')
#3 /Applications/XAMPP/xamppfiles/htdocs/pmi-stok-darah/system/Database/BaseBuilder.php(1733): CodeIgniter\Database\BaseConnection->query('SELECT COUNT(*)...', Array, false)
#4 /Applications/XAMPP/xamppfiles/htdocs/pmi-stok-darah/system/Model.php(675): CodeIgniter\Database\BaseBuilder->countAllResults(false)
#5 /Applications/XAMPP/xamppfiles/htdocs/pmi-stok-darah/system/BaseModel.php(1277): CodeIgniter\Model->countAllResults(false)
#6 /Applications/XAMPP/xamppfiles/htdocs/pmi-stok-darah/app/Models/ProdusenModel.php(27): CodeIgniter\BaseModel->paginate(10)
#7 /Applications/XAMPP/xamppfiles/htdocs/pmi-stok-darah/app/Controllers/Produsen.php(21): App\Models\ProdusenModel->getProdusen(NULL, 10)
#8 /Applications/XAMPP/xamppfiles/htdocs/pmi-stok-darah/system/CodeIgniter.php(933): App\Controllers\Produsen->index()
#9 /Applications/XAMPP/xamppfiles/htdocs/pmi-stok-darah/system/CodeIgniter.php(507): CodeIgniter\CodeIgniter->runController(Object(App\Controllers\Produsen))
#10 /Applications/XAMPP/xamppfiles/htdocs/pmi-stok-darah/system/CodeIgniter.php(354): CodeIgniter\CodeIgniter->handleRequest(NULL, Object(Config\Cache), false)
#11 /Applications/XAMPP/xamppfiles/htdocs/pmi-stok-darah/system/Boot.php(363): CodeIgniter\CodeIgniter->run()
#12 /Applications/XAMPP/xamppfiles/htdocs/pmi-stok-darah/system/Boot.php(68): CodeIgniter\Boot::runCodeIgniter(Object(CodeIgniter\CodeIgniter))
#13 /Applications/XAMPP/xamppfiles/htdocs/pmi-stok-darah/public/index.php(59): CodeIgniter\Boot::bootWeb(Object(Config\Paths))
#14 /Applications/XAMPP/xamppfiles/htdocs/pmi-stok-darah/system/rewrite.php(44): require_once('/Applications/X...')
#15 {main}
CRITICAL - 2025-11-29 09:17:52 --> CodeIgniter\Database\Exceptions\DatabaseException: Unknown column 'is_active' in 'where clause'
[Method: GET, Route: produsen]
in SYSTEMPATH/Database/BaseConnection.php on line 684.
 1 SYSTEMPATH/Database/BaseBuilder.php(1733): CodeIgniter\Database\BaseConnection->query('SELECT COUNT(*) AS `numrows`
FROM `produsen`
WHERE `is_active` = :is_active:', [...], false)
 2 SYSTEMPATH/Model.php(675): CodeIgniter\Database\BaseBuilder->countAllResults(false)
 3 SYSTEMPATH/BaseModel.php(1277): CodeIgniter\Model->countAllResults(false)
 4 APPPATH/Models/ProdusenModel.php(27): CodeIgniter\BaseModel->paginate(10)
 5 APPPATH/Controllers/Produsen.php(21): App\Models\ProdusenModel->getProdusen(null, 10)
 6 SYSTEMPATH/CodeIgniter.php(933): App\Controllers\Produsen->index()
 7 SYSTEMPATH/CodeIgniter.php(507): CodeIgniter\CodeIgniter->runController(Object(App\Controllers\Produsen))
 8 SYSTEMPATH/CodeIgniter.php(354): CodeIgniter\CodeIgniter->handleRequest(null, Object(Config\Cache), false)
 9 SYSTEMPATH/Boot.php(363): CodeIgniter\CodeIgniter->run()
10 SYSTEMPATH/Boot.php(68): CodeIgniter\Boot::runCodeIgniter(Object(CodeIgniter\CodeIgniter))
11 FCPATH/index.php(59): CodeIgniter\Boot::bootWeb(Object(Config\Paths))
12 SYSTEMPATH/rewrite.php(44): require_once('/Applications/XAMPP/xamppfiles/htdocs/pmi-stok-darah/public/index.php')
CRITICAL - 2025-11-29 09:17:52 --> [Caused by] CodeIgniter\Database\Exceptions\DatabaseException: Unknown column 'is_active' in 'where clause'
in SYSTEMPATH/Database/MySQLi/Connection.php on line 332.
 1 SYSTEMPATH/Database/BaseConnection.php(729): CodeIgniter\Database\MySQLi\Connection->execute('SELECT COUNT(*) AS `numrows`
FROM `produsen`
WHERE `is_active` = 1')
 2 SYSTEMPATH/Database/BaseConnection.php(646): CodeIgniter\Database\BaseConnection->simpleQuery('SELECT COUNT(*) AS `numrows`
FROM `produsen`
WHERE `is_active` = 1')
 3 SYSTEMPATH/Database/BaseBuilder.php(1733): CodeIgniter\Database\BaseConnection->query('SELECT COUNT(*) AS `numrows`
FROM `produsen`
WHERE `is_active` = :is_active:', [...], false)
 4 SYSTEMPATH/Model.php(675): CodeIgniter\Database\BaseBuilder->countAllResults(false)
 5 SYSTEMPATH/BaseModel.php(1277): CodeIgniter\Model->countAllResults(false)
 6 APPPATH/Models/ProdusenModel.php(27): CodeIgniter\BaseModel->paginate(10)
 7 APPPATH/Controllers/Produsen.php(21): App\Models\ProdusenModel->getProdusen(null, 10)
 8 SYSTEMPATH/CodeIgniter.php(933): App\Controllers\Produsen->index()
 9 SYSTEMPATH/CodeIgniter.php(507): CodeIgniter\CodeIgniter->runController(Object(App\Controllers\Produsen))
10 SYSTEMPATH/CodeIgniter.php(354): CodeIgniter\CodeIgniter->handleRequest(null, Object(Config\Cache), false)
11 SYSTEMPATH/Boot.php(363): CodeIgniter\CodeIgniter->run()
12 SYSTEMPATH/Boot.php(68): CodeIgniter\Boot::runCodeIgniter(Object(CodeIgniter\CodeIgniter))
13 FCPATH/index.php(59): CodeIgniter\Boot::bootWeb(Object(Config\Paths))
14 SYSTEMPATH/rewrite.php(44): require_once('/Applications/XAMPP/xamppfiles/htdocs/pmi-stok-darah/public/index.php')
CRITICAL - 2025-11-29 09:17:52 --> [Caused by] mysqli_sql_exception: Unknown column 'is_active' in 'where clause'
in SYSTEMPATH/Database/MySQLi/Connection.php on line 327.
 1 SYSTEMPATH/Database/MySQLi/Connection.php(327): mysqli->query('SELECT COUNT(*) AS `numrows`
FROM `produsen`
WHERE `is_active` = 1', 0)
 2 SYSTEMPATH/Database/BaseConnection.php(729): CodeIgniter\Database\MySQLi\Connection->execute('SELECT COUNT(*) AS `numrows`
FROM `produsen`
WHERE `is_active` = 1')
 3 SYSTEMPATH/Database/BaseConnection.php(646): CodeIgniter\Database\BaseConnection->simpleQuery('SELECT COUNT(*) AS `numrows`
FROM `produsen`
WHERE `is_active` = 1')
 4 SYSTEMPATH/Database/BaseBuilder.php(1733): CodeIgniter\Database\BaseConnection->query('SELECT COUNT(*) AS `numrows`
FROM `produsen`
WHERE `is_active` = :is_active:', [...], false)
 5 SYSTEMPATH/Model.php(675): CodeIgniter\Database\BaseBuilder->countAllResults(false)
 6 SYSTEMPATH/BaseModel.php(1277): CodeIgniter\Model->countAllResults(false)
 7 APPPATH/Models/ProdusenModel.php(27): CodeIgniter\BaseModel->paginate(10)
 8 APPPATH/Controllers/Produsen.php(21): App\Models\ProdusenModel->getProdusen(null, 10)
 9 SYSTEMPATH/CodeIgniter.php(933): App\Controllers\Produsen->index()
10 SYSTEMPATH/CodeIgniter.php(507): CodeIgniter\CodeIgniter->runController(Object(App\Controllers\Produsen))
11 SYSTEMPATH/CodeIgniter.php(354): CodeIgniter\CodeIgniter->handleRequest(null, Object(Config\Cache), false)
12 SYSTEMPATH/Boot.php(363): CodeIgniter\CodeIgniter->run()
13 SYSTEMPATH/Boot.php(68): CodeIgniter\Boot::runCodeIgniter(Object(CodeIgniter\CodeIgniter))
14 FCPATH/index.php(59): CodeIgniter\Boot::bootWeb(Object(Config\Paths))
15 SYSTEMPATH/rewrite.php(44): require_once('/Applications/XAMPP/xamppfiles/htdocs/pmi-stok-darah/public/index.php')
DEBUG - 2025-11-29 09:17:52 --> Session: Class initialized using 'CodeIgniter\Session\Handlers\FileHandler' driver.
ERROR - 2025-11-29 09:17:52 --> mysqli_sql_exception: Unknown column 'is_active' in 'where clause' in /Applications/XAMPP/xamppfiles/htdocs/pmi-stok-darah/system/Database/MySQLi/Connection.php:327
Stack trace:
#0 /Applications/XAMPP/xamppfiles/htdocs/pmi-stok-darah/system/Database/MySQLi/Connection.php(327): mysqli->query('SELECT COUNT(*)...', 0)
#1 /Applications/XAMPP/xamppfiles/htdocs/pmi-stok-darah/system/Database/BaseConnection.php(729): CodeIgniter\Database\MySQLi\Connection->execute('SELECT COUNT(*)...')
#2 /Applications/XAMPP/xamppfiles/htdocs/pmi-stok-darah/system/Database/BaseConnection.php(646): CodeIgniter\Database\BaseConnection->simpleQuery('SELECT COUNT(*)...')
#3 /Applications/XAMPP/xamppfiles/htdocs/pmi-stok-darah/system/Database/BaseBuilder.php(1733): CodeIgniter\Database\BaseConnection->query('SELECT COUNT(*)...', Array, false)
#4 /Applications/XAMPP/xamppfiles/htdocs/pmi-stok-darah/system/Model.php(675): CodeIgniter\Database\BaseBuilder->countAllResults(false)
#5 /Applications/XAMPP/xamppfiles/htdocs/pmi-stok-darah/system/BaseModel.php(1277): CodeIgniter\Model->countAllResults(false)
#6 /Applications/XAMPP/xamppfiles/htdocs/pmi-stok-darah/app/Models/ProdusenModel.php(27): CodeIgniter\BaseModel->paginate(10)
#7 /Applications/XAMPP/xamppfiles/htdocs/pmi-stok-darah/app/Controllers/Produsen.php(21): App\Models\ProdusenModel->getProdusen(NULL, 10)
#8 /Applications/XAMPP/xamppfiles/htdocs/pmi-stok-darah/system/CodeIgniter.php(933): App\Controllers\Produsen->index()
#9 /Applications/XAMPP/xamppfiles/htdocs/pmi-stok-darah/system/CodeIgniter.php(507): CodeIgniter\CodeIgniter->runController(Object(App\Controllers\Produsen))
#10 /Applications/XAMPP/xamppfiles/htdocs/pmi-stok-darah/system/CodeIgniter.php(354): CodeIgniter\CodeIgniter->handleRequest(NULL, Object(Config\Cache), false)
#11 /Applications/XAMPP/xamppfiles/htdocs/pmi-stok-darah/system/Boot.php(363): CodeIgniter\CodeIgniter->run()
#12 /Applications/XAMPP/xamppfiles/htdocs/pmi-stok-darah/system/Boot.php(68): CodeIgniter\Boot::runCodeIgniter(Object(CodeIgniter\CodeIgniter))
#13 /Applications/XAMPP/xamppfiles/htdocs/pmi-stok-darah/public/index.php(59): CodeIgniter\Boot::bootWeb(Object(Config\Paths))
#14 /Applications/XAMPP/xamppfiles/htdocs/pmi-stok-darah/system/rewrite.php(44): require_once('/Applications/X...')
#15 {main}
CRITICAL - 2025-11-29 09:17:52 --> CodeIgniter\Database\Exceptions\DatabaseException: Unknown column 'is_active' in 'where clause'
[Method: GET, Route: produsen]
in SYSTEMPATH/Database/BaseConnection.php on line 684.
 1 SYSTEMPATH/Database/BaseBuilder.php(1733): CodeIgniter\Database\BaseConnection->query('SELECT COUNT(*) AS `numrows`
FROM `produsen`
WHERE `is_active` = :is_active:', [...], false)
 2 SYSTEMPATH/Model.php(675): CodeIgniter\Database\BaseBuilder->countAllResults(false)
 3 SYSTEMPATH/BaseModel.php(1277): CodeIgniter\Model->countAllResults(false)
 4 APPPATH/Models/ProdusenModel.php(27): CodeIgniter\BaseModel->paginate(10)
 5 APPPATH/Controllers/Produsen.php(21): App\Models\ProdusenModel->getProdusen(null, 10)
 6 SYSTEMPATH/CodeIgniter.php(933): App\Controllers\Produsen->index()
 7 SYSTEMPATH/CodeIgniter.php(507): CodeIgniter\CodeIgniter->runController(Object(App\Controllers\Produsen))
 8 SYSTEMPATH/CodeIgniter.php(354): CodeIgniter\CodeIgniter->handleRequest(null, Object(Config\Cache), false)
 9 SYSTEMPATH/Boot.php(363): CodeIgniter\CodeIgniter->run()
10 SYSTEMPATH/Boot.php(68): CodeIgniter\Boot::runCodeIgniter(Object(CodeIgniter\CodeIgniter))
11 FCPATH/index.php(59): CodeIgniter\Boot::bootWeb(Object(Config\Paths))
12 SYSTEMPATH/rewrite.php(44): require_once('/Applications/XAMPP/xamppfiles/htdocs/pmi-stok-darah/public/index.php')
CRITICAL - 2025-11-29 09:17:52 --> [Caused by] CodeIgniter\Database\Exceptions\DatabaseException: Unknown column 'is_active' in 'where clause'
in SYSTEMPATH/Database/MySQLi/Connection.php on line 332.
 1 SYSTEMPATH/Database/BaseConnection.php(729): CodeIgniter\Database\MySQLi\Connection->execute('SELECT COUNT(*) AS `numrows`
FROM `produsen`
WHERE `is_active` = 1')
 2 SYSTEMPATH/Database/BaseConnection.php(646): CodeIgniter\Database\BaseConnection->simpleQuery('SELECT COUNT(*) AS `numrows`
FROM `produsen`
WHERE `is_active` = 1')
 3 SYSTEMPATH/Database/BaseBuilder.php(1733): CodeIgniter\Database\BaseConnection->query('SELECT COUNT(*) AS `numrows`
FROM `produsen`
WHERE `is_active` = :is_active:', [...], false)
 4 SYSTEMPATH/Model.php(675): CodeIgniter\Database\BaseBuilder->countAllResults(false)
 5 SYSTEMPATH/BaseModel.php(1277): CodeIgniter\Model->countAllResults(false)
 6 APPPATH/Models/ProdusenModel.php(27): CodeIgniter\BaseModel->paginate(10)
 7 APPPATH/Controllers/Produsen.php(21): App\Models\ProdusenModel->getProdusen(null, 10)
 8 SYSTEMPATH/CodeIgniter.php(933): App\Controllers\Produsen->index()
 9 SYSTEMPATH/CodeIgniter.php(507): CodeIgniter\CodeIgniter->runController(Object(App\Controllers\Produsen))
10 SYSTEMPATH/CodeIgniter.php(354): CodeIgniter\CodeIgniter->handleRequest(null, Object(Config\Cache), false)
11 SYSTEMPATH/Boot.php(363): CodeIgniter\CodeIgniter->run()
12 SYSTEMPATH/Boot.php(68): CodeIgniter\Boot::runCodeIgniter(Object(CodeIgniter\CodeIgniter))
13 FCPATH/index.php(59): CodeIgniter\Boot::bootWeb(Object(Config\Paths))
14 SYSTEMPATH/rewrite.php(44): require_once('/Applications/XAMPP/xamppfiles/htdocs/pmi-stok-darah/public/index.php')
CRITICAL - 2025-11-29 09:17:52 --> [Caused by] mysqli_sql_exception: Unknown column 'is_active' in 'where clause'
in SYSTEMPATH/Database/MySQLi/Connection.php on line 327.
 1 SYSTEMPATH/Database/MySQLi/Connection.php(327): mysqli->query('SELECT COUNT(*) AS `numrows`
FROM `produsen`
WHERE `is_active` = 1', 0)
 2 SYSTEMPATH/Database/BaseConnection.php(729): CodeIgniter\Database\MySQLi\Connection->execute('SELECT COUNT(*) AS `numrows`
FROM `produsen`
WHERE `is_active` = 1')
 3 SYSTEMPATH/Database/BaseConnection.php(646): CodeIgniter\Database\BaseConnection->simpleQuery('SELECT COUNT(*) AS `numrows`
FROM `produsen`
WHERE `is_active` = 1')
 4 SYSTEMPATH/Database/BaseBuilder.php(1733): CodeIgniter\Database\BaseConnection->query('SELECT COUNT(*) AS `numrows`
FROM `produsen`
WHERE `is_active` = :is_active:', [...], false)
 5 SYSTEMPATH/Model.php(675): CodeIgniter\Database\BaseBuilder->countAllResults(false)
 6 SYSTEMPATH/BaseModel.php(1277): CodeIgniter\Model->countAllResults(false)
 7 APPPATH/Models/ProdusenModel.php(27): CodeIgniter\BaseModel->paginate(10)
 8 APPPATH/Controllers/Produsen.php(21): App\Models\ProdusenModel->getProdusen(null, 10)
 9 SYSTEMPATH/CodeIgniter.php(933): App\Controllers\Produsen->index()
10 SYSTEMPATH/CodeIgniter.php(507): CodeIgniter\CodeIgniter->runController(Object(App\Controllers\Produsen))
11 SYSTEMPATH/CodeIgniter.php(354): CodeIgniter\CodeIgniter->handleRequest(null, Object(Config\Cache), false)
12 SYSTEMPATH/Boot.php(363): CodeIgniter\CodeIgniter->run()
13 SYSTEMPATH/Boot.php(68): CodeIgniter\Boot::runCodeIgniter(Object(CodeIgniter\CodeIgniter))
14 FCPATH/index.php(59): CodeIgniter\Boot::bootWeb(Object(Config\Paths))
15 SYSTEMPATH/rewrite.php(44): require_once('/Applications/XAMPP/xamppfiles/htdocs/pmi-stok-darah/public/index.php')
DEBUG - 2025-11-29 09:17:53 --> Session: Class initialized using 'CodeIgniter\Session\Handlers\FileHandler' driver.
ERROR - 2025-11-29 09:17:53 --> mysqli_sql_exception: Unknown column 'is_active' in 'where clause' in /Applications/XAMPP/xamppfiles/htdocs/pmi-stok-darah/system/Database/MySQLi/Connection.php:327
Stack trace:
#0 /Applications/XAMPP/xamppfiles/htdocs/pmi-stok-darah/system/Database/MySQLi/Connection.php(327): mysqli->query('SELECT COUNT(*)...', 0)
#1 /Applications/XAMPP/xamppfiles/htdocs/pmi-stok-darah/system/Database/BaseConnection.php(729): CodeIgniter\Database\MySQLi\Connection->execute('SELECT COUNT(*)...')
#2 /Applications/XAMPP/xamppfiles/htdocs/pmi-stok-darah/system/Database/BaseConnection.php(646): CodeIgniter\Database\BaseConnection->simpleQuery('SELECT COUNT(*)...')
#3 /Applications/XAMPP/xamppfiles/htdocs/pmi-stok-darah/system/Database/BaseBuilder.php(1733): CodeIgniter\Database\BaseConnection->query('SELECT COUNT(*)...', Array, false)
#4 /Applications/XAMPP/xamppfiles/htdocs/pmi-stok-darah/system/Model.php(675): CodeIgniter\Database\BaseBuilder->countAllResults(false)
#5 /Applications/XAMPP/xamppfiles/htdocs/pmi-stok-darah/system/BaseModel.php(1277): CodeIgniter\Model->countAllResults(false)
#6 /Applications/XAMPP/xamppfiles/htdocs/pmi-stok-darah/app/Models/ProdusenModel.php(27): CodeIgniter\BaseModel->paginate(10)
#7 /Applications/XAMPP/xamppfiles/htdocs/pmi-stok-darah/app/Controllers/Produsen.php(21): App\Models\ProdusenModel->getProdusen(NULL, 10)
#8 /Applications/XAMPP/xamppfiles/htdocs/pmi-stok-darah/system/CodeIgniter.php(933): App\Controllers\Produsen->index()
#9 /Applications/XAMPP/xamppfiles/htdocs/pmi-stok-darah/system/CodeIgniter.php(507): CodeIgniter\CodeIgniter->runController(Object(App\Controllers\Produsen))
#10 /Applications/XAMPP/xamppfiles/htdocs/pmi-stok-darah/system/CodeIgniter.php(354): CodeIgniter\CodeIgniter->handleRequest(NULL, Object(Config\Cache), false)
#11 /Applications/XAMPP/xamppfiles/htdocs/pmi-stok-darah/system/Boot.php(363): CodeIgniter\CodeIgniter->run()
#12 /Applications/XAMPP/xamppfiles/htdocs/pmi-stok-darah/system/Boot.php(68): CodeIgniter\Boot::runCodeIgniter(Object(CodeIgniter\CodeIgniter))
#13 /Applications/XAMPP/xamppfiles/htdocs/pmi-stok-darah/public/index.php(59): CodeIgniter\Boot::bootWeb(Object(Config\Paths))
#14 /Applications/XAMPP/xamppfiles/htdocs/pmi-stok-darah/system/rewrite.php(44): require_once('/Applications/X...')
#15 {main}
CRITICAL - 2025-11-29 09:17:53 --> CodeIgniter\Database\Exceptions\DatabaseException: Unknown column 'is_active' in 'where clause'
[Method: GET, Route: produsen]
in SYSTEMPATH/Database/BaseConnection.php on line 684.
 1 SYSTEMPATH/Database/BaseBuilder.php(1733): CodeIgniter\Database\BaseConnection->query('SELECT COUNT(*) AS `numrows`
FROM `produsen`
WHERE `is_active` = :is_active:', [...], false)
 2 SYSTEMPATH/Model.php(675): CodeIgniter\Database\BaseBuilder->countAllResults(false)
 3 SYSTEMPATH/BaseModel.php(1277): CodeIgniter\Model->countAllResults(false)
 4 APPPATH/Models/ProdusenModel.php(27): CodeIgniter\BaseModel->paginate(10)
 5 APPPATH/Controllers/Produsen.php(21): App\Models\ProdusenModel->getProdusen(null, 10)
 6 SYSTEMPATH/CodeIgniter.php(933): App\Controllers\Produsen->index()
 7 SYSTEMPATH/CodeIgniter.php(507): CodeIgniter\CodeIgniter->runController(Object(App\Controllers\Produsen))
 8 SYSTEMPATH/CodeIgniter.php(354): CodeIgniter\CodeIgniter->handleRequest(null, Object(Config\Cache), false)
 9 SYSTEMPATH/Boot.php(363): CodeIgniter\CodeIgniter->run()
10 SYSTEMPATH/Boot.php(68): CodeIgniter\Boot::runCodeIgniter(Object(CodeIgniter\CodeIgniter))
11 FCPATH/index.php(59): CodeIgniter\Boot::bootWeb(Object(Config\Paths))
12 SYSTEMPATH/rewrite.php(44): require_once('/Applications/XAMPP/xamppfiles/htdocs/pmi-stok-darah/public/index.php')
CRITICAL - 2025-11-29 09:17:53 --> [Caused by] CodeIgniter\Database\Exceptions\DatabaseException: Unknown column 'is_active' in 'where clause'
in SYSTEMPATH/Database/MySQLi/Connection.php on line 332.
 1 SYSTEMPATH/Database/BaseConnection.php(729): CodeIgniter\Database\MySQLi\Connection->execute('SELECT COUNT(*) AS `numrows`
FROM `produsen`
WHERE `is_active` = 1')
 2 SYSTEMPATH/Database/BaseConnection.php(646): CodeIgniter\Database\BaseConnection->simpleQuery('SELECT COUNT(*) AS `numrows`
FROM `produsen`
WHERE `is_active` = 1')
 3 SYSTEMPATH/Database/BaseBuilder.php(1733): CodeIgniter\Database\BaseConnection->query('SELECT COUNT(*) AS `numrows`
FROM `produsen`
WHERE `is_active` = :is_active:', [...], false)
 4 SYSTEMPATH/Model.php(675): CodeIgniter\Database\BaseBuilder->countAllResults(false)
 5 SYSTEMPATH/BaseModel.php(1277): CodeIgniter\Model->countAllResults(false)
 6 APPPATH/Models/ProdusenModel.php(27): CodeIgniter\BaseModel->paginate(10)
 7 APPPATH/Controllers/Produsen.php(21): App\Models\ProdusenModel->getProdusen(null, 10)
 8 SYSTEMPATH/CodeIgniter.php(933): App\Controllers\Produsen->index()
 9 SYSTEMPATH/CodeIgniter.php(507): CodeIgniter\CodeIgniter->runController(Object(App\Controllers\Produsen))
10 SYSTEMPATH/CodeIgniter.php(354): CodeIgniter\CodeIgniter->handleRequest(null, Object(Config\Cache), false)
11 SYSTEMPATH/Boot.php(363): CodeIgniter\CodeIgniter->run()
12 SYSTEMPATH/Boot.php(68): CodeIgniter\Boot::runCodeIgniter(Object(CodeIgniter\CodeIgniter))
13 FCPATH/index.php(59): CodeIgniter\Boot::bootWeb(Object(Config\Paths))
14 SYSTEMPATH/rewrite.php(44): require_once('/Applications/XAMPP/xamppfiles/htdocs/pmi-stok-darah/public/index.php')
CRITICAL - 2025-11-29 09:17:53 --> [Caused by] mysqli_sql_exception: Unknown column 'is_active' in 'where clause'
in SYSTEMPATH/Database/MySQLi/Connection.php on line 327.
 1 SYSTEMPATH/Database/MySQLi/Connection.php(327): mysqli->query('SELECT COUNT(*) AS `numrows`
FROM `produsen`
WHERE `is_active` = 1', 0)
 2 SYSTEMPATH/Database/BaseConnection.php(729): CodeIgniter\Database\MySQLi\Connection->execute('SELECT COUNT(*) AS `numrows`
FROM `produsen`
WHERE `is_active` = 1')
 3 SYSTEMPATH/Database/BaseConnection.php(646): CodeIgniter\Database\BaseConnection->simpleQuery('SELECT COUNT(*) AS `numrows`
FROM `produsen`
WHERE `is_active` = 1')
 4 SYSTEMPATH/Database/BaseBuilder.php(1733): CodeIgniter\Database\BaseConnection->query('SELECT COUNT(*) AS `numrows`
FROM `produsen`
WHERE `is_active` = :is_active:', [...], false)
 5 SYSTEMPATH/Model.php(675): CodeIgniter\Database\BaseBuilder->countAllResults(false)
 6 SYSTEMPATH/BaseModel.php(1277): CodeIgniter\Model->countAllResults(false)
 7 APPPATH/Models/ProdusenModel.php(27): CodeIgniter\BaseModel->paginate(10)
 8 APPPATH/Controllers/Produsen.php(21): App\Models\ProdusenModel->getProdusen(null, 10)
 9 SYSTEMPATH/CodeIgniter.php(933): App\Controllers\Produsen->index()
10 SYSTEMPATH/CodeIgniter.php(507): CodeIgniter\CodeIgniter->runController(Object(App\Controllers\Produsen))
11 SYSTEMPATH/CodeIgniter.php(354): CodeIgniter\CodeIgniter->handleRequest(null, Object(Config\Cache), false)
12 SYSTEMPATH/Boot.php(363): CodeIgniter\CodeIgniter->run()
13 SYSTEMPATH/Boot.php(68): CodeIgniter\Boot::runCodeIgniter(Object(CodeIgniter\CodeIgniter))
14 FCPATH/index.php(59): CodeIgniter\Boot::bootWeb(Object(Config\Paths))
15 SYSTEMPATH/rewrite.php(44): require_once('/Applications/XAMPP/xamppfiles/htdocs/pmi-stok-darah/public/index.php')
DEBUG - 2025-11-29 09:17:58 --> Session: Class initialized using 'CodeIgniter\Session\Handlers\FileHandler' driver.
DEBUG - 2025-11-29 09:18:00 --> Session: Class initialized using 'CodeIgniter\Session\Handlers\FileHandler' driver.
ERROR - 2025-11-29 09:18:00 --> mysqli_sql_exception: Unknown column 'is_active' in 'where clause' in /Applications/XAMPP/xamppfiles/htdocs/pmi-stok-darah/system/Database/MySQLi/Connection.php:327
Stack trace:
#0 /Applications/XAMPP/xamppfiles/htdocs/pmi-stok-darah/system/Database/MySQLi/Connection.php(327): mysqli->query('SELECT COUNT(*)...', 0)
#1 /Applications/XAMPP/xamppfiles/htdocs/pmi-stok-darah/system/Database/BaseConnection.php(729): CodeIgniter\Database\MySQLi\Connection->execute('SELECT COUNT(*)...')
#2 /Applications/XAMPP/xamppfiles/htdocs/pmi-stok-darah/system/Database/BaseConnection.php(646): CodeIgniter\Database\BaseConnection->simpleQuery('SELECT COUNT(*)...')
#3 /Applications/XAMPP/xamppfiles/htdocs/pmi-stok-darah/system/Database/BaseBuilder.php(1733): CodeIgniter\Database\BaseConnection->query('SELECT COUNT(*)...', Array, false)
#4 /Applications/XAMPP/xamppfiles/htdocs/pmi-stok-darah/system/Model.php(675): CodeIgniter\Database\BaseBuilder->countAllResults(false)
#5 /Applications/XAMPP/xamppfiles/htdocs/pmi-stok-darah/system/BaseModel.php(1277): CodeIgniter\Model->countAllResults(false)
#6 /Applications/XAMPP/xamppfiles/htdocs/pmi-stok-darah/app/Models/RumahSakitModel.php(27): CodeIgniter\BaseModel->paginate(10)
#7 /Applications/XAMPP/xamppfiles/htdocs/pmi-stok-darah/app/Controllers/RumahSakit.php(21): App\Models\RumahSakitModel->getRumahSakit(NULL, 10)
#8 /Applications/XAMPP/xamppfiles/htdocs/pmi-stok-darah/system/CodeIgniter.php(933): App\Controllers\RumahSakit->index()
#9 /Applications/XAMPP/xamppfiles/htdocs/pmi-stok-darah/system/CodeIgniter.php(507): CodeIgniter\CodeIgniter->runController(Object(App\Controllers\RumahSakit))
#10 /Applications/XAMPP/xamppfiles/htdocs/pmi-stok-darah/system/CodeIgniter.php(354): CodeIgniter\CodeIgniter->handleRequest(NULL, Object(Config\Cache), false)
#11 /Applications/XAMPP/xamppfiles/htdocs/pmi-stok-darah/system/Boot.php(363): CodeIgniter\CodeIgniter->run()
#12 /Applications/XAMPP/xamppfiles/htdocs/pmi-stok-darah/system/Boot.php(68): CodeIgniter\Boot::runCodeIgniter(Object(CodeIgniter\CodeIgniter))
#13 /Applications/XAMPP/xamppfiles/htdocs/pmi-stok-darah/public/index.php(59): CodeIgniter\Boot::bootWeb(Object(Config\Paths))
#14 /Applications/XAMPP/xamppfiles/htdocs/pmi-stok-darah/system/rewrite.php(44): require_once('/Applications/X...')
#15 {main}
CRITICAL - 2025-11-29 09:18:00 --> CodeIgniter\Database\Exceptions\DatabaseException: Unknown column 'is_active' in 'where clause'
[Method: GET, Route: rumahsakit]
in SYSTEMPATH/Database/BaseConnection.php on line 684.
 1 SYSTEMPATH/Database/BaseBuilder.php(1733): CodeIgniter\Database\BaseConnection->query('SELECT COUNT(*) AS `numrows`
FROM `rumah_sakit`
WHERE `is_active` = :is_active:', [...], false)
 2 SYSTEMPATH/Model.php(675): CodeIgniter\Database\BaseBuilder->countAllResults(false)
 3 SYSTEMPATH/BaseModel.php(1277): CodeIgniter\Model->countAllResults(false)
 4 APPPATH/Models/RumahSakitModel.php(27): CodeIgniter\BaseModel->paginate(10)
 5 APPPATH/Controllers/RumahSakit.php(21): App\Models\RumahSakitModel->getRumahSakit(null, 10)
 6 SYSTEMPATH/CodeIgniter.php(933): App\Controllers\RumahSakit->index()
 7 SYSTEMPATH/CodeIgniter.php(507): CodeIgniter\CodeIgniter->runController(Object(App\Controllers\RumahSakit))
 8 SYSTEMPATH/CodeIgniter.php(354): CodeIgniter\CodeIgniter->handleRequest(null, Object(Config\Cache), false)
 9 SYSTEMPATH/Boot.php(363): CodeIgniter\CodeIgniter->run()
10 SYSTEMPATH/Boot.php(68): CodeIgniter\Boot::runCodeIgniter(Object(CodeIgniter\CodeIgniter))
11 FCPATH/index.php(59): CodeIgniter\Boot::bootWeb(Object(Config\Paths))
12 SYSTEMPATH/rewrite.php(44): require_once('/Applications/XAMPP/xamppfiles/htdocs/pmi-stok-darah/public/index.php')
CRITICAL - 2025-11-29 09:18:00 --> [Caused by] CodeIgniter\Database\Exceptions\DatabaseException: Unknown column 'is_active' in 'where clause'
in SYSTEMPATH/Database/MySQLi/Connection.php on line 332.
 1 SYSTEMPATH/Database/BaseConnection.php(729): CodeIgniter\Database\MySQLi\Connection->execute('SELECT COUNT(*) AS `numrows`
FROM `rumah_sakit`
WHERE `is_active` = 1')
 2 SYSTEMPATH/Database/BaseConnection.php(646): CodeIgniter\Database\BaseConnection->simpleQuery('SELECT COUNT(*) AS `numrows`
FROM `rumah_sakit`
WHERE `is_active` = 1')
 3 SYSTEMPATH/Database/BaseBuilder.php(1733): CodeIgniter\Database\BaseConnection->query('SELECT COUNT(*) AS `numrows`
FROM `rumah_sakit`
WHERE `is_active` = :is_active:', [...], false)
 4 SYSTEMPATH/Model.php(675): CodeIgniter\Database\BaseBuilder->countAllResults(false)
 5 SYSTEMPATH/BaseModel.php(1277): CodeIgniter\Model->countAllResults(false)
 6 APPPATH/Models/RumahSakitModel.php(27): CodeIgniter\BaseModel->paginate(10)
 7 APPPATH/Controllers/RumahSakit.php(21): App\Models\RumahSakitModel->getRumahSakit(null, 10)
 8 SYSTEMPATH/CodeIgniter.php(933): App\Controllers\RumahSakit->index()
 9 SYSTEMPATH/CodeIgniter.php(507): CodeIgniter\CodeIgniter->runController(Object(App\Controllers\RumahSakit))
10 SYSTEMPATH/CodeIgniter.php(354): CodeIgniter\CodeIgniter->handleRequest(null, Object(Config\Cache), false)
11 SYSTEMPATH/Boot.php(363): CodeIgniter\CodeIgniter->run()
12 SYSTEMPATH/Boot.php(68): CodeIgniter\Boot::runCodeIgniter(Object(CodeIgniter\CodeIgniter))
13 FCPATH/index.php(59): CodeIgniter\Boot::bootWeb(Object(Config\Paths))
14 SYSTEMPATH/rewrite.php(44): require_once('/Applications/XAMPP/xamppfiles/htdocs/pmi-stok-darah/public/index.php')
CRITICAL - 2025-11-29 09:18:00 --> [Caused by] mysqli_sql_exception: Unknown column 'is_active' in 'where clause'
in SYSTEMPATH/Database/MySQLi/Connection.php on line 327.
 1 SYSTEMPATH/Database/MySQLi/Connection.php(327): mysqli->query('SELECT COUNT(*) AS `numrows`
FROM `rumah_sakit`
WHERE `is_active` = 1', 0)
 2 SYSTEMPATH/Database/BaseConnection.php(729): CodeIgniter\Database\MySQLi\Connection->execute('SELECT COUNT(*) AS `numrows`
FROM `rumah_sakit`
WHERE `is_active` = 1')
 3 SYSTEMPATH/Database/BaseConnection.php(646): CodeIgniter\Database\BaseConnection->simpleQuery('SELECT COUNT(*) AS `numrows`
FROM `rumah_sakit`
WHERE `is_active` = 1')
 4 SYSTEMPATH/Database/BaseBuilder.php(1733): CodeIgniter\Database\BaseConnection->query('SELECT COUNT(*) AS `numrows`
FROM `rumah_sakit`
WHERE `is_active` = :is_active:', [...], false)
 5 SYSTEMPATH/Model.php(675): CodeIgniter\Database\BaseBuilder->countAllResults(false)
 6 SYSTEMPATH/BaseModel.php(1277): CodeIgniter\Model->countAllResults(false)
 7 APPPATH/Models/RumahSakitModel.php(27): CodeIgniter\BaseModel->paginate(10)
 8 APPPATH/Controllers/RumahSakit.php(21): App\Models\RumahSakitModel->getRumahSakit(null, 10)
 9 SYSTEMPATH/CodeIgniter.php(933): App\Controllers\RumahSakit->index()
10 SYSTEMPATH/CodeIgniter.php(507): CodeIgniter\CodeIgniter->runController(Object(App\Controllers\RumahSakit))
11 SYSTEMPATH/CodeIgniter.php(354): CodeIgniter\CodeIgniter->handleRequest(null, Object(Config\Cache), false)
12 SYSTEMPATH/Boot.php(363): CodeIgniter\CodeIgniter->run()
13 SYSTEMPATH/Boot.php(68): CodeIgniter\Boot::runCodeIgniter(Object(CodeIgniter\CodeIgniter))
14 FCPATH/index.php(59): CodeIgniter\Boot::bootWeb(Object(Config\Paths))
15 SYSTEMPATH/rewrite.php(44): require_once('/Applications/XAMPP/xamppfiles/htdocs/pmi-stok-darah/public/index.php')
DEBUG - 2025-11-29 09:18:48 --> Session: Class initialized using 'CodeIgniter\Session\Handlers\FileHandler' driver.
DEBUG - 2025-11-29 09:18:49 --> Session: Class initialized using 'CodeIgniter\Session\Handlers\FileHandler' driver.
DEBUG - 2025-11-29 09:18:52 --> Session: Class initialized using 'CodeIgniter\Session\Handlers\FileHandler' driver.
DEBUG - 2025-11-29 09:18:54 --> Session: Class initialized using 'CodeIgniter\Session\Handlers\FileHandler' driver.
DEBUG - 2025-11-29 09:18:58 --> Session: Class initialized using 'CodeIgniter\Session\Handlers\FileHandler' driver.
DEBUG - 2025-11-29 09:18:58 --> Session: Class initialized using 'CodeIgniter\Session\Handlers\FileHandler' driver.
DEBUG - 2025-11-29 09:19:04 --> Session: Class initialized using 'CodeIgniter\Session\Handlers\FileHandler' driver.
DEBUG - 2025-11-29 09:19:07 --> Session: Class initialized using 'CodeIgniter\Session\Handlers\FileHandler' driver.
DEBUG - 2025-11-29 09:19:07 --> Session: Class initialized using 'CodeIgniter\Session\Handlers\FileHandler' driver.
DEBUG - 2025-11-29 09:19:16 --> Session: Class initialized using 'CodeIgniter\Session\Handlers\FileHandler' driver.
DEBUG - 2025-11-29 09:19:16 --> Session: Class initialized using 'CodeIgniter\Session\Handlers\FileHandler' driver.
DEBUG - 2025-11-29 09:19:18 --> Session: Class initialized using 'CodeIgniter\Session\Handlers\FileHandler' driver.
DEBUG - 2025-11-29 09:19:21 --> Session: Class initialized using 'CodeIgniter\Session\Handlers\FileHandler' driver.
DEBUG - 2025-11-29 09:19:23 --> Session: Class initialized using 'CodeIgniter\Session\Handlers\FileHandler' driver.
INFO - 2025-11-29 09:19:39 --> CSRF token verified.
DEBUG - 2025-11-29 09:19:39 --> Session: Class initialized using 'CodeIgniter\Session\Handlers\FileHandler' driver.
DEBUG - 2025-11-29 09:19:39 --> Session: Class initialized using 'CodeIgniter\Session\Handlers\FileHandler' driver.
DEBUG - 2025-11-29 09:19:44 --> Session: Class initialized using 'CodeIgniter\Session\Handlers\FileHandler' driver.
DEBUG - 2025-11-29 09:19:44 --> Session: Class initialized using 'CodeIgniter\Session\Handlers\FileHandler' driver.
DEBUG - 2025-11-29 09:19:51 --> Session: Class initialized using 'CodeIgniter\Session\Handlers\FileHandler' driver.
DEBUG - 2025-11-29 09:19:53 --> Session: Class initialized using 'CodeIgniter\Session\Handlers\FileHandler' driver.
CRITICAL - 2025-11-29 09:19:53 --> ErrorException: Undefined array key "stok"
[Method: GET, Route: stok]
in APPPATH/Views/stok/index.php on line 97.
 1 APPPATH/Views/stok/index.php(97): CodeIgniter\Debug\Exceptions->errorHandler(2, 'Undefined array key "stok"', '/Applications/XAMPP/xamppfiles/htdocs/pmi-stok-darah/app/Views/stok/index.php', 97)
 2 SYSTEMPATH/View/View.php(226): include('/Applications/XAMPP/xamppfiles/htdocs/pmi-stok-darah/app/Views/stok/index.php')
 3 SYSTEMPATH/View/View.php(229): CodeIgniter\View\View->{closure:CodeIgniter\View\View::render():223}()
 4 SYSTEMPATH/Common.php(1167): CodeIgniter\View\View->render('stok/index', [], true)
 5 APPPATH/Controllers/Stok.php(34): view('stok/index', [...])
 6 SYSTEMPATH/CodeIgniter.php(933): App\Controllers\Stok->index()
 7 SYSTEMPATH/CodeIgniter.php(507): CodeIgniter\CodeIgniter->runController(Object(App\Controllers\Stok))
 8 SYSTEMPATH/CodeIgniter.php(354): CodeIgniter\CodeIgniter->handleRequest(null, Object(Config\Cache), false)
 9 SYSTEMPATH/Boot.php(363): CodeIgniter\CodeIgniter->run()
10 SYSTEMPATH/Boot.php(68): CodeIgniter\Boot::runCodeIgniter(Object(CodeIgniter\CodeIgniter))
11 FCPATH/index.php(59): CodeIgniter\Boot::bootWeb(Object(Config\Paths))
12 SYSTEMPATH/rewrite.php(44): require_once('/Applications/XAMPP/xamppfiles/htdocs/pmi-stok-darah/public/index.php')
DEBUG - 2025-11-29 09:19:56 --> Session: Class initialized using 'CodeIgniter\Session\Handlers\FileHandler' driver.
DEBUG - 2025-11-29 09:19:59 --> Session: Class initialized using 'CodeIgniter\Session\Handlers\FileHandler' driver.
DEBUG - 2025-11-29 09:20:01 --> Session: Class initialized using 'CodeIgniter\Session\Handlers\FileHandler' driver.
CRITICAL - 2025-11-29 09:20:01 --> ErrorException: Undefined array key "stok"
[Method: GET, Route: stok]
in APPPATH/Views/stok/index.php on line 97.
 1 APPPATH/Views/stok/index.php(97): CodeIgniter\Debug\Exceptions->errorHandler(2, 'Undefined array key "stok"', '/Applications/XAMPP/xamppfiles/htdocs/pmi-stok-darah/app/Views/stok/index.php', 97)
 2 SYSTEMPATH/View/View.php(226): include('/Applications/XAMPP/xamppfiles/htdocs/pmi-stok-darah/app/Views/stok/index.php')
 3 SYSTEMPATH/View/View.php(229): CodeIgniter\View\View->{closure:CodeIgniter\View\View::render():223}()
 4 SYSTEMPATH/Common.php(1167): CodeIgniter\View\View->render('stok/index', [], true)
 5 APPPATH/Controllers/Stok.php(34): view('stok/index', [...])
 6 SYSTEMPATH/CodeIgniter.php(933): App\Controllers\Stok->index()
 7 SYSTEMPATH/CodeIgniter.php(507): CodeIgniter\CodeIgniter->runController(Object(App\Controllers\Stok))
 8 SYSTEMPATH/CodeIgniter.php(354): CodeIgniter\CodeIgniter->handleRequest(null, Object(Config\Cache), false)
 9 SYSTEMPATH/Boot.php(363): CodeIgniter\CodeIgniter->run()
10 SYSTEMPATH/Boot.php(68): CodeIgniter\Boot::runCodeIgniter(Object(CodeIgniter\CodeIgniter))
11 FCPATH/index.php(59): CodeIgniter\Boot::bootWeb(Object(Config\Paths))
12 SYSTEMPATH/rewrite.php(44): require_once('/Applications/XAMPP/xamppfiles/htdocs/pmi-stok-darah/public/index.php')
DEBUG - 2025-11-29 09:22:29 --> Session: Class initialized using 'CodeIgniter\Session\Handlers\FileHandler' driver.
DEBUG - 2025-11-29 09:23:34 --> Session: Class initialized using 'CodeIgniter\Session\Handlers\FileHandler' driver.
INFO - 2025-11-29 09:23:54 --> CSRF token verified.
DEBUG - 2025-11-29 09:23:54 --> Session: Class initialized using 'CodeIgniter\Session\Handlers\FileHandler' driver.
DEBUG - 2025-11-29 09:23:54 --> Session: Class initialized using 'CodeIgniter\Session\Handlers\FileHandler' driver.
DEBUG - 2025-11-29 09:24:09 --> Session: Class initialized using 'CodeIgniter\Session\Handlers\FileHandler' driver.
DEBUG - 2025-11-29 09:24:11 --> Session: Class initialized using 'CodeIgniter\Session\Handlers\FileHandler' driver.
DEBUG - 2025-11-29 09:24:13 --> Session: Class initialized using 'CodeIgniter\Session\Handlers\FileHandler' driver.
INFO - 2025-11-29 09:24:23 --> CSRF token verified.
DEBUG - 2025-11-29 09:24:23 --> Session: Class initialized using 'CodeIgniter\Session\Handlers\FileHandler' driver.
DEBUG - 2025-11-29 09:24:23 --> Session: Class initialized using 'CodeIgniter\Session\Handlers\FileHandler' driver.
DEBUG - 2025-11-29 09:24:30 --> Session: Class initialized using 'CodeIgniter\Session\Handlers\FileHandler' driver.
CRITICAL - 2025-11-29 09:24:30 --> CodeIgniter\View\Exceptions\ViewException: Invalid file: "pemusnahan/index.php"
[Method: GET, Route: pemusnahan]
in SYSTEMPATH/Exceptions/FrameworkException.php on line 39.
 1 SYSTEMPATH/View/View.php(214): CodeIgniter\Exceptions\FrameworkException::forInvalidFile('pemusnahan/index.php')
 2 SYSTEMPATH/Common.php(1167): CodeIgniter\View\View->render('pemusnahan/index', [], true)
 3 APPPATH/Controllers/Pemusnahan.php(34): view('pemusnahan/index', [...])
 4 SYSTEMPATH/CodeIgniter.php(933): App\Controllers\Pemusnahan->index()
 5 SYSTEMPATH/CodeIgniter.php(507): CodeIgniter\CodeIgniter->runController(Object(App\Controllers\Pemusnahan))
 6 SYSTEMPATH/CodeIgniter.php(354): CodeIgniter\CodeIgniter->handleRequest(null, Object(Config\Cache), false)
 7 SYSTEMPATH/Boot.php(363): CodeIgniter\CodeIgniter->run()
 8 SYSTEMPATH/Boot.php(68): CodeIgniter\Boot::runCodeIgniter(Object(CodeIgniter\CodeIgniter))
 9 FCPATH/index.php(59): CodeIgniter\Boot::bootWeb(Object(Config\Paths))
10 SYSTEMPATH/rewrite.php(44): require_once('/Applications/XAMPP/xamppfiles/htdocs/pmi-stok-darah/public/index.php')
DEBUG - 2025-11-29 09:27:52 --> Session: Class initialized using 'CodeIgniter\Session\Handlers\FileHandler' driver.
DEBUG - 2025-11-29 09:27:56 --> Session: Class initialized using 'CodeIgniter\Session\Handlers\FileHandler' driver.
CRITICAL - 2025-11-29 09:27:56 --> CodeIgniter\View\Exceptions\ViewException: Invalid file: "distribusi/index.php"
[Method: GET, Route: distribusi]
in SYSTEMPATH/Exceptions/FrameworkException.php on line 39.
 1 SYSTEMPATH/View/View.php(214): CodeIgniter\Exceptions\FrameworkException::forInvalidFile('distribusi/index.php')
 2 SYSTEMPATH/Common.php(1167): CodeIgniter\View\View->render('distribusi/index', [], true)
 3 APPPATH/Controllers/Distribusi.php(37): view('distribusi/index', [...])
 4 SYSTEMPATH/CodeIgniter.php(933): App\Controllers\Distribusi->index()
 5 SYSTEMPATH/CodeIgniter.php(507): CodeIgniter\CodeIgniter->runController(Object(App\Controllers\Distribusi))
 6 SYSTEMPATH/CodeIgniter.php(354): CodeIgniter\CodeIgniter->handleRequest(null, Object(Config\Cache), false)
 7 SYSTEMPATH/Boot.php(363): CodeIgniter\CodeIgniter->run()
 8 SYSTEMPATH/Boot.php(68): CodeIgniter\Boot::runCodeIgniter(Object(CodeIgniter\CodeIgniter))
 9 FCPATH/index.php(59): CodeIgniter\Boot::bootWeb(Object(Config\Paths))
10 SYSTEMPATH/rewrite.php(44): require_once('/Applications/XAMPP/xamppfiles/htdocs/pmi-stok-darah/public/index.php')
DEBUG - 2025-11-29 09:28:21 --> Session: Class initialized using 'CodeIgniter\Session\Handlers\FileHandler' driver.
DEBUG - 2025-11-29 09:28:50 --> Session: Class initialized using 'CodeIgniter\Session\Handlers\FileHandler' driver.
DEBUG - 2025-11-29 09:28:54 --> Session: Class initialized using 'CodeIgniter\Session\Handlers\FileHandler' driver.
DEBUG - 2025-11-29 09:29:01 --> Session: Class initialized using 'CodeIgniter\Session\Handlers\FileHandler' driver.
DEBUG - 2025-11-29 09:29:03 --> Session: Class initialized using 'CodeIgniter\Session\Handlers\FileHandler' driver.
INFO - 2025-11-29 09:29:15 --> CSRF token verified.
DEBUG - 2025-11-29 09:29:15 --> Session: Class initialized using 'CodeIgniter\Session\Handlers\FileHandler' driver.
DEBUG - 2025-11-29 09:29:15 --> Session: Class initialized using 'CodeIgniter\Session\Handlers\FileHandler' driver.
DEBUG - 2025-11-29 09:29:21 --> Session: Class initialized using 'CodeIgniter\Session\Handlers\FileHandler' driver.
DEBUG - 2025-11-29 09:29:23 --> Session: Class initialized using 'CodeIgniter\Session\Handlers\FileHandler' driver.
DEBUG - 2025-11-29 09:29:39 --> Session: Class initialized using 'CodeIgniter\Session\Handlers\FileHandler' driver.
DEBUG - 2025-11-29 09:29:46 --> Session: Class initialized using 'CodeIgniter\Session\Handlers\FileHandler' driver.
DEBUG - 2025-11-29 09:29:47 --> Session: Class initialized using 'CodeIgniter\Session\Handlers\FileHandler' driver.
DEBUG - 2025-11-29 09:29:50 --> Session: Class initialized using 'CodeIgniter\Session\Handlers\FileHandler' driver.
INFO - 2025-11-29 09:30:11 --> CSRF token verified.
DEBUG - 2025-11-29 09:30:11 --> Session: Class initialized using 'CodeIgniter\Session\Handlers\FileHandler' driver.
DEBUG - 2025-11-29 09:30:11 --> Session: Class initialized using 'CodeIgniter\Session\Handlers\FileHandler' driver.
DEBUG - 2025-11-29 09:30:13 --> Session: Class initialized using 'CodeIgniter\Session\Handlers\FileHandler' driver.
DEBUG - 2025-11-29 09:30:15 --> Session: Class initialized using 'CodeIgniter\Session\Handlers\FileHandler' driver.
DEBUG - 2025-11-29 09:30:16 --> Session: Class initialized using 'CodeIgniter\Session\Handlers\FileHandler' driver.
DEBUG - 2025-11-29 09:30:16 --> Session: Class initialized using 'CodeIgniter\Session\Handlers\FileHandler' driver.
DEBUG - 2025-11-29 09:30:17 --> Session: Class initialized using 'CodeIgniter\Session\Handlers\FileHandler' driver.
DEBUG - 2025-11-29 09:30:25 --> Session: Class initialized using 'CodeIgniter\Session\Handlers\FileHandler' driver.
DEBUG - 2025-11-29 09:30:26 --> Session: Class initialized using 'CodeIgniter\Session\Handlers\FileHandler' driver.
DEBUG - 2025-11-29 09:30:53 --> Session: Class initialized using 'CodeIgniter\Session\Handlers\FileHandler' driver.
DEBUG - 2025-11-29 09:31:24 --> Session: Class initialized using 'CodeIgniter\Session\Handlers\FileHandler' driver.
DEBUG - 2025-11-29 09:31:32 --> Session: Class initialized using 'CodeIgniter\Session\Handlers\FileHandler' driver.
INFO - 2025-11-29 09:31:57 --> CSRF token verified.
DEBUG - 2025-11-29 09:31:57 --> Session: Class initialized using 'CodeIgniter\Session\Handlers\FileHandler' driver.
DEBUG - 2025-11-29 09:31:57 --> Session: Class initialized using 'CodeIgniter\Session\Handlers\FileHandler' driver.
DEBUG - 2025-11-29 09:32:04 --> Session: Class initialized using 'CodeIgniter\Session\Handlers\FileHandler' driver.
DEBUG - 2025-11-29 09:32:07 --> Session: Class initialized using 'CodeIgniter\Session\Handlers\FileHandler' driver.
INFO - 2025-11-29 09:32:34 --> CSRF token verified.
DEBUG - 2025-11-29 09:32:34 --> Session: Class initialized using 'CodeIgniter\Session\Handlers\FileHandler' driver.
DEBUG - 2025-11-29 09:32:34 --> Session: Class initialized using 'CodeIgniter\Session\Handlers\FileHandler' driver.
DEBUG - 2025-11-29 09:32:40 --> Session: Class initialized using 'CodeIgniter\Session\Handlers\FileHandler' driver.
DEBUG - 2025-11-29 09:32:42 --> Session: Class initialized using 'CodeIgniter\Session\Handlers\FileHandler' driver.
INFO - 2025-11-29 09:33:18 --> CSRF token verified.
DEBUG - 2025-11-29 09:33:18 --> Session: Class initialized using 'CodeIgniter\Session\Handlers\FileHandler' driver.
DEBUG - 2025-11-29 09:33:18 --> Session: Class initialized using 'CodeIgniter\Session\Handlers\FileHandler' driver.
DEBUG - 2025-11-29 09:33:22 --> Session: Class initialized using 'CodeIgniter\Session\Handlers\FileHandler' driver.
DEBUG - 2025-11-29 09:33:26 --> Session: Class initialized using 'CodeIgniter\Session\Handlers\FileHandler' driver.
DEBUG - 2025-11-29 09:33:30 --> Session: Class initialized using 'CodeIgniter\Session\Handlers\FileHandler' driver.
INFO - 2025-11-29 09:33:50 --> CSRF token verified.
DEBUG - 2025-11-29 09:33:50 --> Session: Class initialized using 'CodeIgniter\Session\Handlers\FileHandler' driver.
DEBUG - 2025-11-29 09:33:50 --> Session: Class initialized using 'CodeIgniter\Session\Handlers\FileHandler' driver.
DEBUG - 2025-11-29 09:33:53 --> Session: Class initialized using 'CodeIgniter\Session\Handlers\FileHandler' driver.
DEBUG - 2025-11-29 09:33:58 --> Session: Class initialized using 'CodeIgniter\Session\Handlers\FileHandler' driver.
DEBUG - 2025-11-29 09:35:33 --> Session: Class initialized using 'CodeIgniter\Session\Handlers\FileHandler' driver.
DEBUG - 2025-11-29 09:35:37 --> Session: Class initialized using 'CodeIgniter\Session\Handlers\FileHandler' driver.
DEBUG - 2025-11-29 09:35:41 --> Session: Class initialized using 'CodeIgniter\Session\Handlers\FileHandler' driver.
DEBUG - 2025-11-29 09:35:42 --> Session: Class initialized using 'CodeIgniter\Session\Handlers\FileHandler' driver.
DEBUG - 2025-11-29 09:35:44 --> Session: Class initialized using 'CodeIgniter\Session\Handlers\FileHandler' driver.
DEBUG - 2025-11-29 09:35:48 --> Session: Class initialized using 'CodeIgniter\Session\Handlers\FileHandler' driver.
DEBUG - 2025-11-29 09:35:52 --> Session: Class initialized using 'CodeIgniter\Session\Handlers\FileHandler' driver.
DEBUG - 2025-11-29 09:36:10 --> Session: Class initialized using 'CodeIgniter\Session\Handlers\FileHandler' driver.
DEBUG - 2025-11-29 09:36:13 --> Session: Class initialized using 'CodeIgniter\Session\Handlers\FileHandler' driver.
DEBUG - 2025-11-29 09:36:15 --> Session: Class initialized using 'CodeIgniter\Session\Handlers\FileHandler' driver.
INFO - 2025-11-29 09:36:54 --> CSRF token verified.
DEBUG - 2025-11-29 09:36:54 --> Session: Class initialized using 'CodeIgniter\Session\Handlers\FileHandler' driver.
DEBUG - 2025-11-29 09:36:54 --> Session: Class initialized using 'CodeIgniter\Session\Handlers\FileHandler' driver.
DEBUG - 2025-11-29 09:37:00 --> Session: Class initialized using 'CodeIgniter\Session\Handlers\FileHandler' driver.
DEBUG - 2025-11-29 09:37:03 --> Session: Class initialized using 'CodeIgniter\Session\Handlers\FileHandler' driver.
DEBUG - 2025-11-29 09:37:05 --> Session: Class initialized using 'CodeIgniter\Session\Handlers\FileHandler' driver.
INFO - 2025-11-29 09:37:11 --> CSRF token verified.
DEBUG - 2025-11-29 09:37:11 --> Session: Class initialized using 'CodeIgniter\Session\Handlers\FileHandler' driver.
DEBUG - 2025-11-29 09:37:11 --> Session: Class initialized using 'CodeIgniter\Session\Handlers\FileHandler' driver.
DEBUG - 2025-11-29 09:37:14 --> Session: Class initialized using 'CodeIgniter\Session\Handlers\FileHandler' driver.
INFO - 2025-11-29 09:37:32 --> CSRF token verified.
DEBUG - 2025-11-29 09:37:32 --> Session: Class initialized using 'CodeIgniter\Session\Handlers\FileHandler' driver.
DEBUG - 2025-11-29 09:37:32 --> Session: Class initialized using 'CodeIgniter\Session\Handlers\FileHandler' driver.
DEBUG - 2025-11-29 09:37:35 --> Session: Class initialized using 'CodeIgniter\Session\Handlers\FileHandler' driver.
CRITICAL - 2025-11-29 09:37:46 --> CodeIgniter\Security\Exceptions\SecurityException: The action you requested is not allowed.
[Method: POST, Route: rumahsakit/update/7]
in SYSTEMPATH/Security/Security.php on line 262.
 1 SYSTEMPATH/Security/Security.php(262): CodeIgniter\Security\Exceptions\SecurityException::forDisallowedAction()
 2 SYSTEMPATH/Filters/CSRF.php(52): CodeIgniter\Security\Security->verify(Object(CodeIgniter\HTTP\IncomingRequest))
 3 SYSTEMPATH/Filters/Filters.php(241): CodeIgniter\Filters\CSRF->before(Object(CodeIgniter\HTTP\IncomingRequest), null)
 4 SYSTEMPATH/Filters/Filters.php(221): CodeIgniter\Filters\Filters->runBefore([...])
 5 SYSTEMPATH/CodeIgniter.php(479): CodeIgniter\Filters\Filters->run('rumahsakit/update/7', 'before')
 6 SYSTEMPATH/CodeIgniter.php(354): CodeIgniter\CodeIgniter->handleRequest(null, Object(Config\Cache), false)
 7 SYSTEMPATH/Boot.php(363): CodeIgniter\CodeIgniter->run()
 8 SYSTEMPATH/Boot.php(68): CodeIgniter\Boot::runCodeIgniter(Object(CodeIgniter\CodeIgniter))
 9 FCPATH/index.php(59): CodeIgniter\Boot::bootWeb(Object(Config\Paths))
10 SYSTEMPATH/rewrite.php(44): require_once('/Applications/XAMPP/xamppfiles/htdocs/pmi-stok-darah/public/index.php')
DEBUG - 2025-11-29 09:37:48 --> Session: Class initialized using 'CodeIgniter\Session\Handlers\FileHandler' driver.
INFO - 2025-11-29 09:37:54 --> CSRF token verified.
DEBUG - 2025-11-29 09:37:54 --> Session: Class initialized using 'CodeIgniter\Session\Handlers\FileHandler' driver.
DEBUG - 2025-11-29 09:37:54 --> Session: Class initialized using 'CodeIgniter\Session\Handlers\FileHandler' driver.
DEBUG - 2025-11-29 09:37:59 --> Session: Class initialized using 'CodeIgniter\Session\Handlers\FileHandler' driver.
DEBUG - 2025-11-29 09:38:05 --> Session: Class initialized using 'CodeIgniter\Session\Handlers\FileHandler' driver.
DEBUG - 2025-11-29 09:38:10 --> Session: Class initialized using 'CodeIgniter\Session\Handlers\FileHandler' driver.
DEBUG - 2025-11-29 09:38:12 --> Session: Class initialized using 'CodeIgniter\Session\Handlers\FileHandler' driver.
DEBUG - 2025-11-29 09:38:21 --> Session: Class initialized using 'CodeIgniter\Session\Handlers\FileHandler' driver.
DEBUG - 2025-11-29 09:49:09 --> Session: Class initialized using 'CodeIgniter\Session\Handlers\FileHandler' driver.
DEBUG - 2025-11-29 09:49:09 --> Session: Class initialized using 'CodeIgniter\Session\Handlers\FileHandler' driver.
WARNING - 2025-11-29 09:49:09 --> [DEPRECATED] ucfirst(): Passing null to parameter #1 ($string) of type string is deprecated in APPPATH/Views/templates/navbar.php on line 17.
 1 APPPATH/Views/templates/navbar.php(17): ucfirst(null)
 2 SYSTEMPATH/View/View.php(226): include('/Applications/XAMPP/xamppfiles/htdocs/pmi-stok-darah/app/Views/templates/navbar.php')
 3 SYSTEMPATH/View/View.php(229): CodeIgniter\View\View->{closure:CodeIgniter\View\View::render():223}()
 4 SYSTEMPATH/View/View.php(475): CodeIgniter\View\View->render('templates/navbar', null, true)
 5 APPPATH/Views/dashboard/index.php(2): CodeIgniter\View\View->include('templates/navbar')
 6 SYSTEMPATH/View/View.php(226): include('/Applications/XAMPP/xamppfiles/htdocs/pmi-stok-darah/app/Views/dashboard/index.php')
 7 SYSTEMPATH/View/View.php(229): CodeIgniter\View\View->{closure:CodeIgniter\View\View::render():223}()
 8 SYSTEMPATH/Common.php(1167): CodeIgniter\View\View->render('dashboard/index', [], true)
 9 APPPATH/Controllers/Dashboard.php(76): view('dashboard/index', [...])
10 SYSTEMPATH/CodeIgniter.php(933): App\Controllers\Dashboard->index()
11 SYSTEMPATH/CodeIgniter.php(507): CodeIgniter\CodeIgniter->runController(Object(App\Controllers\Dashboard))
12 SYSTEMPATH/CodeIgniter.php(354): CodeIgniter\CodeIgniter->handleRequest(null, Object(Config\Cache), false)
13 SYSTEMPATH/Boot.php(363): CodeIgniter\CodeIgniter->run()
14 SYSTEMPATH/Boot.php(68): CodeIgniter\Boot::runCodeIgniter(Object(CodeIgniter\CodeIgniter))
15 FCPATH/index.php(59): CodeIgniter\Boot::bootWeb(Object(Config\Paths))
16 SYSTEMPATH/rewrite.php(44): require_once('/Applications/XAMPP/xamppfiles/htdocs/pmi-stok-darah/public/index.php')
WARNING - 2025-11-29 09:49:09 --> [DEPRECATED] ucfirst(): Passing null to parameter #1 ($string) of type string is deprecated in APPPATH/Views/templates/sidebar.php on line 18.
 1 APPPATH/Views/templates/sidebar.php(18): ucfirst(null)
 2 SYSTEMPATH/View/View.php(226): include('/Applications/XAMPP/xamppfiles/htdocs/pmi-stok-darah/app/Views/templates/sidebar.php')
 3 SYSTEMPATH/View/View.php(229): CodeIgniter\View\View->{closure:CodeIgniter\View\View::render():223}()
 4 SYSTEMPATH/View/View.php(475): CodeIgniter\View\View->render('templates/sidebar', null, true)
 5 APPPATH/Views/dashboard/index.php(3): CodeIgniter\View\View->include('templates/sidebar')
 6 SYSTEMPATH/View/View.php(226): include('/Applications/XAMPP/xamppfiles/htdocs/pmi-stok-darah/app/Views/dashboard/index.php')
 7 SYSTEMPATH/View/View.php(229): CodeIgniter\View\View->{closure:CodeIgniter\View\View::render():223}()
 8 SYSTEMPATH/Common.php(1167): CodeIgniter\View\View->render('dashboard/index', [], true)
 9 APPPATH/Controllers/Dashboard.php(76): view('dashboard/index', [...])
10 SYSTEMPATH/CodeIgniter.php(933): App\Controllers\Dashboard->index()
11 SYSTEMPATH/CodeIgniter.php(507): CodeIgniter\CodeIgniter->runController(Object(App\Controllers\Dashboard))
12 SYSTEMPATH/CodeIgniter.php(354): CodeIgniter\CodeIgniter->handleRequest(null, Object(Config\Cache), false)
13 SYSTEMPATH/Boot.php(363): CodeIgniter\CodeIgniter->run()
14 SYSTEMPATH/Boot.php(68): CodeIgniter\Boot::runCodeIgniter(Object(CodeIgniter\CodeIgniter))
15 FCPATH/index.php(59): CodeIgniter\Boot::bootWeb(Object(Config\Paths))
16 SYSTEMPATH/rewrite.php(44): require_once('/Applications/XAMPP/xamppfiles/htdocs/pmi-stok-darah/public/index.php')
DEBUG - 2025-11-29 09:49:20 --> Session: Class initialized using 'CodeIgniter\Session\Handlers\FileHandler' driver.
DEBUG - 2025-11-29 09:49:20 --> Session: Class initialized using 'CodeIgniter\Session\Handlers\FileHandler' driver.
INFO - 2025-11-29 09:49:25 --> CSRF token verified.
DEBUG - 2025-11-29 09:49:25 --> Session: Class initialized using 'CodeIgniter\Session\Handlers\FileHandler' driver.
DEBUG - 2025-11-29 09:49:25 --> Session: Class initialized using 'CodeIgniter\Session\Handlers\FileHandler' driver.
WARNING - 2025-11-29 09:49:25 --> [DEPRECATED] ucfirst(): Passing null to parameter #1 ($string) of type string is deprecated in APPPATH/Views/templates/navbar.php on line 17.
 1 APPPATH/Views/templates/navbar.php(17): ucfirst(null)
 2 SYSTEMPATH/View/View.php(226): include('/Applications/XAMPP/xamppfiles/htdocs/pmi-stok-darah/app/Views/templates/navbar.php')
 3 SYSTEMPATH/View/View.php(229): CodeIgniter\View\View->{closure:CodeIgniter\View\View::render():223}()
 4 SYSTEMPATH/View/View.php(475): CodeIgniter\View\View->render('templates/navbar', null, true)
 5 APPPATH/Views/dashboard/index.php(2): CodeIgniter\View\View->include('templates/navbar')
 6 SYSTEMPATH/View/View.php(226): include('/Applications/XAMPP/xamppfiles/htdocs/pmi-stok-darah/app/Views/dashboard/index.php')
 7 SYSTEMPATH/View/View.php(229): CodeIgniter\View\View->{closure:CodeIgniter\View\View::render():223}()
 8 SYSTEMPATH/Common.php(1167): CodeIgniter\View\View->render('dashboard/index', [], true)
 9 APPPATH/Controllers/Dashboard.php(76): view('dashboard/index', [...])
10 SYSTEMPATH/CodeIgniter.php(933): App\Controllers\Dashboard->index()
11 SYSTEMPATH/CodeIgniter.php(507): CodeIgniter\CodeIgniter->runController(Object(App\Controllers\Dashboard))
12 SYSTEMPATH/CodeIgniter.php(354): CodeIgniter\CodeIgniter->handleRequest(null, Object(Config\Cache), false)
13 SYSTEMPATH/Boot.php(363): CodeIgniter\CodeIgniter->run()
14 SYSTEMPATH/Boot.php(68): CodeIgniter\Boot::runCodeIgniter(Object(CodeIgniter\CodeIgniter))
15 FCPATH/index.php(59): CodeIgniter\Boot::bootWeb(Object(Config\Paths))
16 SYSTEMPATH/rewrite.php(44): require_once('/Applications/XAMPP/xamppfiles/htdocs/pmi-stok-darah/public/index.php')
WARNING - 2025-11-29 09:49:25 --> [DEPRECATED] ucfirst(): Passing null to parameter #1 ($string) of type string is deprecated in APPPATH/Views/templates/sidebar.php on line 18.
 1 APPPATH/Views/templates/sidebar.php(18): ucfirst(null)
 2 SYSTEMPATH/View/View.php(226): include('/Applications/XAMPP/xamppfiles/htdocs/pmi-stok-darah/app/Views/templates/sidebar.php')
 3 SYSTEMPATH/View/View.php(229): CodeIgniter\View\View->{closure:CodeIgniter\View\View::render():223}()
 4 SYSTEMPATH/View/View.php(475): CodeIgniter\View\View->render('templates/sidebar', null, true)
 5 APPPATH/Views/dashboard/index.php(3): CodeIgniter\View\View->include('templates/sidebar')
 6 SYSTEMPATH/View/View.php(226): include('/Applications/XAMPP/xamppfiles/htdocs/pmi-stok-darah/app/Views/dashboard/index.php')
 7 SYSTEMPATH/View/View.php(229): CodeIgniter\View\View->{closure:CodeIgniter\View\View::render():223}()
 8 SYSTEMPATH/Common.php(1167): CodeIgniter\View\View->render('dashboard/index', [], true)
 9 APPPATH/Controllers/Dashboard.php(76): view('dashboard/index', [...])
10 SYSTEMPATH/CodeIgniter.php(933): App\Controllers\Dashboard->index()
11 SYSTEMPATH/CodeIgniter.php(507): CodeIgniter\CodeIgniter->runController(Object(App\Controllers\Dashboard))
12 SYSTEMPATH/CodeIgniter.php(354): CodeIgniter\CodeIgniter->handleRequest(null, Object(Config\Cache), false)
13 SYSTEMPATH/Boot.php(363): CodeIgniter\CodeIgniter->run()
14 SYSTEMPATH/Boot.php(68): CodeIgniter\Boot::runCodeIgniter(Object(CodeIgniter\CodeIgniter))
15 FCPATH/index.php(59): CodeIgniter\Boot::bootWeb(Object(Config\Paths))
16 SYSTEMPATH/rewrite.php(44): require_once('/Applications/XAMPP/xamppfiles/htdocs/pmi-stok-darah/public/index.php')
DEBUG - 2025-11-29 09:49:27 --> Session: Class initialized using 'CodeIgniter\Session\Handlers\FileHandler' driver.
WARNING - 2025-11-29 09:49:27 --> [DEPRECATED] ucfirst(): Passing null to parameter #1 ($string) of type string is deprecated in APPPATH/Views/templates/navbar.php on line 17.
 1 APPPATH/Views/templates/navbar.php(17): ucfirst(null)
 2 SYSTEMPATH/View/View.php(226): include('/Applications/XAMPP/xamppfiles/htdocs/pmi-stok-darah/app/Views/templates/navbar.php')
 3 SYSTEMPATH/View/View.php(229): CodeIgniter\View\View->{closure:CodeIgniter\View\View::render():223}()
 4 SYSTEMPATH/View/View.php(475): CodeIgniter\View\View->render('templates/navbar', null, true)
 5 APPPATH/Views/dashboard/index.php(2): CodeIgniter\View\View->include('templates/navbar')
 6 SYSTEMPATH/View/View.php(226): include('/Applications/XAMPP/xamppfiles/htdocs/pmi-stok-darah/app/Views/dashboard/index.php')
 7 SYSTEMPATH/View/View.php(229): CodeIgniter\View\View->{closure:CodeIgniter\View\View::render():223}()
 8 SYSTEMPATH/Common.php(1167): CodeIgniter\View\View->render('dashboard/index', [], true)
 9 APPPATH/Controllers/Dashboard.php(76): view('dashboard/index', [...])
10 SYSTEMPATH/CodeIgniter.php(933): App\Controllers\Dashboard->index()
11 SYSTEMPATH/CodeIgniter.php(507): CodeIgniter\CodeIgniter->runController(Object(App\Controllers\Dashboard))
12 SYSTEMPATH/CodeIgniter.php(354): CodeIgniter\CodeIgniter->handleRequest(null, Object(Config\Cache), false)
13 SYSTEMPATH/Boot.php(363): CodeIgniter\CodeIgniter->run()
14 SYSTEMPATH/Boot.php(68): CodeIgniter\Boot::runCodeIgniter(Object(CodeIgniter\CodeIgniter))
15 FCPATH/index.php(59): CodeIgniter\Boot::bootWeb(Object(Config\Paths))
16 SYSTEMPATH/rewrite.php(44): require_once('/Applications/XAMPP/xamppfiles/htdocs/pmi-stok-darah/public/index.php')
WARNING - 2025-11-29 09:49:27 --> [DEPRECATED] ucfirst(): Passing null to parameter #1 ($string) of type string is deprecated in APPPATH/Views/templates/sidebar.php on line 18.
 1 APPPATH/Views/templates/sidebar.php(18): ucfirst(null)
 2 SYSTEMPATH/View/View.php(226): include('/Applications/XAMPP/xamppfiles/htdocs/pmi-stok-darah/app/Views/templates/sidebar.php')
 3 SYSTEMPATH/View/View.php(229): CodeIgniter\View\View->{closure:CodeIgniter\View\View::render():223}()
 4 SYSTEMPATH/View/View.php(475): CodeIgniter\View\View->render('templates/sidebar', null, true)
 5 APPPATH/Views/dashboard/index.php(3): CodeIgniter\View\View->include('templates/sidebar')
 6 SYSTEMPATH/View/View.php(226): include('/Applications/XAMPP/xamppfiles/htdocs/pmi-stok-darah/app/Views/dashboard/index.php')
 7 SYSTEMPATH/View/View.php(229): CodeIgniter\View\View->{closure:CodeIgniter\View\View::render():223}()
 8 SYSTEMPATH/Common.php(1167): CodeIgniter\View\View->render('dashboard/index', [], true)
 9 APPPATH/Controllers/Dashboard.php(76): view('dashboard/index', [...])
10 SYSTEMPATH/CodeIgniter.php(933): App\Controllers\Dashboard->index()
11 SYSTEMPATH/CodeIgniter.php(507): CodeIgniter\CodeIgniter->runController(Object(App\Controllers\Dashboard))
12 SYSTEMPATH/CodeIgniter.php(354): CodeIgniter\CodeIgniter->handleRequest(null, Object(Config\Cache), false)
13 SYSTEMPATH/Boot.php(363): CodeIgniter\CodeIgniter->run()
14 SYSTEMPATH/Boot.php(68): CodeIgniter\Boot::runCodeIgniter(Object(CodeIgniter\CodeIgniter))
15 FCPATH/index.php(59): CodeIgniter\Boot::bootWeb(Object(Config\Paths))
16 SYSTEMPATH/rewrite.php(44): require_once('/Applications/XAMPP/xamppfiles/htdocs/pmi-stok-darah/public/index.php')
DEBUG - 2025-11-29 09:49:28 --> Session: Class initialized using 'CodeIgniter\Session\Handlers\FileHandler' driver.
DEBUG - 2025-11-29 09:49:28 --> Session: Class initialized using 'CodeIgniter\Session\Handlers\FileHandler' driver.
WARNING - 2025-11-29 09:49:28 --> [DEPRECATED] ucfirst(): Passing null to parameter #1 ($string) of type string is deprecated in APPPATH/Views/templates/navbar.php on line 17.
 1 APPPATH/Views/templates/navbar.php(17): ucfirst(null)
 2 SYSTEMPATH/View/View.php(226): include('/Applications/XAMPP/xamppfiles/htdocs/pmi-stok-darah/app/Views/templates/navbar.php')
 3 SYSTEMPATH/View/View.php(229): CodeIgniter\View\View->{closure:CodeIgniter\View\View::render():223}()
 4 SYSTEMPATH/View/View.php(475): CodeIgniter\View\View->render('templates/navbar', null, true)
 5 APPPATH/Views/dashboard/index.php(2): CodeIgniter\View\View->include('templates/navbar')
 6 SYSTEMPATH/View/View.php(226): include('/Applications/XAMPP/xamppfiles/htdocs/pmi-stok-darah/app/Views/dashboard/index.php')
 7 SYSTEMPATH/View/View.php(229): CodeIgniter\View\View->{closure:CodeIgniter\View\View::render():223}()
 8 SYSTEMPATH/Common.php(1167): CodeIgniter\View\View->render('dashboard/index', [], true)
 9 APPPATH/Controllers/Dashboard.php(76): view('dashboard/index', [...])
10 SYSTEMPATH/CodeIgniter.php(933): App\Controllers\Dashboard->index()
11 SYSTEMPATH/CodeIgniter.php(507): CodeIgniter\CodeIgniter->runController(Object(App\Controllers\Dashboard))
12 SYSTEMPATH/CodeIgniter.php(354): CodeIgniter\CodeIgniter->handleRequest(null, Object(Config\Cache), false)
13 SYSTEMPATH/Boot.php(363): CodeIgniter\CodeIgniter->run()
14 SYSTEMPATH/Boot.php(68): CodeIgniter\Boot::runCodeIgniter(Object(CodeIgniter\CodeIgniter))
15 FCPATH/index.php(59): CodeIgniter\Boot::bootWeb(Object(Config\Paths))
16 SYSTEMPATH/rewrite.php(44): require_once('/Applications/XAMPP/xamppfiles/htdocs/pmi-stok-darah/public/index.php')
WARNING - 2025-11-29 09:49:28 --> [DEPRECATED] ucfirst(): Passing null to parameter #1 ($string) of type string is deprecated in APPPATH/Views/templates/sidebar.php on line 18.
 1 APPPATH/Views/templates/sidebar.php(18): ucfirst(null)
 2 SYSTEMPATH/View/View.php(226): include('/Applications/XAMPP/xamppfiles/htdocs/pmi-stok-darah/app/Views/templates/sidebar.php')
 3 SYSTEMPATH/View/View.php(229): CodeIgniter\View\View->{closure:CodeIgniter\View\View::render():223}()
 4 SYSTEMPATH/View/View.php(475): CodeIgniter\View\View->render('templates/sidebar', null, true)
 5 APPPATH/Views/dashboard/index.php(3): CodeIgniter\View\View->include('templates/sidebar')
 6 SYSTEMPATH/View/View.php(226): include('/Applications/XAMPP/xamppfiles/htdocs/pmi-stok-darah/app/Views/dashboard/index.php')
 7 SYSTEMPATH/View/View.php(229): CodeIgniter\View\View->{closure:CodeIgniter\View\View::render():223}()
 8 SYSTEMPATH/Common.php(1167): CodeIgniter\View\View->render('dashboard/index', [], true)
 9 APPPATH/Controllers/Dashboard.php(76): view('dashboard/index', [...])
10 SYSTEMPATH/CodeIgniter.php(933): App\Controllers\Dashboard->index()
11 SYSTEMPATH/CodeIgniter.php(507): CodeIgniter\CodeIgniter->runController(Object(App\Controllers\Dashboard))
12 SYSTEMPATH/CodeIgniter.php(354): CodeIgniter\CodeIgniter->handleRequest(null, Object(Config\Cache), false)
13 SYSTEMPATH/Boot.php(363): CodeIgniter\CodeIgniter->run()
14 SYSTEMPATH/Boot.php(68): CodeIgniter\Boot::runCodeIgniter(Object(CodeIgniter\CodeIgniter))
15 FCPATH/index.php(59): CodeIgniter\Boot::bootWeb(Object(Config\Paths))
16 SYSTEMPATH/rewrite.php(44): require_once('/Applications/XAMPP/xamppfiles/htdocs/pmi-stok-darah/public/index.php')
DEBUG - 2025-11-29 09:49:28 --> Session: Class initialized using 'CodeIgniter\Session\Handlers\FileHandler' driver.
DEBUG - 2025-11-29 09:49:28 --> Session: Class initialized using 'CodeIgniter\Session\Handlers\FileHandler' driver.
WARNING - 2025-11-29 09:49:28 --> [DEPRECATED] ucfirst(): Passing null to parameter #1 ($string) of type string is deprecated in APPPATH/Views/templates/navbar.php on line 17.
 1 APPPATH/Views/templates/navbar.php(17): ucfirst(null)
 2 SYSTEMPATH/View/View.php(226): include('/Applications/XAMPP/xamppfiles/htdocs/pmi-stok-darah/app/Views/templates/navbar.php')
 3 SYSTEMPATH/View/View.php(229): CodeIgniter\View\View->{closure:CodeIgniter\View\View::render():223}()
 4 SYSTEMPATH/View/View.php(475): CodeIgniter\View\View->render('templates/navbar', null, true)
 5 APPPATH/Views/dashboard/index.php(2): CodeIgniter\View\View->include('templates/navbar')
 6 SYSTEMPATH/View/View.php(226): include('/Applications/XAMPP/xamppfiles/htdocs/pmi-stok-darah/app/Views/dashboard/index.php')
 7 SYSTEMPATH/View/View.php(229): CodeIgniter\View\View->{closure:CodeIgniter\View\View::render():223}()
 8 SYSTEMPATH/Common.php(1167): CodeIgniter\View\View->render('dashboard/index', [], true)
 9 APPPATH/Controllers/Dashboard.php(76): view('dashboard/index', [...])
10 SYSTEMPATH/CodeIgniter.php(933): App\Controllers\Dashboard->index()
11 SYSTEMPATH/CodeIgniter.php(507): CodeIgniter\CodeIgniter->runController(Object(App\Controllers\Dashboard))
12 SYSTEMPATH/CodeIgniter.php(354): CodeIgniter\CodeIgniter->handleRequest(null, Object(Config\Cache), false)
13 SYSTEMPATH/Boot.php(363): CodeIgniter\CodeIgniter->run()
14 SYSTEMPATH/Boot.php(68): CodeIgniter\Boot::runCodeIgniter(Object(CodeIgniter\CodeIgniter))
15 FCPATH/index.php(59): CodeIgniter\Boot::bootWeb(Object(Config\Paths))
16 SYSTEMPATH/rewrite.php(44): require_once('/Applications/XAMPP/xamppfiles/htdocs/pmi-stok-darah/public/index.php')
WARNING - 2025-11-29 09:49:28 --> [DEPRECATED] ucfirst(): Passing null to parameter #1 ($string) of type string is deprecated in APPPATH/Views/templates/sidebar.php on line 18.
 1 APPPATH/Views/templates/sidebar.php(18): ucfirst(null)
 2 SYSTEMPATH/View/View.php(226): include('/Applications/XAMPP/xamppfiles/htdocs/pmi-stok-darah/app/Views/templates/sidebar.php')
 3 SYSTEMPATH/View/View.php(229): CodeIgniter\View\View->{closure:CodeIgniter\View\View::render():223}()
 4 SYSTEMPATH/View/View.php(475): CodeIgniter\View\View->render('templates/sidebar', null, true)
 5 APPPATH/Views/dashboard/index.php(3): CodeIgniter\View\View->include('templates/sidebar')
 6 SYSTEMPATH/View/View.php(226): include('/Applications/XAMPP/xamppfiles/htdocs/pmi-stok-darah/app/Views/dashboard/index.php')
 7 SYSTEMPATH/View/View.php(229): CodeIgniter\View\View->{closure:CodeIgniter\View\View::render():223}()
 8 SYSTEMPATH/Common.php(1167): CodeIgniter\View\View->render('dashboard/index', [], true)
 9 APPPATH/Controllers/Dashboard.php(76): view('dashboard/index', [...])
10 SYSTEMPATH/CodeIgniter.php(933): App\Controllers\Dashboard->index()
11 SYSTEMPATH/CodeIgniter.php(507): CodeIgniter\CodeIgniter->runController(Object(App\Controllers\Dashboard))
12 SYSTEMPATH/CodeIgniter.php(354): CodeIgniter\CodeIgniter->handleRequest(null, Object(Config\Cache), false)
13 SYSTEMPATH/Boot.php(363): CodeIgniter\CodeIgniter->run()
14 SYSTEMPATH/Boot.php(68): CodeIgniter\Boot::runCodeIgniter(Object(CodeIgniter\CodeIgniter))
15 FCPATH/index.php(59): CodeIgniter\Boot::bootWeb(Object(Config\Paths))
16 SYSTEMPATH/rewrite.php(44): require_once('/Applications/XAMPP/xamppfiles/htdocs/pmi-stok-darah/public/index.php')
DEBUG - 2025-11-29 09:49:29 --> Session: Class initialized using 'CodeIgniter\Session\Handlers\FileHandler' driver.
DEBUG - 2025-11-29 09:49:29 --> Session: Class initialized using 'CodeIgniter\Session\Handlers\FileHandler' driver.
WARNING - 2025-11-29 09:49:29 --> [DEPRECATED] ucfirst(): Passing null to parameter #1 ($string) of type string is deprecated in APPPATH/Views/templates/navbar.php on line 17.
 1 APPPATH/Views/templates/navbar.php(17): ucfirst(null)
 2 SYSTEMPATH/View/View.php(226): include('/Applications/XAMPP/xamppfiles/htdocs/pmi-stok-darah/app/Views/templates/navbar.php')
 3 SYSTEMPATH/View/View.php(229): CodeIgniter\View\View->{closure:CodeIgniter\View\View::render():223}()
 4 SYSTEMPATH/View/View.php(475): CodeIgniter\View\View->render('templates/navbar', null, true)
 5 APPPATH/Views/dashboard/index.php(2): CodeIgniter\View\View->include('templates/navbar')
 6 SYSTEMPATH/View/View.php(226): include('/Applications/XAMPP/xamppfiles/htdocs/pmi-stok-darah/app/Views/dashboard/index.php')
 7 SYSTEMPATH/View/View.php(229): CodeIgniter\View\View->{closure:CodeIgniter\View\View::render():223}()
 8 SYSTEMPATH/Common.php(1167): CodeIgniter\View\View->render('dashboard/index', [], true)
 9 APPPATH/Controllers/Dashboard.php(76): view('dashboard/index', [...])
10 SYSTEMPATH/CodeIgniter.php(933): App\Controllers\Dashboard->index()
11 SYSTEMPATH/CodeIgniter.php(507): CodeIgniter\CodeIgniter->runController(Object(App\Controllers\Dashboard))
12 SYSTEMPATH/CodeIgniter.php(354): CodeIgniter\CodeIgniter->handleRequest(null, Object(Config\Cache), false)
13 SYSTEMPATH/Boot.php(363): CodeIgniter\CodeIgniter->run()
14 SYSTEMPATH/Boot.php(68): CodeIgniter\Boot::runCodeIgniter(Object(CodeIgniter\CodeIgniter))
15 FCPATH/index.php(59): CodeIgniter\Boot::bootWeb(Object(Config\Paths))
16 SYSTEMPATH/rewrite.php(44): require_once('/Applications/XAMPP/xamppfiles/htdocs/pmi-stok-darah/public/index.php')
WARNING - 2025-11-29 09:49:29 --> [DEPRECATED] ucfirst(): Passing null to parameter #1 ($string) of type string is deprecated in APPPATH/Views/templates/sidebar.php on line 18.
 1 APPPATH/Views/templates/sidebar.php(18): ucfirst(null)
 2 SYSTEMPATH/View/View.php(226): include('/Applications/XAMPP/xamppfiles/htdocs/pmi-stok-darah/app/Views/templates/sidebar.php')
 3 SYSTEMPATH/View/View.php(229): CodeIgniter\View\View->{closure:CodeIgniter\View\View::render():223}()
 4 SYSTEMPATH/View/View.php(475): CodeIgniter\View\View->render('templates/sidebar', null, true)
 5 APPPATH/Views/dashboard/index.php(3): CodeIgniter\View\View->include('templates/sidebar')
 6 SYSTEMPATH/View/View.php(226): include('/Applications/XAMPP/xamppfiles/htdocs/pmi-stok-darah/app/Views/dashboard/index.php')
 7 SYSTEMPATH/View/View.php(229): CodeIgniter\View\View->{closure:CodeIgniter\View\View::render():223}()
 8 SYSTEMPATH/Common.php(1167): CodeIgniter\View\View->render('dashboard/index', [], true)
 9 APPPATH/Controllers/Dashboard.php(76): view('dashboard/index', [...])
10 SYSTEMPATH/CodeIgniter.php(933): App\Controllers\Dashboard->index()
11 SYSTEMPATH/CodeIgniter.php(507): CodeIgniter\CodeIgniter->runController(Object(App\Controllers\Dashboard))
12 SYSTEMPATH/CodeIgniter.php(354): CodeIgniter\CodeIgniter->handleRequest(null, Object(Config\Cache), false)
13 SYSTEMPATH/Boot.php(363): CodeIgniter\CodeIgniter->run()
14 SYSTEMPATH/Boot.php(68): CodeIgniter\Boot::runCodeIgniter(Object(CodeIgniter\CodeIgniter))
15 FCPATH/index.php(59): CodeIgniter\Boot::bootWeb(Object(Config\Paths))
16 SYSTEMPATH/rewrite.php(44): require_once('/Applications/XAMPP/xamppfiles/htdocs/pmi-stok-darah/public/index.php')
DEBUG - 2025-11-29 09:49:31 --> Session: Class initialized using 'CodeIgniter\Session\Handlers\FileHandler' driver.
DEBUG - 2025-11-29 09:49:31 --> Session: Class initialized using 'CodeIgniter\Session\Handlers\FileHandler' driver.
WARNING - 2025-11-29 09:49:31 --> [DEPRECATED] ucfirst(): Passing null to parameter #1 ($string) of type string is deprecated in APPPATH/Views/templates/navbar.php on line 17.
 1 APPPATH/Views/templates/navbar.php(17): ucfirst(null)
 2 SYSTEMPATH/View/View.php(226): include('/Applications/XAMPP/xamppfiles/htdocs/pmi-stok-darah/app/Views/templates/navbar.php')
 3 SYSTEMPATH/View/View.php(229): CodeIgniter\View\View->{closure:CodeIgniter\View\View::render():223}()
 4 SYSTEMPATH/View/View.php(475): CodeIgniter\View\View->render('templates/navbar', null, true)
 5 APPPATH/Views/dashboard/index.php(2): CodeIgniter\View\View->include('templates/navbar')
 6 SYSTEMPATH/View/View.php(226): include('/Applications/XAMPP/xamppfiles/htdocs/pmi-stok-darah/app/Views/dashboard/index.php')
 7 SYSTEMPATH/View/View.php(229): CodeIgniter\View\View->{closure:CodeIgniter\View\View::render():223}()
 8 SYSTEMPATH/Common.php(1167): CodeIgniter\View\View->render('dashboard/index', [], true)
 9 APPPATH/Controllers/Dashboard.php(76): view('dashboard/index', [...])
10 SYSTEMPATH/CodeIgniter.php(933): App\Controllers\Dashboard->index()
11 SYSTEMPATH/CodeIgniter.php(507): CodeIgniter\CodeIgniter->runController(Object(App\Controllers\Dashboard))
12 SYSTEMPATH/CodeIgniter.php(354): CodeIgniter\CodeIgniter->handleRequest(null, Object(Config\Cache), false)
13 SYSTEMPATH/Boot.php(363): CodeIgniter\CodeIgniter->run()
14 SYSTEMPATH/Boot.php(68): CodeIgniter\Boot::runCodeIgniter(Object(CodeIgniter\CodeIgniter))
15 FCPATH/index.php(59): CodeIgniter\Boot::bootWeb(Object(Config\Paths))
16 SYSTEMPATH/rewrite.php(44): require_once('/Applications/XAMPP/xamppfiles/htdocs/pmi-stok-darah/public/index.php')
WARNING - 2025-11-29 09:49:31 --> [DEPRECATED] ucfirst(): Passing null to parameter #1 ($string) of type string is deprecated in APPPATH/Views/templates/sidebar.php on line 18.
 1 APPPATH/Views/templates/sidebar.php(18): ucfirst(null)
 2 SYSTEMPATH/View/View.php(226): include('/Applications/XAMPP/xamppfiles/htdocs/pmi-stok-darah/app/Views/templates/sidebar.php')
 3 SYSTEMPATH/View/View.php(229): CodeIgniter\View\View->{closure:CodeIgniter\View\View::render():223}()
 4 SYSTEMPATH/View/View.php(475): CodeIgniter\View\View->render('templates/sidebar', null, true)
 5 APPPATH/Views/dashboard/index.php(3): CodeIgniter\View\View->include('templates/sidebar')
 6 SYSTEMPATH/View/View.php(226): include('/Applications/XAMPP/xamppfiles/htdocs/pmi-stok-darah/app/Views/dashboard/index.php')
 7 SYSTEMPATH/View/View.php(229): CodeIgniter\View\View->{closure:CodeIgniter\View\View::render():223}()
 8 SYSTEMPATH/Common.php(1167): CodeIgniter\View\View->render('dashboard/index', [], true)
 9 APPPATH/Controllers/Dashboard.php(76): view('dashboard/index', [...])
10 SYSTEMPATH/CodeIgniter.php(933): App\Controllers\Dashboard->index()
11 SYSTEMPATH/CodeIgniter.php(507): CodeIgniter\CodeIgniter->runController(Object(App\Controllers\Dashboard))
12 SYSTEMPATH/CodeIgniter.php(354): CodeIgniter\CodeIgniter->handleRequest(null, Object(Config\Cache), false)
13 SYSTEMPATH/Boot.php(363): CodeIgniter\CodeIgniter->run()
14 SYSTEMPATH/Boot.php(68): CodeIgniter\Boot::runCodeIgniter(Object(CodeIgniter\CodeIgniter))
15 FCPATH/index.php(59): CodeIgniter\Boot::bootWeb(Object(Config\Paths))
16 SYSTEMPATH/rewrite.php(44): require_once('/Applications/XAMPP/xamppfiles/htdocs/pmi-stok-darah/public/index.php')
DEBUG - 2025-11-29 09:49:32 --> Session: Class initialized using 'CodeIgniter\Session\Handlers\FileHandler' driver.
DEBUG - 2025-11-29 09:49:32 --> Session: Class initialized using 'CodeIgniter\Session\Handlers\FileHandler' driver.
WARNING - 2025-11-29 09:49:32 --> [DEPRECATED] ucfirst(): Passing null to parameter #1 ($string) of type string is deprecated in APPPATH/Views/templates/navbar.php on line 17.
 1 APPPATH/Views/templates/navbar.php(17): ucfirst(null)
 2 SYSTEMPATH/View/View.php(226): include('/Applications/XAMPP/xamppfiles/htdocs/pmi-stok-darah/app/Views/templates/navbar.php')
 3 SYSTEMPATH/View/View.php(229): CodeIgniter\View\View->{closure:CodeIgniter\View\View::render():223}()
 4 SYSTEMPATH/View/View.php(475): CodeIgniter\View\View->render('templates/navbar', null, true)
 5 APPPATH/Views/dashboard/index.php(2): CodeIgniter\View\View->include('templates/navbar')
 6 SYSTEMPATH/View/View.php(226): include('/Applications/XAMPP/xamppfiles/htdocs/pmi-stok-darah/app/Views/dashboard/index.php')
 7 SYSTEMPATH/View/View.php(229): CodeIgniter\View\View->{closure:CodeIgniter\View\View::render():223}()
 8 SYSTEMPATH/Common.php(1167): CodeIgniter\View\View->render('dashboard/index', [], true)
 9 APPPATH/Controllers/Dashboard.php(76): view('dashboard/index', [...])
10 SYSTEMPATH/CodeIgniter.php(933): App\Controllers\Dashboard->index()
11 SYSTEMPATH/CodeIgniter.php(507): CodeIgniter\CodeIgniter->runController(Object(App\Controllers\Dashboard))
12 SYSTEMPATH/CodeIgniter.php(354): CodeIgniter\CodeIgniter->handleRequest(null, Object(Config\Cache), false)
13 SYSTEMPATH/Boot.php(363): CodeIgniter\CodeIgniter->run()
14 SYSTEMPATH/Boot.php(68): CodeIgniter\Boot::runCodeIgniter(Object(CodeIgniter\CodeIgniter))
15 FCPATH/index.php(59): CodeIgniter\Boot::bootWeb(Object(Config\Paths))
16 SYSTEMPATH/rewrite.php(44): require_once('/Applications/XAMPP/xamppfiles/htdocs/pmi-stok-darah/public/index.php')
WARNING - 2025-11-29 09:49:32 --> [DEPRECATED] ucfirst(): Passing null to parameter #1 ($string) of type string is deprecated in APPPATH/Views/templates/sidebar.php on line 18.
 1 APPPATH/Views/templates/sidebar.php(18): ucfirst(null)
 2 SYSTEMPATH/View/View.php(226): include('/Applications/XAMPP/xamppfiles/htdocs/pmi-stok-darah/app/Views/templates/sidebar.php')
 3 SYSTEMPATH/View/View.php(229): CodeIgniter\View\View->{closure:CodeIgniter\View\View::render():223}()
 4 SYSTEMPATH/View/View.php(475): CodeIgniter\View\View->render('templates/sidebar', null, true)
 5 APPPATH/Views/dashboard/index.php(3): CodeIgniter\View\View->include('templates/sidebar')
 6 SYSTEMPATH/View/View.php(226): include('/Applications/XAMPP/xamppfiles/htdocs/pmi-stok-darah/app/Views/dashboard/index.php')
 7 SYSTEMPATH/View/View.php(229): CodeIgniter\View\View->{closure:CodeIgniter\View\View::render():223}()
 8 SYSTEMPATH/Common.php(1167): CodeIgniter\View\View->render('dashboard/index', [], true)
 9 APPPATH/Controllers/Dashboard.php(76): view('dashboard/index', [...])
10 SYSTEMPATH/CodeIgniter.php(933): App\Controllers\Dashboard->index()
11 SYSTEMPATH/CodeIgniter.php(507): CodeIgniter\CodeIgniter->runController(Object(App\Controllers\Dashboard))
12 SYSTEMPATH/CodeIgniter.php(354): CodeIgniter\CodeIgniter->handleRequest(null, Object(Config\Cache), false)
13 SYSTEMPATH/Boot.php(363): CodeIgniter\CodeIgniter->run()
14 SYSTEMPATH/Boot.php(68): CodeIgniter\Boot::runCodeIgniter(Object(CodeIgniter\CodeIgniter))
15 FCPATH/index.php(59): CodeIgniter\Boot::bootWeb(Object(Config\Paths))
16 SYSTEMPATH/rewrite.php(44): require_once('/Applications/XAMPP/xamppfiles/htdocs/pmi-stok-darah/public/index.php')
DEBUG - 2025-11-29 09:49:33 --> Session: Class initialized using 'CodeIgniter\Session\Handlers\FileHandler' driver.
DEBUG - 2025-11-29 09:49:33 --> Session: Class initialized using 'CodeIgniter\Session\Handlers\FileHandler' driver.
WARNING - 2025-11-29 09:49:33 --> [DEPRECATED] ucfirst(): Passing null to parameter #1 ($string) of type string is deprecated in APPPATH/Views/templates/navbar.php on line 17.
 1 APPPATH/Views/templates/navbar.php(17): ucfirst(null)
 2 SYSTEMPATH/View/View.php(226): include('/Applications/XAMPP/xamppfiles/htdocs/pmi-stok-darah/app/Views/templates/navbar.php')
 3 SYSTEMPATH/View/View.php(229): CodeIgniter\View\View->{closure:CodeIgniter\View\View::render():223}()
 4 SYSTEMPATH/View/View.php(475): CodeIgniter\View\View->render('templates/navbar', null, true)
 5 APPPATH/Views/dashboard/index.php(2): CodeIgniter\View\View->include('templates/navbar')
 6 SYSTEMPATH/View/View.php(226): include('/Applications/XAMPP/xamppfiles/htdocs/pmi-stok-darah/app/Views/dashboard/index.php')
 7 SYSTEMPATH/View/View.php(229): CodeIgniter\View\View->{closure:CodeIgniter\View\View::render():223}()
 8 SYSTEMPATH/Common.php(1167): CodeIgniter\View\View->render('dashboard/index', [], true)
 9 APPPATH/Controllers/Dashboard.php(76): view('dashboard/index', [...])
10 SYSTEMPATH/CodeIgniter.php(933): App\Controllers\Dashboard->index()
11 SYSTEMPATH/CodeIgniter.php(507): CodeIgniter\CodeIgniter->runController(Object(App\Controllers\Dashboard))
12 SYSTEMPATH/CodeIgniter.php(354): CodeIgniter\CodeIgniter->handleRequest(null, Object(Config\Cache), false)
13 SYSTEMPATH/Boot.php(363): CodeIgniter\CodeIgniter->run()
14 SYSTEMPATH/Boot.php(68): CodeIgniter\Boot::runCodeIgniter(Object(CodeIgniter\CodeIgniter))
15 FCPATH/index.php(59): CodeIgniter\Boot::bootWeb(Object(Config\Paths))
16 SYSTEMPATH/rewrite.php(44): require_once('/Applications/XAMPP/xamppfiles/htdocs/pmi-stok-darah/public/index.php')
WARNING - 2025-11-29 09:49:33 --> [DEPRECATED] ucfirst(): Passing null to parameter #1 ($string) of type string is deprecated in APPPATH/Views/templates/sidebar.php on line 18.
 1 APPPATH/Views/templates/sidebar.php(18): ucfirst(null)
 2 SYSTEMPATH/View/View.php(226): include('/Applications/XAMPP/xamppfiles/htdocs/pmi-stok-darah/app/Views/templates/sidebar.php')
 3 SYSTEMPATH/View/View.php(229): CodeIgniter\View\View->{closure:CodeIgniter\View\View::render():223}()
 4 SYSTEMPATH/View/View.php(475): CodeIgniter\View\View->render('templates/sidebar', null, true)
 5 APPPATH/Views/dashboard/index.php(3): CodeIgniter\View\View->include('templates/sidebar')
 6 SYSTEMPATH/View/View.php(226): include('/Applications/XAMPP/xamppfiles/htdocs/pmi-stok-darah/app/Views/dashboard/index.php')
 7 SYSTEMPATH/View/View.php(229): CodeIgniter\View\View->{closure:CodeIgniter\View\View::render():223}()
 8 SYSTEMPATH/Common.php(1167): CodeIgniter\View\View->render('dashboard/index', [], true)
 9 APPPATH/Controllers/Dashboard.php(76): view('dashboard/index', [...])
10 SYSTEMPATH/CodeIgniter.php(933): App\Controllers\Dashboard->index()
11 SYSTEMPATH/CodeIgniter.php(507): CodeIgniter\CodeIgniter->runController(Object(App\Controllers\Dashboard))
12 SYSTEMPATH/CodeIgniter.php(354): CodeIgniter\CodeIgniter->handleRequest(null, Object(Config\Cache), false)
13 SYSTEMPATH/Boot.php(363): CodeIgniter\CodeIgniter->run()
14 SYSTEMPATH/Boot.php(68): CodeIgniter\Boot::runCodeIgniter(Object(CodeIgniter\CodeIgniter))
15 FCPATH/index.php(59): CodeIgniter\Boot::bootWeb(Object(Config\Paths))
16 SYSTEMPATH/rewrite.php(44): require_once('/Applications/XAMPP/xamppfiles/htdocs/pmi-stok-darah/public/index.php')
DEBUG - 2025-11-29 09:49:33 --> Session: Class initialized using 'CodeIgniter\Session\Handlers\FileHandler' driver.
DEBUG - 2025-11-29 09:49:33 --> Session: Class initialized using 'CodeIgniter\Session\Handlers\FileHandler' driver.
WARNING - 2025-11-29 09:49:33 --> [DEPRECATED] ucfirst(): Passing null to parameter #1 ($string) of type string is deprecated in APPPATH/Views/templates/navbar.php on line 17.
 1 APPPATH/Views/templates/navbar.php(17): ucfirst(null)
 2 SYSTEMPATH/View/View.php(226): include('/Applications/XAMPP/xamppfiles/htdocs/pmi-stok-darah/app/Views/templates/navbar.php')
 3 SYSTEMPATH/View/View.php(229): CodeIgniter\View\View->{closure:CodeIgniter\View\View::render():223}()
 4 SYSTEMPATH/View/View.php(475): CodeIgniter\View\View->render('templates/navbar', null, true)
 5 APPPATH/Views/dashboard/index.php(2): CodeIgniter\View\View->include('templates/navbar')
 6 SYSTEMPATH/View/View.php(226): include('/Applications/XAMPP/xamppfiles/htdocs/pmi-stok-darah/app/Views/dashboard/index.php')
 7 SYSTEMPATH/View/View.php(229): CodeIgniter\View\View->{closure:CodeIgniter\View\View::render():223}()
 8 SYSTEMPATH/Common.php(1167): CodeIgniter\View\View->render('dashboard/index', [], true)
 9 APPPATH/Controllers/Dashboard.php(76): view('dashboard/index', [...])
10 SYSTEMPATH/CodeIgniter.php(933): App\Controllers\Dashboard->index()
11 SYSTEMPATH/CodeIgniter.php(507): CodeIgniter\CodeIgniter->runController(Object(App\Controllers\Dashboard))
12 SYSTEMPATH/CodeIgniter.php(354): CodeIgniter\CodeIgniter->handleRequest(null, Object(Config\Cache), false)
13 SYSTEMPATH/Boot.php(363): CodeIgniter\CodeIgniter->run()
14 SYSTEMPATH/Boot.php(68): CodeIgniter\Boot::runCodeIgniter(Object(CodeIgniter\CodeIgniter))
15 FCPATH/index.php(59): CodeIgniter\Boot::bootWeb(Object(Config\Paths))
16 SYSTEMPATH/rewrite.php(44): require_once('/Applications/XAMPP/xamppfiles/htdocs/pmi-stok-darah/public/index.php')
WARNING - 2025-11-29 09:49:33 --> [DEPRECATED] ucfirst(): Passing null to parameter #1 ($string) of type string is deprecated in APPPATH/Views/templates/sidebar.php on line 18.
 1 APPPATH/Views/templates/sidebar.php(18): ucfirst(null)
 2 SYSTEMPATH/View/View.php(226): include('/Applications/XAMPP/xamppfiles/htdocs/pmi-stok-darah/app/Views/templates/sidebar.php')
 3 SYSTEMPATH/View/View.php(229): CodeIgniter\View\View->{closure:CodeIgniter\View\View::render():223}()
 4 SYSTEMPATH/View/View.php(475): CodeIgniter\View\View->render('templates/sidebar', null, true)
 5 APPPATH/Views/dashboard/index.php(3): CodeIgniter\View\View->include('templates/sidebar')
 6 SYSTEMPATH/View/View.php(226): include('/Applications/XAMPP/xamppfiles/htdocs/pmi-stok-darah/app/Views/dashboard/index.php')
 7 SYSTEMPATH/View/View.php(229): CodeIgniter\View\View->{closure:CodeIgniter\View\View::render():223}()
 8 SYSTEMPATH/Common.php(1167): CodeIgniter\View\View->render('dashboard/index', [], true)
 9 APPPATH/Controllers/Dashboard.php(76): view('dashboard/index', [...])
10 SYSTEMPATH/CodeIgniter.php(933): App\Controllers\Dashboard->index()
11 SYSTEMPATH/CodeIgniter.php(507): CodeIgniter\CodeIgniter->runController(Object(App\Controllers\Dashboard))
12 SYSTEMPATH/CodeIgniter.php(354): CodeIgniter\CodeIgniter->handleRequest(null, Object(Config\Cache), false)
13 SYSTEMPATH/Boot.php(363): CodeIgniter\CodeIgniter->run()
14 SYSTEMPATH/Boot.php(68): CodeIgniter\Boot::runCodeIgniter(Object(CodeIgniter\CodeIgniter))
15 FCPATH/index.php(59): CodeIgniter\Boot::bootWeb(Object(Config\Paths))
16 SYSTEMPATH/rewrite.php(44): require_once('/Applications/XAMPP/xamppfiles/htdocs/pmi-stok-darah/public/index.php')
DEBUG - 2025-11-29 09:49:34 --> Session: Class initialized using 'CodeIgniter\Session\Handlers\FileHandler' driver.
WARNING - 2025-11-29 09:49:34 --> [DEPRECATED] ucfirst(): Passing null to parameter #1 ($string) of type string is deprecated in APPPATH/Views/templates/navbar.php on line 17.
 1 APPPATH/Views/templates/navbar.php(17): ucfirst(null)
 2 SYSTEMPATH/View/View.php(226): include('/Applications/XAMPP/xamppfiles/htdocs/pmi-stok-darah/app/Views/templates/navbar.php')
 3 SYSTEMPATH/View/View.php(229): CodeIgniter\View\View->{closure:CodeIgniter\View\View::render():223}()
 4 SYSTEMPATH/View/View.php(475): CodeIgniter\View\View->render('templates/navbar', null, true)
 5 APPPATH/Views/dashboard/index.php(2): CodeIgniter\View\View->include('templates/navbar')
 6 SYSTEMPATH/View/View.php(226): include('/Applications/XAMPP/xamppfiles/htdocs/pmi-stok-darah/app/Views/dashboard/index.php')
 7 SYSTEMPATH/View/View.php(229): CodeIgniter\View\View->{closure:CodeIgniter\View\View::render():223}()
 8 SYSTEMPATH/Common.php(1167): CodeIgniter\View\View->render('dashboard/index', [], true)
 9 APPPATH/Controllers/Dashboard.php(76): view('dashboard/index', [...])
10 SYSTEMPATH/CodeIgniter.php(933): App\Controllers\Dashboard->index()
11 SYSTEMPATH/CodeIgniter.php(507): CodeIgniter\CodeIgniter->runController(Object(App\Controllers\Dashboard))
12 SYSTEMPATH/CodeIgniter.php(354): CodeIgniter\CodeIgniter->handleRequest(null, Object(Config\Cache), false)
13 SYSTEMPATH/Boot.php(363): CodeIgniter\CodeIgniter->run()
14 SYSTEMPATH/Boot.php(68): CodeIgniter\Boot::runCodeIgniter(Object(CodeIgniter\CodeIgniter))
15 FCPATH/index.php(59): CodeIgniter\Boot::bootWeb(Object(Config\Paths))
16 SYSTEMPATH/rewrite.php(44): require_once('/Applications/XAMPP/xamppfiles/htdocs/pmi-stok-darah/public/index.php')
WARNING - 2025-11-29 09:49:34 --> [DEPRECATED] ucfirst(): Passing null to parameter #1 ($string) of type string is deprecated in APPPATH/Views/templates/sidebar.php on line 18.
 1 APPPATH/Views/templates/sidebar.php(18): ucfirst(null)
 2 SYSTEMPATH/View/View.php(226): include('/Applications/XAMPP/xamppfiles/htdocs/pmi-stok-darah/app/Views/templates/sidebar.php')
 3 SYSTEMPATH/View/View.php(229): CodeIgniter\View\View->{closure:CodeIgniter\View\View::render():223}()
 4 SYSTEMPATH/View/View.php(475): CodeIgniter\View\View->render('templates/sidebar', null, true)
 5 APPPATH/Views/dashboard/index.php(3): CodeIgniter\View\View->include('templates/sidebar')
 6 SYSTEMPATH/View/View.php(226): include('/Applications/XAMPP/xamppfiles/htdocs/pmi-stok-darah/app/Views/dashboard/index.php')
 7 SYSTEMPATH/View/View.php(229): CodeIgniter\View\View->{closure:CodeIgniter\View\View::render():223}()
 8 SYSTEMPATH/Common.php(1167): CodeIgniter\View\View->render('dashboard/index', [], true)
 9 APPPATH/Controllers/Dashboard.php(76): view('dashboard/index', [...])
10 SYSTEMPATH/CodeIgniter.php(933): App\Controllers\Dashboard->index()
11 SYSTEMPATH/CodeIgniter.php(507): CodeIgniter\CodeIgniter->runController(Object(App\Controllers\Dashboard))
12 SYSTEMPATH/CodeIgniter.php(354): CodeIgniter\CodeIgniter->handleRequest(null, Object(Config\Cache), false)
13 SYSTEMPATH/Boot.php(363): CodeIgniter\CodeIgniter->run()
14 SYSTEMPATH/Boot.php(68): CodeIgniter\Boot::runCodeIgniter(Object(CodeIgniter\CodeIgniter))
15 FCPATH/index.php(59): CodeIgniter\Boot::bootWeb(Object(Config\Paths))
16 SYSTEMPATH/rewrite.php(44): require_once('/Applications/XAMPP/xamppfiles/htdocs/pmi-stok-darah/public/index.php')
DEBUG - 2025-11-29 09:49:51 --> Session: Class initialized using 'CodeIgniter\Session\Handlers\FileHandler' driver.
WARNING - 2025-11-29 09:49:51 --> [DEPRECATED] ucfirst(): Passing null to parameter #1 ($string) of type string is deprecated in APPPATH/Views/templates/navbar.php on line 17.
 1 APPPATH/Views/templates/navbar.php(17): ucfirst(null)
 2 SYSTEMPATH/View/View.php(226): include('/Applications/XAMPP/xamppfiles/htdocs/pmi-stok-darah/app/Views/templates/navbar.php')
 3 SYSTEMPATH/View/View.php(229): CodeIgniter\View\View->{closure:CodeIgniter\View\View::render():223}()
 4 SYSTEMPATH/View/View.php(475): CodeIgniter\View\View->render('templates/navbar', null, true)
 5 APPPATH/Views/dashboard/index.php(2): CodeIgniter\View\View->include('templates/navbar')
 6 SYSTEMPATH/View/View.php(226): include('/Applications/XAMPP/xamppfiles/htdocs/pmi-stok-darah/app/Views/dashboard/index.php')
 7 SYSTEMPATH/View/View.php(229): CodeIgniter\View\View->{closure:CodeIgniter\View\View::render():223}()
 8 SYSTEMPATH/Common.php(1167): CodeIgniter\View\View->render('dashboard/index', [], true)
 9 APPPATH/Controllers/Dashboard.php(76): view('dashboard/index', [...])
10 SYSTEMPATH/CodeIgniter.php(933): App\Controllers\Dashboard->index()
11 SYSTEMPATH/CodeIgniter.php(507): CodeIgniter\CodeIgniter->runController(Object(App\Controllers\Dashboard))
12 SYSTEMPATH/CodeIgniter.php(354): CodeIgniter\CodeIgniter->handleRequest(null, Object(Config\Cache), false)
13 SYSTEMPATH/Boot.php(363): CodeIgniter\CodeIgniter->run()
14 SYSTEMPATH/Boot.php(68): CodeIgniter\Boot::runCodeIgniter(Object(CodeIgniter\CodeIgniter))
15 FCPATH/index.php(59): CodeIgniter\Boot::bootWeb(Object(Config\Paths))
16 SYSTEMPATH/rewrite.php(44): require_once('/Applications/XAMPP/xamppfiles/htdocs/pmi-stok-darah/public/index.php')
WARNING - 2025-11-29 09:49:51 --> [DEPRECATED] ucfirst(): Passing null to parameter #1 ($string) of type string is deprecated in APPPATH/Views/templates/sidebar.php on line 18.
 1 APPPATH/Views/templates/sidebar.php(18): ucfirst(null)
 2 SYSTEMPATH/View/View.php(226): include('/Applications/XAMPP/xamppfiles/htdocs/pmi-stok-darah/app/Views/templates/sidebar.php')
 3 SYSTEMPATH/View/View.php(229): CodeIgniter\View\View->{closure:CodeIgniter\View\View::render():223}()
 4 SYSTEMPATH/View/View.php(475): CodeIgniter\View\View->render('templates/sidebar', null, true)
 5 APPPATH/Views/dashboard/index.php(3): CodeIgniter\View\View->include('templates/sidebar')
 6 SYSTEMPATH/View/View.php(226): include('/Applications/XAMPP/xamppfiles/htdocs/pmi-stok-darah/app/Views/dashboard/index.php')
 7 SYSTEMPATH/View/View.php(229): CodeIgniter\View\View->{closure:CodeIgniter\View\View::render():223}()
 8 SYSTEMPATH/Common.php(1167): CodeIgniter\View\View->render('dashboard/index', [], true)
 9 APPPATH/Controllers/Dashboard.php(76): view('dashboard/index', [...])
10 SYSTEMPATH/CodeIgniter.php(933): App\Controllers\Dashboard->index()
11 SYSTEMPATH/CodeIgniter.php(507): CodeIgniter\CodeIgniter->runController(Object(App\Controllers\Dashboard))
12 SYSTEMPATH/CodeIgniter.php(354): CodeIgniter\CodeIgniter->handleRequest(null, Object(Config\Cache), false)
13 SYSTEMPATH/Boot.php(363): CodeIgniter\CodeIgniter->run()
14 SYSTEMPATH/Boot.php(68): CodeIgniter\Boot::runCodeIgniter(Object(CodeIgniter\CodeIgniter))
15 FCPATH/index.php(59): CodeIgniter\Boot::bootWeb(Object(Config\Paths))
16 SYSTEMPATH/rewrite.php(44): require_once('/Applications/XAMPP/xamppfiles/htdocs/pmi-stok-darah/public/index.php')
DEBUG - 2025-11-29 09:50:07 --> Session: Class initialized using 'CodeIgniter\Session\Handlers\FileHandler' driver.
WARNING - 2025-11-29 09:50:07 --> [DEPRECATED] ucfirst(): Passing null to parameter #1 ($string) of type string is deprecated in APPPATH/Views/templates/navbar.php on line 17.
 1 APPPATH/Views/templates/navbar.php(17): ucfirst(null)
 2 SYSTEMPATH/View/View.php(226): include('/Applications/XAMPP/xamppfiles/htdocs/pmi-stok-darah/app/Views/templates/navbar.php')
 3 SYSTEMPATH/View/View.php(229): CodeIgniter\View\View->{closure:CodeIgniter\View\View::render():223}()
 4 SYSTEMPATH/View/View.php(475): CodeIgniter\View\View->render('templates/navbar', null, true)
 5 APPPATH/Views/dashboard/index.php(2): CodeIgniter\View\View->include('templates/navbar')
 6 SYSTEMPATH/View/View.php(226): include('/Applications/XAMPP/xamppfiles/htdocs/pmi-stok-darah/app/Views/dashboard/index.php')
 7 SYSTEMPATH/View/View.php(229): CodeIgniter\View\View->{closure:CodeIgniter\View\View::render():223}()
 8 SYSTEMPATH/Common.php(1167): CodeIgniter\View\View->render('dashboard/index', [], true)
 9 APPPATH/Controllers/Dashboard.php(76): view('dashboard/index', [...])
10 SYSTEMPATH/CodeIgniter.php(933): App\Controllers\Dashboard->index()
11 SYSTEMPATH/CodeIgniter.php(507): CodeIgniter\CodeIgniter->runController(Object(App\Controllers\Dashboard))
12 SYSTEMPATH/CodeIgniter.php(354): CodeIgniter\CodeIgniter->handleRequest(null, Object(Config\Cache), false)
13 SYSTEMPATH/Boot.php(363): CodeIgniter\CodeIgniter->run()
14 SYSTEMPATH/Boot.php(68): CodeIgniter\Boot::runCodeIgniter(Object(CodeIgniter\CodeIgniter))
15 FCPATH/index.php(59): CodeIgniter\Boot::bootWeb(Object(Config\Paths))
16 SYSTEMPATH/rewrite.php(44): require_once('/Applications/XAMPP/xamppfiles/htdocs/pmi-stok-darah/public/index.php')
WARNING - 2025-11-29 09:50:07 --> [DEPRECATED] ucfirst(): Passing null to parameter #1 ($string) of type string is deprecated in APPPATH/Views/templates/sidebar.php on line 18.
 1 APPPATH/Views/templates/sidebar.php(18): ucfirst(null)
 2 SYSTEMPATH/View/View.php(226): include('/Applications/XAMPP/xamppfiles/htdocs/pmi-stok-darah/app/Views/templates/sidebar.php')
 3 SYSTEMPATH/View/View.php(229): CodeIgniter\View\View->{closure:CodeIgniter\View\View::render():223}()
 4 SYSTEMPATH/View/View.php(475): CodeIgniter\View\View->render('templates/sidebar', null, true)
 5 APPPATH/Views/dashboard/index.php(3): CodeIgniter\View\View->include('templates/sidebar')
 6 SYSTEMPATH/View/View.php(226): include('/Applications/XAMPP/xamppfiles/htdocs/pmi-stok-darah/app/Views/dashboard/index.php')
 7 SYSTEMPATH/View/View.php(229): CodeIgniter\View\View->{closure:CodeIgniter\View\View::render():223}()
 8 SYSTEMPATH/Common.php(1167): CodeIgniter\View\View->render('dashboard/index', [], true)
 9 APPPATH/Controllers/Dashboard.php(76): view('dashboard/index', [...])
10 SYSTEMPATH/CodeIgniter.php(933): App\Controllers\Dashboard->index()
11 SYSTEMPATH/CodeIgniter.php(507): CodeIgniter\CodeIgniter->runController(Object(App\Controllers\Dashboard))
12 SYSTEMPATH/CodeIgniter.php(354): CodeIgniter\CodeIgniter->handleRequest(null, Object(Config\Cache), false)
13 SYSTEMPATH/Boot.php(363): CodeIgniter\CodeIgniter->run()
14 SYSTEMPATH/Boot.php(68): CodeIgniter\Boot::runCodeIgniter(Object(CodeIgniter\CodeIgniter))
15 FCPATH/index.php(59): CodeIgniter\Boot::bootWeb(Object(Config\Paths))
16 SYSTEMPATH/rewrite.php(44): require_once('/Applications/XAMPP/xamppfiles/htdocs/pmi-stok-darah/public/index.php')
DEBUG - 2025-11-29 09:51:56 --> Session: Class initialized using 'CodeIgniter\Session\Handlers\FileHandler' driver.
WARNING - 2025-11-29 09:51:56 --> [DEPRECATED] ucfirst(): Passing null to parameter #1 ($string) of type string is deprecated in APPPATH/Views/templates/navbar.php on line 17.
 1 APPPATH/Views/templates/navbar.php(17): ucfirst(null)
 2 SYSTEMPATH/View/View.php(226): include('/Applications/XAMPP/xamppfiles/htdocs/pmi-stok-darah/app/Views/templates/navbar.php')
 3 SYSTEMPATH/View/View.php(229): CodeIgniter\View\View->{closure:CodeIgniter\View\View::render():223}()
 4 SYSTEMPATH/View/View.php(475): CodeIgniter\View\View->render('templates/navbar', null, true)
 5 APPPATH/Views/dashboard/index.php(2): CodeIgniter\View\View->include('templates/navbar')
 6 SYSTEMPATH/View/View.php(226): include('/Applications/XAMPP/xamppfiles/htdocs/pmi-stok-darah/app/Views/dashboard/index.php')
 7 SYSTEMPATH/View/View.php(229): CodeIgniter\View\View->{closure:CodeIgniter\View\View::render():223}()
 8 SYSTEMPATH/Common.php(1167): CodeIgniter\View\View->render('dashboard/index', [], true)
 9 APPPATH/Controllers/Dashboard.php(76): view('dashboard/index', [...])
10 SYSTEMPATH/CodeIgniter.php(933): App\Controllers\Dashboard->index()
11 SYSTEMPATH/CodeIgniter.php(507): CodeIgniter\CodeIgniter->runController(Object(App\Controllers\Dashboard))
12 SYSTEMPATH/CodeIgniter.php(354): CodeIgniter\CodeIgniter->handleRequest(null, Object(Config\Cache), false)
13 SYSTEMPATH/Boot.php(363): CodeIgniter\CodeIgniter->run()
14 SYSTEMPATH/Boot.php(68): CodeIgniter\Boot::runCodeIgniter(Object(CodeIgniter\CodeIgniter))
15 FCPATH/index.php(59): CodeIgniter\Boot::bootWeb(Object(Config\Paths))
16 SYSTEMPATH/rewrite.php(44): require_once('/Applications/XAMPP/xamppfiles/htdocs/pmi-stok-darah/public/index.php')
DEBUG - 2025-11-29 09:52:01 --> Session: Class initialized using 'CodeIgniter\Session\Handlers\FileHandler' driver.
WARNING - 2025-11-29 09:52:01 --> [DEPRECATED] ucfirst(): Passing null to parameter #1 ($string) of type string is deprecated in APPPATH/Views/templates/navbar.php on line 17.
 1 APPPATH/Views/templates/navbar.php(17): ucfirst(null)
 2 SYSTEMPATH/View/View.php(226): include('/Applications/XAMPP/xamppfiles/htdocs/pmi-stok-darah/app/Views/templates/navbar.php')
 3 SYSTEMPATH/View/View.php(229): CodeIgniter\View\View->{closure:CodeIgniter\View\View::render():223}()
 4 SYSTEMPATH/View/View.php(475): CodeIgniter\View\View->render('templates/navbar', null, true)
 5 APPPATH/Views/dashboard/index.php(2): CodeIgniter\View\View->include('templates/navbar')
 6 SYSTEMPATH/View/View.php(226): include('/Applications/XAMPP/xamppfiles/htdocs/pmi-stok-darah/app/Views/dashboard/index.php')
 7 SYSTEMPATH/View/View.php(229): CodeIgniter\View\View->{closure:CodeIgniter\View\View::render():223}()
 8 SYSTEMPATH/Common.php(1167): CodeIgniter\View\View->render('dashboard/index', [], true)
 9 APPPATH/Controllers/Dashboard.php(76): view('dashboard/index', [...])
10 SYSTEMPATH/CodeIgniter.php(933): App\Controllers\Dashboard->index()
11 SYSTEMPATH/CodeIgniter.php(507): CodeIgniter\CodeIgniter->runController(Object(App\Controllers\Dashboard))
12 SYSTEMPATH/CodeIgniter.php(354): CodeIgniter\CodeIgniter->handleRequest(null, Object(Config\Cache), false)
13 SYSTEMPATH/Boot.php(363): CodeIgniter\CodeIgniter->run()
14 SYSTEMPATH/Boot.php(68): CodeIgniter\Boot::runCodeIgniter(Object(CodeIgniter\CodeIgniter))
15 FCPATH/index.php(59): CodeIgniter\Boot::bootWeb(Object(Config\Paths))
16 SYSTEMPATH/rewrite.php(44): require_once('/Applications/XAMPP/xamppfiles/htdocs/pmi-stok-darah/public/index.php')
DEBUG - 2025-11-29 09:52:07 --> Session: Class initialized using 'CodeIgniter\Session\Handlers\FileHandler' driver.
WARNING - 2025-11-29 09:52:07 --> [DEPRECATED] ucfirst(): Passing null to parameter #1 ($string) of type string is deprecated in APPPATH/Views/templates/navbar.php on line 17.
 1 APPPATH/Views/templates/navbar.php(17): ucfirst(null)
 2 SYSTEMPATH/View/View.php(226): include('/Applications/XAMPP/xamppfiles/htdocs/pmi-stok-darah/app/Views/templates/navbar.php')
 3 SYSTEMPATH/View/View.php(229): CodeIgniter\View\View->{closure:CodeIgniter\View\View::render():223}()
 4 SYSTEMPATH/View/View.php(475): CodeIgniter\View\View->render('templates/navbar', null, true)
 5 APPPATH/Views/dashboard/index.php(2): CodeIgniter\View\View->include('templates/navbar')
 6 SYSTEMPATH/View/View.php(226): include('/Applications/XAMPP/xamppfiles/htdocs/pmi-stok-darah/app/Views/dashboard/index.php')
 7 SYSTEMPATH/View/View.php(229): CodeIgniter\View\View->{closure:CodeIgniter\View\View::render():223}()
 8 SYSTEMPATH/Common.php(1167): CodeIgniter\View\View->render('dashboard/index', [], true)
 9 APPPATH/Controllers/Dashboard.php(76): view('dashboard/index', [...])
10 SYSTEMPATH/CodeIgniter.php(933): App\Controllers\Dashboard->index()
11 SYSTEMPATH/CodeIgniter.php(507): CodeIgniter\CodeIgniter->runController(Object(App\Controllers\Dashboard))
12 SYSTEMPATH/CodeIgniter.php(354): CodeIgniter\CodeIgniter->handleRequest(null, Object(Config\Cache), false)
13 SYSTEMPATH/Boot.php(363): CodeIgniter\CodeIgniter->run()
14 SYSTEMPATH/Boot.php(68): CodeIgniter\Boot::runCodeIgniter(Object(CodeIgniter\CodeIgniter))
15 FCPATH/index.php(59): CodeIgniter\Boot::bootWeb(Object(Config\Paths))
16 SYSTEMPATH/rewrite.php(44): require_once('/Applications/XAMPP/xamppfiles/htdocs/pmi-stok-darah/public/index.php')
DEBUG - 2025-11-29 09:53:51 --> Session: Class initialized using 'CodeIgniter\Session\Handlers\FileHandler' driver.
WARNING - 2025-11-29 09:53:51 --> [DEPRECATED] ucfirst(): Passing null to parameter #1 ($string) of type string is deprecated in APPPATH/Views/templates/navbar.php on line 17.
 1 APPPATH/Views/templates/navbar.php(17): ucfirst(null)
 2 SYSTEMPATH/View/View.php(226): include('/Applications/XAMPP/xamppfiles/htdocs/pmi-stok-darah/app/Views/templates/navbar.php')
 3 SYSTEMPATH/View/View.php(229): CodeIgniter\View\View->{closure:CodeIgniter\View\View::render():223}()
 4 SYSTEMPATH/View/View.php(475): CodeIgniter\View\View->render('templates/navbar', null, true)
 5 APPPATH/Views/dashboard/index.php(2): CodeIgniter\View\View->include('templates/navbar')
 6 SYSTEMPATH/View/View.php(226): include('/Applications/XAMPP/xamppfiles/htdocs/pmi-stok-darah/app/Views/dashboard/index.php')
 7 SYSTEMPATH/View/View.php(229): CodeIgniter\View\View->{closure:CodeIgniter\View\View::render():223}()
 8 SYSTEMPATH/Common.php(1167): CodeIgniter\View\View->render('dashboard/index', [], true)
 9 APPPATH/Controllers/Dashboard.php(76): view('dashboard/index', [...])
10 SYSTEMPATH/CodeIgniter.php(933): App\Controllers\Dashboard->index()
11 SYSTEMPATH/CodeIgniter.php(507): CodeIgniter\CodeIgniter->runController(Object(App\Controllers\Dashboard))
12 SYSTEMPATH/CodeIgniter.php(354): CodeIgniter\CodeIgniter->handleRequest(null, Object(Config\Cache), false)
13 SYSTEMPATH/Boot.php(363): CodeIgniter\CodeIgniter->run()
14 SYSTEMPATH/Boot.php(68): CodeIgniter\Boot::runCodeIgniter(Object(CodeIgniter\CodeIgniter))
15 FCPATH/index.php(59): CodeIgniter\Boot::bootWeb(Object(Config\Paths))
16 SYSTEMPATH/rewrite.php(44): require_once('/Applications/XAMPP/xamppfiles/htdocs/pmi-stok-darah/public/index.php')
DEBUG - 2025-11-29 09:53:53 --> Session: Class initialized using 'CodeIgniter\Session\Handlers\FileHandler' driver.
WARNING - 2025-11-29 09:53:53 --> [DEPRECATED] ucfirst(): Passing null to parameter #1 ($string) of type string is deprecated in APPPATH/Views/templates/navbar.php on line 17.
 1 APPPATH/Views/templates/navbar.php(17): ucfirst(null)
 2 SYSTEMPATH/View/View.php(226): include('/Applications/XAMPP/xamppfiles/htdocs/pmi-stok-darah/app/Views/templates/navbar.php')
 3 SYSTEMPATH/View/View.php(229): CodeIgniter\View\View->{closure:CodeIgniter\View\View::render():223}()
 4 SYSTEMPATH/View/View.php(475): CodeIgniter\View\View->render('templates/navbar', null, true)
 5 APPPATH/Views/pemusnahan/index.php(2): CodeIgniter\View\View->include('templates/navbar')
 6 SYSTEMPATH/View/View.php(226): include('/Applications/XAMPP/xamppfiles/htdocs/pmi-stok-darah/app/Views/pemusnahan/index.php')
 7 SYSTEMPATH/View/View.php(229): CodeIgniter\View\View->{closure:CodeIgniter\View\View::render():223}()
 8 SYSTEMPATH/Common.php(1167): CodeIgniter\View\View->render('pemusnahan/index', [], true)
 9 APPPATH/Controllers/Pemusnahan.php(34): view('pemusnahan/index', [...])
10 SYSTEMPATH/CodeIgniter.php(933): App\Controllers\Pemusnahan->index()
11 SYSTEMPATH/CodeIgniter.php(507): CodeIgniter\CodeIgniter->runController(Object(App\Controllers\Pemusnahan))
12 SYSTEMPATH/CodeIgniter.php(354): CodeIgniter\CodeIgniter->handleRequest(null, Object(Config\Cache), false)
13 SYSTEMPATH/Boot.php(363): CodeIgniter\CodeIgniter->run()
14 SYSTEMPATH/Boot.php(68): CodeIgniter\Boot::runCodeIgniter(Object(CodeIgniter\CodeIgniter))
15 FCPATH/index.php(59): CodeIgniter\Boot::bootWeb(Object(Config\Paths))
16 SYSTEMPATH/rewrite.php(44): require_once('/Applications/XAMPP/xamppfiles/htdocs/pmi-stok-darah/public/index.php')
DEBUG - 2025-11-29 09:53:53 --> Session: Class initialized using 'CodeIgniter\Session\Handlers\FileHandler' driver.
WARNING - 2025-11-29 09:53:53 --> [DEPRECATED] ucfirst(): Passing null to parameter #1 ($string) of type string is deprecated in APPPATH/Views/templates/navbar.php on line 17.
 1 APPPATH/Views/templates/navbar.php(17): ucfirst(null)
 2 SYSTEMPATH/View/View.php(226): include('/Applications/XAMPP/xamppfiles/htdocs/pmi-stok-darah/app/Views/templates/navbar.php')
 3 SYSTEMPATH/View/View.php(229): CodeIgniter\View\View->{closure:CodeIgniter\View\View::render():223}()
 4 SYSTEMPATH/View/View.php(475): CodeIgniter\View\View->render('templates/navbar', null, true)
 5 APPPATH/Views/distribusi/index.php(2): CodeIgniter\View\View->include('templates/navbar')
 6 SYSTEMPATH/View/View.php(226): include('/Applications/XAMPP/xamppfiles/htdocs/pmi-stok-darah/app/Views/distribusi/index.php')
 7 SYSTEMPATH/View/View.php(229): CodeIgniter\View\View->{closure:CodeIgniter\View\View::render():223}()
 8 SYSTEMPATH/Common.php(1167): CodeIgniter\View\View->render('distribusi/index', [], true)
 9 APPPATH/Controllers/Distribusi.php(37): view('distribusi/index', [...])
10 SYSTEMPATH/CodeIgniter.php(933): App\Controllers\Distribusi->index()
11 SYSTEMPATH/CodeIgniter.php(507): CodeIgniter\CodeIgniter->runController(Object(App\Controllers\Distribusi))
12 SYSTEMPATH/CodeIgniter.php(354): CodeIgniter\CodeIgniter->handleRequest(null, Object(Config\Cache), false)
13 SYSTEMPATH/Boot.php(363): CodeIgniter\CodeIgniter->run()
14 SYSTEMPATH/Boot.php(68): CodeIgniter\Boot::runCodeIgniter(Object(CodeIgniter\CodeIgniter))
15 FCPATH/index.php(59): CodeIgniter\Boot::bootWeb(Object(Config\Paths))
16 SYSTEMPATH/rewrite.php(44): require_once('/Applications/XAMPP/xamppfiles/htdocs/pmi-stok-darah/public/index.php')
DEBUG - 2025-11-29 09:53:54 --> Session: Class initialized using 'CodeIgniter\Session\Handlers\FileHandler' driver.
WARNING - 2025-11-29 09:53:54 --> [DEPRECATED] ucfirst(): Passing null to parameter #1 ($string) of type string is deprecated in APPPATH/Views/templates/navbar.php on line 17.
 1 APPPATH/Views/templates/navbar.php(17): ucfirst(null)
 2 SYSTEMPATH/View/View.php(226): include('/Applications/XAMPP/xamppfiles/htdocs/pmi-stok-darah/app/Views/templates/navbar.php')
 3 SYSTEMPATH/View/View.php(229): CodeIgniter\View\View->{closure:CodeIgniter\View\View::render():223}()
 4 SYSTEMPATH/View/View.php(475): CodeIgniter\View\View->render('templates/navbar', null, true)
 5 APPPATH/Views/stok/index.php(2): CodeIgniter\View\View->include('templates/navbar')
 6 SYSTEMPATH/View/View.php(226): include('/Applications/XAMPP/xamppfiles/htdocs/pmi-stok-darah/app/Views/stok/index.php')
 7 SYSTEMPATH/View/View.php(229): CodeIgniter\View\View->{closure:CodeIgniter\View\View::render():223}()
 8 SYSTEMPATH/Common.php(1167): CodeIgniter\View\View->render('stok/index', [], true)
 9 APPPATH/Controllers/Stok.php(37): view('stok/index', [...])
10 SYSTEMPATH/CodeIgniter.php(933): App\Controllers\Stok->index()
11 SYSTEMPATH/CodeIgniter.php(507): CodeIgniter\CodeIgniter->runController(Object(App\Controllers\Stok))
12 SYSTEMPATH/CodeIgniter.php(354): CodeIgniter\CodeIgniter->handleRequest(null, Object(Config\Cache), false)
13 SYSTEMPATH/Boot.php(363): CodeIgniter\CodeIgniter->run()
14 SYSTEMPATH/Boot.php(68): CodeIgniter\Boot::runCodeIgniter(Object(CodeIgniter\CodeIgniter))
15 FCPATH/index.php(59): CodeIgniter\Boot::bootWeb(Object(Config\Paths))
16 SYSTEMPATH/rewrite.php(44): require_once('/Applications/XAMPP/xamppfiles/htdocs/pmi-stok-darah/public/index.php')
DEBUG - 2025-11-29 09:53:55 --> Session: Class initialized using 'CodeIgniter\Session\Handlers\FileHandler' driver.
WARNING - 2025-11-29 09:53:55 --> [DEPRECATED] ucfirst(): Passing null to parameter #1 ($string) of type string is deprecated in APPPATH/Views/templates/navbar.php on line 17.
 1 APPPATH/Views/templates/navbar.php(17): ucfirst(null)
 2 SYSTEMPATH/View/View.php(226): include('/Applications/XAMPP/xamppfiles/htdocs/pmi-stok-darah/app/Views/templates/navbar.php')
 3 SYSTEMPATH/View/View.php(229): CodeIgniter\View\View->{closure:CodeIgniter\View\View::render():223}()
 4 SYSTEMPATH/View/View.php(475): CodeIgniter\View\View->render('templates/navbar', null, true)
 5 APPPATH/Views/users/index.php(2): CodeIgniter\View\View->include('templates/navbar')
 6 SYSTEMPATH/View/View.php(226): include('/Applications/XAMPP/xamppfiles/htdocs/pmi-stok-darah/app/Views/users/index.php')
 7 SYSTEMPATH/View/View.php(229): CodeIgniter\View\View->{closure:CodeIgniter\View\View::render():223}()
 8 SYSTEMPATH/Common.php(1167): CodeIgniter\View\View->render('users/index', [], true)
 9 APPPATH/Controllers/Users.php(31): view('users/index', [...])
10 SYSTEMPATH/CodeIgniter.php(933): App\Controllers\Users->index()
11 SYSTEMPATH/CodeIgniter.php(507): CodeIgniter\CodeIgniter->runController(Object(App\Controllers\Users))
12 SYSTEMPATH/CodeIgniter.php(354): CodeIgniter\CodeIgniter->handleRequest(null, Object(Config\Cache), false)
13 SYSTEMPATH/Boot.php(363): CodeIgniter\CodeIgniter->run()
14 SYSTEMPATH/Boot.php(68): CodeIgniter\Boot::runCodeIgniter(Object(CodeIgniter\CodeIgniter))
15 FCPATH/index.php(59): CodeIgniter\Boot::bootWeb(Object(Config\Paths))
16 SYSTEMPATH/rewrite.php(44): require_once('/Applications/XAMPP/xamppfiles/htdocs/pmi-stok-darah/public/index.php')
DEBUG - 2025-11-29 09:54:12 --> Session: Class initialized using 'CodeIgniter\Session\Handlers\FileHandler' driver.
WARNING - 2025-11-29 09:54:12 --> [DEPRECATED] ucfirst(): Passing null to parameter #1 ($string) of type string is deprecated in APPPATH/Views/templates/navbar.php on line 17.
 1 APPPATH/Views/templates/navbar.php(17): ucfirst(null)
 2 SYSTEMPATH/View/View.php(226): include('/Applications/XAMPP/xamppfiles/htdocs/pmi-stok-darah/app/Views/templates/navbar.php')
 3 SYSTEMPATH/View/View.php(229): CodeIgniter\View\View->{closure:CodeIgniter\View\View::render():223}()
 4 SYSTEMPATH/View/View.php(475): CodeIgniter\View\View->render('templates/navbar', null, true)
 5 APPPATH/Views/pemusnahan/index.php(2): CodeIgniter\View\View->include('templates/navbar')
 6 SYSTEMPATH/View/View.php(226): include('/Applications/XAMPP/xamppfiles/htdocs/pmi-stok-darah/app/Views/pemusnahan/index.php')
 7 SYSTEMPATH/View/View.php(229): CodeIgniter\View\View->{closure:CodeIgniter\View\View::render():223}()
 8 SYSTEMPATH/Common.php(1167): CodeIgniter\View\View->render('pemusnahan/index', [], true)
 9 APPPATH/Controllers/Pemusnahan.php(34): view('pemusnahan/index', [...])
10 SYSTEMPATH/CodeIgniter.php(933): App\Controllers\Pemusnahan->index()
11 SYSTEMPATH/CodeIgniter.php(507): CodeIgniter\CodeIgniter->runController(Object(App\Controllers\Pemusnahan))
12 SYSTEMPATH/CodeIgniter.php(354): CodeIgniter\CodeIgniter->handleRequest(null, Object(Config\Cache), false)
13 SYSTEMPATH/Boot.php(363): CodeIgniter\CodeIgniter->run()
14 SYSTEMPATH/Boot.php(68): CodeIgniter\Boot::runCodeIgniter(Object(CodeIgniter\CodeIgniter))
15 FCPATH/index.php(59): CodeIgniter\Boot::bootWeb(Object(Config\Paths))
16 SYSTEMPATH/rewrite.php(44): require_once('/Applications/XAMPP/xamppfiles/htdocs/pmi-stok-darah/public/index.php')
DEBUG - 2025-11-29 09:54:15 --> Session: Class initialized using 'CodeIgniter\Session\Handlers\FileHandler' driver.
WARNING - 2025-11-29 09:54:15 --> [DEPRECATED] ucfirst(): Passing null to parameter #1 ($string) of type string is deprecated in APPPATH/Views/templates/navbar.php on line 17.
 1 APPPATH/Views/templates/navbar.php(17): ucfirst(null)
 2 SYSTEMPATH/View/View.php(226): include('/Applications/XAMPP/xamppfiles/htdocs/pmi-stok-darah/app/Views/templates/navbar.php')
 3 SYSTEMPATH/View/View.php(229): CodeIgniter\View\View->{closure:CodeIgniter\View\View::render():223}()
 4 SYSTEMPATH/View/View.php(475): CodeIgniter\View\View->render('templates/navbar', null, true)
 5 APPPATH/Views/pemusnahan/index.php(2): CodeIgniter\View\View->include('templates/navbar')
 6 SYSTEMPATH/View/View.php(226): include('/Applications/XAMPP/xamppfiles/htdocs/pmi-stok-darah/app/Views/pemusnahan/index.php')
 7 SYSTEMPATH/View/View.php(229): CodeIgniter\View\View->{closure:CodeIgniter\View\View::render():223}()
 8 SYSTEMPATH/Common.php(1167): CodeIgniter\View\View->render('pemusnahan/index', [], true)
 9 APPPATH/Controllers/Pemusnahan.php(34): view('pemusnahan/index', [...])
10 SYSTEMPATH/CodeIgniter.php(933): App\Controllers\Pemusnahan->index()
11 SYSTEMPATH/CodeIgniter.php(507): CodeIgniter\CodeIgniter->runController(Object(App\Controllers\Pemusnahan))
12 SYSTEMPATH/CodeIgniter.php(354): CodeIgniter\CodeIgniter->handleRequest(null, Object(Config\Cache), false)
13 SYSTEMPATH/Boot.php(363): CodeIgniter\CodeIgniter->run()
14 SYSTEMPATH/Boot.php(68): CodeIgniter\Boot::runCodeIgniter(Object(CodeIgniter\CodeIgniter))
15 FCPATH/index.php(59): CodeIgniter\Boot::bootWeb(Object(Config\Paths))
16 SYSTEMPATH/rewrite.php(44): require_once('/Applications/XAMPP/xamppfiles/htdocs/pmi-stok-darah/public/index.php')
DEBUG - 2025-11-29 09:54:17 --> Session: Class initialized using 'CodeIgniter\Session\Handlers\FileHandler' driver.
WARNING - 2025-11-29 09:54:17 --> [DEPRECATED] ucfirst(): Passing null to parameter #1 ($string) of type string is deprecated in APPPATH/Views/templates/navbar.php on line 17.
 1 APPPATH/Views/templates/navbar.php(17): ucfirst(null)
 2 SYSTEMPATH/View/View.php(226): include('/Applications/XAMPP/xamppfiles/htdocs/pmi-stok-darah/app/Views/templates/navbar.php')
 3 SYSTEMPATH/View/View.php(229): CodeIgniter\View\View->{closure:CodeIgniter\View\View::render():223}()
 4 SYSTEMPATH/View/View.php(475): CodeIgniter\View\View->render('templates/navbar', null, true)
 5 APPPATH/Views/stok/index.php(2): CodeIgniter\View\View->include('templates/navbar')
 6 SYSTEMPATH/View/View.php(226): include('/Applications/XAMPP/xamppfiles/htdocs/pmi-stok-darah/app/Views/stok/index.php')
 7 SYSTEMPATH/View/View.php(229): CodeIgniter\View\View->{closure:CodeIgniter\View\View::render():223}()
 8 SYSTEMPATH/Common.php(1167): CodeIgniter\View\View->render('stok/index', [], true)
 9 APPPATH/Controllers/Stok.php(37): view('stok/index', [...])
10 SYSTEMPATH/CodeIgniter.php(933): App\Controllers\Stok->index()
11 SYSTEMPATH/CodeIgniter.php(507): CodeIgniter\CodeIgniter->runController(Object(App\Controllers\Stok))
12 SYSTEMPATH/CodeIgniter.php(354): CodeIgniter\CodeIgniter->handleRequest(null, Object(Config\Cache), false)
13 SYSTEMPATH/Boot.php(363): CodeIgniter\CodeIgniter->run()
14 SYSTEMPATH/Boot.php(68): CodeIgniter\Boot::runCodeIgniter(Object(CodeIgniter\CodeIgniter))
15 FCPATH/index.php(59): CodeIgniter\Boot::bootWeb(Object(Config\Paths))
16 SYSTEMPATH/rewrite.php(44): require_once('/Applications/XAMPP/xamppfiles/htdocs/pmi-stok-darah/public/index.php')
DEBUG - 2025-11-29 09:54:18 --> Session: Class initialized using 'CodeIgniter\Session\Handlers\FileHandler' driver.
WARNING - 2025-11-29 09:54:18 --> [DEPRECATED] ucfirst(): Passing null to parameter #1 ($string) of type string is deprecated in APPPATH/Views/templates/navbar.php on line 17.
 1 APPPATH/Views/templates/navbar.php(17): ucfirst(null)
 2 SYSTEMPATH/View/View.php(226): include('/Applications/XAMPP/xamppfiles/htdocs/pmi-stok-darah/app/Views/templates/navbar.php')
 3 SYSTEMPATH/View/View.php(229): CodeIgniter\View\View->{closure:CodeIgniter\View\View::render():223}()
 4 SYSTEMPATH/View/View.php(475): CodeIgniter\View\View->render('templates/navbar', null, true)
 5 APPPATH/Views/distribusi/index.php(2): CodeIgniter\View\View->include('templates/navbar')
 6 SYSTEMPATH/View/View.php(226): include('/Applications/XAMPP/xamppfiles/htdocs/pmi-stok-darah/app/Views/distribusi/index.php')
 7 SYSTEMPATH/View/View.php(229): CodeIgniter\View\View->{closure:CodeIgniter\View\View::render():223}()
 8 SYSTEMPATH/Common.php(1167): CodeIgniter\View\View->render('distribusi/index', [], true)
 9 APPPATH/Controllers/Distribusi.php(37): view('distribusi/index', [...])
10 SYSTEMPATH/CodeIgniter.php(933): App\Controllers\Distribusi->index()
11 SYSTEMPATH/CodeIgniter.php(507): CodeIgniter\CodeIgniter->runController(Object(App\Controllers\Distribusi))
12 SYSTEMPATH/CodeIgniter.php(354): CodeIgniter\CodeIgniter->handleRequest(null, Object(Config\Cache), false)
13 SYSTEMPATH/Boot.php(363): CodeIgniter\CodeIgniter->run()
14 SYSTEMPATH/Boot.php(68): CodeIgniter\Boot::runCodeIgniter(Object(CodeIgniter\CodeIgniter))
15 FCPATH/index.php(59): CodeIgniter\Boot::bootWeb(Object(Config\Paths))
16 SYSTEMPATH/rewrite.php(44): require_once('/Applications/XAMPP/xamppfiles/htdocs/pmi-stok-darah/public/index.php')
DEBUG - 2025-11-29 09:54:19 --> Session: Class initialized using 'CodeIgniter\Session\Handlers\FileHandler' driver.
WARNING - 2025-11-29 09:54:19 --> [DEPRECATED] ucfirst(): Passing null to parameter #1 ($string) of type string is deprecated in APPPATH/Views/templates/navbar.php on line 17.
 1 APPPATH/Views/templates/navbar.php(17): ucfirst(null)
 2 SYSTEMPATH/View/View.php(226): include('/Applications/XAMPP/xamppfiles/htdocs/pmi-stok-darah/app/Views/templates/navbar.php')
 3 SYSTEMPATH/View/View.php(229): CodeIgniter\View\View->{closure:CodeIgniter\View\View::render():223}()
 4 SYSTEMPATH/View/View.php(475): CodeIgniter\View\View->render('templates/navbar', null, true)
 5 APPPATH/Views/users/index.php(2): CodeIgniter\View\View->include('templates/navbar')
 6 SYSTEMPATH/View/View.php(226): include('/Applications/XAMPP/xamppfiles/htdocs/pmi-stok-darah/app/Views/users/index.php')
 7 SYSTEMPATH/View/View.php(229): CodeIgniter\View\View->{closure:CodeIgniter\View\View::render():223}()
 8 SYSTEMPATH/Common.php(1167): CodeIgniter\View\View->render('users/index', [], true)
 9 APPPATH/Controllers/Users.php(31): view('users/index', [...])
10 SYSTEMPATH/CodeIgniter.php(933): App\Controllers\Users->index()
11 SYSTEMPATH/CodeIgniter.php(507): CodeIgniter\CodeIgniter->runController(Object(App\Controllers\Users))
12 SYSTEMPATH/CodeIgniter.php(354): CodeIgniter\CodeIgniter->handleRequest(null, Object(Config\Cache), false)
13 SYSTEMPATH/Boot.php(363): CodeIgniter\CodeIgniter->run()
14 SYSTEMPATH/Boot.php(68): CodeIgniter\Boot::runCodeIgniter(Object(CodeIgniter\CodeIgniter))
15 FCPATH/index.php(59): CodeIgniter\Boot::bootWeb(Object(Config\Paths))
16 SYSTEMPATH/rewrite.php(44): require_once('/Applications/XAMPP/xamppfiles/htdocs/pmi-stok-darah/public/index.php')
DEBUG - 2025-11-29 09:54:19 --> Session: Class initialized using 'CodeIgniter\Session\Handlers\FileHandler' driver.
WARNING - 2025-11-29 09:54:19 --> [DEPRECATED] ucfirst(): Passing null to parameter #1 ($string) of type string is deprecated in APPPATH/Views/templates/navbar.php on line 17.
 1 APPPATH/Views/templates/navbar.php(17): ucfirst(null)
 2 SYSTEMPATH/View/View.php(226): include('/Applications/XAMPP/xamppfiles/htdocs/pmi-stok-darah/app/Views/templates/navbar.php')
 3 SYSTEMPATH/View/View.php(229): CodeIgniter\View\View->{closure:CodeIgniter\View\View::render():223}()
 4 SYSTEMPATH/View/View.php(475): CodeIgniter\View\View->render('templates/navbar', null, true)
 5 APPPATH/Views/pemusnahan/index.php(2): CodeIgniter\View\View->include('templates/navbar')
 6 SYSTEMPATH/View/View.php(226): include('/Applications/XAMPP/xamppfiles/htdocs/pmi-stok-darah/app/Views/pemusnahan/index.php')
 7 SYSTEMPATH/View/View.php(229): CodeIgniter\View\View->{closure:CodeIgniter\View\View::render():223}()
 8 SYSTEMPATH/Common.php(1167): CodeIgniter\View\View->render('pemusnahan/index', [], true)
 9 APPPATH/Controllers/Pemusnahan.php(34): view('pemusnahan/index', [...])
10 SYSTEMPATH/CodeIgniter.php(933): App\Controllers\Pemusnahan->index()
11 SYSTEMPATH/CodeIgniter.php(507): CodeIgniter\CodeIgniter->runController(Object(App\Controllers\Pemusnahan))
12 SYSTEMPATH/CodeIgniter.php(354): CodeIgniter\CodeIgniter->handleRequest(null, Object(Config\Cache), false)
13 SYSTEMPATH/Boot.php(363): CodeIgniter\CodeIgniter->run()
14 SYSTEMPATH/Boot.php(68): CodeIgniter\Boot::runCodeIgniter(Object(CodeIgniter\CodeIgniter))
15 FCPATH/index.php(59): CodeIgniter\Boot::bootWeb(Object(Config\Paths))
16 SYSTEMPATH/rewrite.php(44): require_once('/Applications/XAMPP/xamppfiles/htdocs/pmi-stok-darah/public/index.php')
DEBUG - 2025-11-29 09:54:21 --> Session: Class initialized using 'CodeIgniter\Session\Handlers\FileHandler' driver.
WARNING - 2025-11-29 09:54:21 --> [DEPRECATED] ucfirst(): Passing null to parameter #1 ($string) of type string is deprecated in APPPATH/Views/templates/navbar.php on line 17.
 1 APPPATH/Views/templates/navbar.php(17): ucfirst(null)
 2 SYSTEMPATH/View/View.php(226): include('/Applications/XAMPP/xamppfiles/htdocs/pmi-stok-darah/app/Views/templates/navbar.php')
 3 SYSTEMPATH/View/View.php(229): CodeIgniter\View\View->{closure:CodeIgniter\View\View::render():223}()
 4 SYSTEMPATH/View/View.php(475): CodeIgniter\View\View->render('templates/navbar', null, true)
 5 APPPATH/Views/pemusnahan/index.php(2): CodeIgniter\View\View->include('templates/navbar')
 6 SYSTEMPATH/View/View.php(226): include('/Applications/XAMPP/xamppfiles/htdocs/pmi-stok-darah/app/Views/pemusnahan/index.php')
 7 SYSTEMPATH/View/View.php(229): CodeIgniter\View\View->{closure:CodeIgniter\View\View::render():223}()
 8 SYSTEMPATH/Common.php(1167): CodeIgniter\View\View->render('pemusnahan/index', [], true)
 9 APPPATH/Controllers/Pemusnahan.php(34): view('pemusnahan/index', [...])
10 SYSTEMPATH/CodeIgniter.php(933): App\Controllers\Pemusnahan->index()
11 SYSTEMPATH/CodeIgniter.php(507): CodeIgniter\CodeIgniter->runController(Object(App\Controllers\Pemusnahan))
12 SYSTEMPATH/CodeIgniter.php(354): CodeIgniter\CodeIgniter->handleRequest(null, Object(Config\Cache), false)
13 SYSTEMPATH/Boot.php(363): CodeIgniter\CodeIgniter->run()
14 SYSTEMPATH/Boot.php(68): CodeIgniter\Boot::runCodeIgniter(Object(CodeIgniter\CodeIgniter))
15 FCPATH/index.php(59): CodeIgniter\Boot::bootWeb(Object(Config\Paths))
16 SYSTEMPATH/rewrite.php(44): require_once('/Applications/XAMPP/xamppfiles/htdocs/pmi-stok-darah/public/index.php')
DEBUG - 2025-11-29 09:54:22 --> Session: Class initialized using 'CodeIgniter\Session\Handlers\FileHandler' driver.
WARNING - 2025-11-29 09:54:22 --> [DEPRECATED] ucfirst(): Passing null to parameter #1 ($string) of type string is deprecated in APPPATH/Views/templates/navbar.php on line 17.
 1 APPPATH/Views/templates/navbar.php(17): ucfirst(null)
 2 SYSTEMPATH/View/View.php(226): include('/Applications/XAMPP/xamppfiles/htdocs/pmi-stok-darah/app/Views/templates/navbar.php')
 3 SYSTEMPATH/View/View.php(229): CodeIgniter\View\View->{closure:CodeIgniter\View\View::render():223}()
 4 SYSTEMPATH/View/View.php(475): CodeIgniter\View\View->render('templates/navbar', null, true)
 5 APPPATH/Views/distribusi/index.php(2): CodeIgniter\View\View->include('templates/navbar')
 6 SYSTEMPATH/View/View.php(226): include('/Applications/XAMPP/xamppfiles/htdocs/pmi-stok-darah/app/Views/distribusi/index.php')
 7 SYSTEMPATH/View/View.php(229): CodeIgniter\View\View->{closure:CodeIgniter\View\View::render():223}()
 8 SYSTEMPATH/Common.php(1167): CodeIgniter\View\View->render('distribusi/index', [], true)
 9 APPPATH/Controllers/Distribusi.php(37): view('distribusi/index', [...])
10 SYSTEMPATH/CodeIgniter.php(933): App\Controllers\Distribusi->index()
11 SYSTEMPATH/CodeIgniter.php(507): CodeIgniter\CodeIgniter->runController(Object(App\Controllers\Distribusi))
12 SYSTEMPATH/CodeIgniter.php(354): CodeIgniter\CodeIgniter->handleRequest(null, Object(Config\Cache), false)
13 SYSTEMPATH/Boot.php(363): CodeIgniter\CodeIgniter->run()
14 SYSTEMPATH/Boot.php(68): CodeIgniter\Boot::runCodeIgniter(Object(CodeIgniter\CodeIgniter))
15 FCPATH/index.php(59): CodeIgniter\Boot::bootWeb(Object(Config\Paths))
16 SYSTEMPATH/rewrite.php(44): require_once('/Applications/XAMPP/xamppfiles/htdocs/pmi-stok-darah/public/index.php')
DEBUG - 2025-11-29 09:59:22 --> Session: Class initialized using 'CodeIgniter\Session\Handlers\FileHandler' driver.
WARNING - 2025-11-29 09:59:22 --> [DEPRECATED] ucfirst(): Passing null to parameter #1 ($string) of type string is deprecated in APPPATH/Views/templates/navbar.php on line 17.
 1 APPPATH/Views/templates/navbar.php(17): ucfirst(null)
 2 SYSTEMPATH/View/View.php(226): include('/Applications/XAMPP/xamppfiles/htdocs/pmi-stok-darah/app/Views/templates/navbar.php')
 3 SYSTEMPATH/View/View.php(229): CodeIgniter\View\View->{closure:CodeIgniter\View\View::render():223}()
 4 SYSTEMPATH/View/View.php(475): CodeIgniter\View\View->render('templates/navbar', null, true)
 5 APPPATH/Views/distribusi/index.php(2): CodeIgniter\View\View->include('templates/navbar')
 6 SYSTEMPATH/View/View.php(226): include('/Applications/XAMPP/xamppfiles/htdocs/pmi-stok-darah/app/Views/distribusi/index.php')
 7 SYSTEMPATH/View/View.php(229): CodeIgniter\View\View->{closure:CodeIgniter\View\View::render():223}()
 8 SYSTEMPATH/Common.php(1167): CodeIgniter\View\View->render('distribusi/index', [], true)
 9 APPPATH/Controllers/Distribusi.php(37): view('distribusi/index', [...])
10 SYSTEMPATH/CodeIgniter.php(933): App\Controllers\Distribusi->index()
11 SYSTEMPATH/CodeIgniter.php(507): CodeIgniter\CodeIgniter->runController(Object(App\Controllers\Distribusi))
12 SYSTEMPATH/CodeIgniter.php(354): CodeIgniter\CodeIgniter->handleRequest(null, Object(Config\Cache), false)
13 SYSTEMPATH/Boot.php(363): CodeIgniter\CodeIgniter->run()
14 SYSTEMPATH/Boot.php(68): CodeIgniter\Boot::runCodeIgniter(Object(CodeIgniter\CodeIgniter))
15 FCPATH/index.php(59): CodeIgniter\Boot::bootWeb(Object(Config\Paths))
16 SYSTEMPATH/rewrite.php(44): require_once('/Applications/XAMPP/xamppfiles/htdocs/pmi-stok-darah/public/index.php')
DEBUG - 2025-11-29 09:59:23 --> Session: Class initialized using 'CodeIgniter\Session\Handlers\FileHandler' driver.
CRITICAL - 2025-11-29 09:59:23 --> ErrorException: Undefined variable $message
[Method: GET, Route: return]
in APPPATH/Views/errors/html/error_404.php on line 77.
 1 APPPATH/Views/errors/html/error_404.php(77): CodeIgniter\Debug\Exceptions->errorHandler(2, 'Undefined variable $message', '/Applications/XAMPP/xamppfiles/htdocs/pmi-stok-darah/app/Views/errors/html/error_404.php', 77)
 2 SYSTEMPATH/View/View.php(226): include('/Applications/XAMPP/xamppfiles/htdocs/pmi-stok-darah/app/Views/errors/html/error_404.php')
 3 SYSTEMPATH/View/View.php(229): CodeIgniter\View\View->{closure:CodeIgniter\View\View::render():223}()
 4 SYSTEMPATH/Common.php(1167): CodeIgniter\View\View->render('errors/html/error_404', [], true)
 5 APPPATH/Config/Routes.php(66): view('errors/html/error_404')
 6 SYSTEMPATH/CodeIgniter.php(957): CodeIgniter\Router\RouteCollection->{closure:/Applications/XAMPP/xamppfiles/htdocs/pmi-stok-darah/app/Config/Routes.php:65}('Controller or its method is not found: \\App\\Controllers\\Retur::index')
 7 SYSTEMPATH/CodeIgniter.php(360): CodeIgniter\CodeIgniter->display404errors(Object(CodeIgniter\Exceptions\PageNotFoundException))
 8 SYSTEMPATH/Boot.php(363): CodeIgniter\CodeIgniter->run()
 9 SYSTEMPATH/Boot.php(68): CodeIgniter\Boot::runCodeIgniter(Object(CodeIgniter\CodeIgniter))
10 FCPATH/index.php(59): CodeIgniter\Boot::bootWeb(Object(Config\Paths))
11 SYSTEMPATH/rewrite.php(44): require_once('/Applications/XAMPP/xamppfiles/htdocs/pmi-stok-darah/public/index.php')
DEBUG - 2025-11-29 09:59:39 --> Session: Class initialized using 'CodeIgniter\Session\Handlers\FileHandler' driver.
CRITICAL - 2025-11-29 09:59:39 --> ErrorException: Undefined variable $message
[Method: GET, Route: return]
in APPPATH/Views/errors/html/error_404.php on line 77.
 1 APPPATH/Views/errors/html/error_404.php(77): CodeIgniter\Debug\Exceptions->errorHandler(2, 'Undefined variable $message', '/Applications/XAMPP/xamppfiles/htdocs/pmi-stok-darah/app/Views/errors/html/error_404.php', 77)
 2 SYSTEMPATH/View/View.php(226): include('/Applications/XAMPP/xamppfiles/htdocs/pmi-stok-darah/app/Views/errors/html/error_404.php')
 3 SYSTEMPATH/View/View.php(229): CodeIgniter\View\View->{closure:CodeIgniter\View\View::render():223}()
 4 SYSTEMPATH/Common.php(1167): CodeIgniter\View\View->render('errors/html/error_404', [], true)
 5 APPPATH/Config/Routes.php(66): view('errors/html/error_404')
 6 SYSTEMPATH/CodeIgniter.php(957): CodeIgniter\Router\RouteCollection->{closure:/Applications/XAMPP/xamppfiles/htdocs/pmi-stok-darah/app/Config/Routes.php:65}('Controller or its method is not found: \\App\\Controllers\\Retur::index')
 7 SYSTEMPATH/CodeIgniter.php(360): CodeIgniter\CodeIgniter->display404errors(Object(CodeIgniter\Exceptions\PageNotFoundException))
 8 SYSTEMPATH/Boot.php(363): CodeIgniter\CodeIgniter->run()
 9 SYSTEMPATH/Boot.php(68): CodeIgniter\Boot::runCodeIgniter(Object(CodeIgniter\CodeIgniter))
10 FCPATH/index.php(59): CodeIgniter\Boot::bootWeb(Object(Config\Paths))
11 SYSTEMPATH/rewrite.php(44): require_once('/Applications/XAMPP/xamppfiles/htdocs/pmi-stok-darah/public/index.php')
DEBUG - 2025-11-29 09:59:40 --> Session: Class initialized using 'CodeIgniter\Session\Handlers\FileHandler' driver.
CRITICAL - 2025-11-29 09:59:40 --> ErrorException: Undefined variable $message
[Method: GET, Route: return]
in APPPATH/Views/errors/html/error_404.php on line 77.
 1 APPPATH/Views/errors/html/error_404.php(77): CodeIgniter\Debug\Exceptions->errorHandler(2, 'Undefined variable $message', '/Applications/XAMPP/xamppfiles/htdocs/pmi-stok-darah/app/Views/errors/html/error_404.php', 77)
 2 SYSTEMPATH/View/View.php(226): include('/Applications/XAMPP/xamppfiles/htdocs/pmi-stok-darah/app/Views/errors/html/error_404.php')
 3 SYSTEMPATH/View/View.php(229): CodeIgniter\View\View->{closure:CodeIgniter\View\View::render():223}()
 4 SYSTEMPATH/Common.php(1167): CodeIgniter\View\View->render('errors/html/error_404', [], true)
 5 APPPATH/Config/Routes.php(66): view('errors/html/error_404')
 6 SYSTEMPATH/CodeIgniter.php(957): CodeIgniter\Router\RouteCollection->{closure:/Applications/XAMPP/xamppfiles/htdocs/pmi-stok-darah/app/Config/Routes.php:65}('Controller or its method is not found: \\App\\Controllers\\Retur::index')
 7 SYSTEMPATH/CodeIgniter.php(360): CodeIgniter\CodeIgniter->display404errors(Object(CodeIgniter\Exceptions\PageNotFoundException))
 8 SYSTEMPATH/Boot.php(363): CodeIgniter\CodeIgniter->run()
 9 SYSTEMPATH/Boot.php(68): CodeIgniter\Boot::runCodeIgniter(Object(CodeIgniter\CodeIgniter))
10 FCPATH/index.php(59): CodeIgniter\Boot::bootWeb(Object(Config\Paths))
11 SYSTEMPATH/rewrite.php(44): require_once('/Applications/XAMPP/xamppfiles/htdocs/pmi-stok-darah/public/index.php')
DEBUG - 2025-11-29 10:01:25 --> Session: Class initialized using 'CodeIgniter\Session\Handlers\FileHandler' driver.
WARNING - 2025-11-29 10:01:25 --> [DEPRECATED] ucfirst(): Passing null to parameter #1 ($string) of type string is deprecated in APPPATH/Views/templates/navbar.php on line 17.
 1 APPPATH/Views/templates/navbar.php(17): ucfirst(null)
 2 SYSTEMPATH/View/View.php(226): include('/Applications/XAMPP/xamppfiles/htdocs/pmi-stok-darah/app/Views/templates/navbar.php')
 3 SYSTEMPATH/View/View.php(229): CodeIgniter\View\View->{closure:CodeIgniter\View\View::render():223}()
 4 SYSTEMPATH/View/View.php(475): CodeIgniter\View\View->render('templates/navbar', null, true)
 5 APPPATH/Views/return/index.php(2): CodeIgniter\View\View->include('templates/navbar')
 6 SYSTEMPATH/View/View.php(226): include('/Applications/XAMPP/xamppfiles/htdocs/pmi-stok-darah/app/Views/return/index.php')
 7 SYSTEMPATH/View/View.php(229): CodeIgniter\View\View->{closure:CodeIgniter\View\View::render():223}()
 8 SYSTEMPATH/Common.php(1167): CodeIgniter\View\View->render('return/index', [], true)
 9 APPPATH/Controllers/Retur.php(40): view('return/index', [...])
10 SYSTEMPATH/CodeIgniter.php(933): App\Controllers\Retur->index()
11 SYSTEMPATH/CodeIgniter.php(507): CodeIgniter\CodeIgniter->runController(Object(App\Controllers\Retur))
12 SYSTEMPATH/CodeIgniter.php(354): CodeIgniter\CodeIgniter->handleRequest(null, Object(Config\Cache), false)
13 SYSTEMPATH/Boot.php(363): CodeIgniter\CodeIgniter->run()
14 SYSTEMPATH/Boot.php(68): CodeIgniter\Boot::runCodeIgniter(Object(CodeIgniter\CodeIgniter))
15 FCPATH/index.php(59): CodeIgniter\Boot::bootWeb(Object(Config\Paths))
16 SYSTEMPATH/rewrite.php(44): require_once('/Applications/XAMPP/xamppfiles/htdocs/pmi-stok-darah/public/index.php')
DEBUG - 2025-11-29 10:01:55 --> Session: Class initialized using 'CodeIgniter\Session\Handlers\FileHandler' driver.
WARNING - 2025-11-29 10:01:55 --> [DEPRECATED] ucfirst(): Passing null to parameter #1 ($string) of type string is deprecated in APPPATH/Views/templates/navbar.php on line 17.
 1 APPPATH/Views/templates/navbar.php(17): ucfirst(null)
 2 SYSTEMPATH/View/View.php(226): include('/Applications/XAMPP/xamppfiles/htdocs/pmi-stok-darah/app/Views/templates/navbar.php')
 3 SYSTEMPATH/View/View.php(229): CodeIgniter\View\View->{closure:CodeIgniter\View\View::render():223}()
 4 SYSTEMPATH/View/View.php(475): CodeIgniter\View\View->render('templates/navbar', null, true)
 5 APPPATH/Views/return/create.php(2): CodeIgniter\View\View->include('templates/navbar')
 6 SYSTEMPATH/View/View.php(226): include('/Applications/XAMPP/xamppfiles/htdocs/pmi-stok-darah/app/Views/return/create.php')
 7 SYSTEMPATH/View/View.php(229): CodeIgniter\View\View->{closure:CodeIgniter\View\View::render():223}()
 8 SYSTEMPATH/Common.php(1167): CodeIgniter\View\View->render('return/create', [], true)
 9 APPPATH/Controllers/Retur.php(55): view('return/create', [...])
10 SYSTEMPATH/CodeIgniter.php(933): App\Controllers\Retur->create()
11 SYSTEMPATH/CodeIgniter.php(507): CodeIgniter\CodeIgniter->runController(Object(App\Controllers\Retur))
12 SYSTEMPATH/CodeIgniter.php(354): CodeIgniter\CodeIgniter->handleRequest(null, Object(Config\Cache), false)
13 SYSTEMPATH/Boot.php(363): CodeIgniter\CodeIgniter->run()
14 SYSTEMPATH/Boot.php(68): CodeIgniter\Boot::runCodeIgniter(Object(CodeIgniter\CodeIgniter))
15 FCPATH/index.php(59): CodeIgniter\Boot::bootWeb(Object(Config\Paths))
16 SYSTEMPATH/rewrite.php(44): require_once('/Applications/XAMPP/xamppfiles/htdocs/pmi-stok-darah/public/index.php')
INFO - 2025-11-29 10:02:15 --> CSRF token verified.
DEBUG - 2025-11-29 10:02:15 --> Session: Class initialized using 'CodeIgniter\Session\Handlers\FileHandler' driver.
DEBUG - 2025-11-29 10:02:15 --> Session: Class initialized using 'CodeIgniter\Session\Handlers\FileHandler' driver.
WARNING - 2025-11-29 10:02:15 --> [DEPRECATED] ucfirst(): Passing null to parameter #1 ($string) of type string is deprecated in APPPATH/Views/templates/navbar.php on line 17.
 1 APPPATH/Views/templates/navbar.php(17): ucfirst(null)
 2 SYSTEMPATH/View/View.php(226): include('/Applications/XAMPP/xamppfiles/htdocs/pmi-stok-darah/app/Views/templates/navbar.php')
 3 SYSTEMPATH/View/View.php(229): CodeIgniter\View\View->{closure:CodeIgniter\View\View::render():223}()
 4 SYSTEMPATH/View/View.php(475): CodeIgniter\View\View->render('templates/navbar', null, true)
 5 APPPATH/Views/return/index.php(2): CodeIgniter\View\View->include('templates/navbar')
 6 SYSTEMPATH/View/View.php(226): include('/Applications/XAMPP/xamppfiles/htdocs/pmi-stok-darah/app/Views/return/index.php')
 7 SYSTEMPATH/View/View.php(229): CodeIgniter\View\View->{closure:CodeIgniter\View\View::render():223}()
 8 SYSTEMPATH/Common.php(1167): CodeIgniter\View\View->render('return/index', [], true)
 9 APPPATH/Controllers/Retur.php(40): view('return/index', [...])
10 SYSTEMPATH/CodeIgniter.php(933): App\Controllers\Retur->index()
11 SYSTEMPATH/CodeIgniter.php(507): CodeIgniter\CodeIgniter->runController(Object(App\Controllers\Retur))
12 SYSTEMPATH/CodeIgniter.php(354): CodeIgniter\CodeIgniter->handleRequest(null, Object(Config\Cache), false)
13 SYSTEMPATH/Boot.php(363): CodeIgniter\CodeIgniter->run()
14 SYSTEMPATH/Boot.php(68): CodeIgniter\Boot::runCodeIgniter(Object(CodeIgniter\CodeIgniter))
15 FCPATH/index.php(59): CodeIgniter\Boot::bootWeb(Object(Config\Paths))
16 SYSTEMPATH/rewrite.php(44): require_once('/Applications/XAMPP/xamppfiles/htdocs/pmi-stok-darah/public/index.php')
DEBUG - 2025-11-29 10:09:37 --> Session: Class initialized using 'CodeIgniter\Session\Handlers\FileHandler' driver.
WARNING - 2025-11-29 10:09:37 --> [DEPRECATED] ucfirst(): Passing null to parameter #1 ($string) of type string is deprecated in APPPATH/Views/templates/navbar.php on line 17.
 1 APPPATH/Views/templates/navbar.php(17): ucfirst(null)
 2 SYSTEMPATH/View/View.php(226): include('/Applications/XAMPP/xamppfiles/htdocs/pmi-stok-darah/app/Views/templates/navbar.php')
 3 SYSTEMPATH/View/View.php(229): CodeIgniter\View\View->{closure:CodeIgniter\View\View::render():223}()
 4 SYSTEMPATH/View/View.php(475): CodeIgniter\View\View->render('templates/navbar', null, true)
 5 APPPATH/Views/stok/index.php(2): CodeIgniter\View\View->include('templates/navbar')
 6 SYSTEMPATH/View/View.php(226): include('/Applications/XAMPP/xamppfiles/htdocs/pmi-stok-darah/app/Views/stok/index.php')
 7 SYSTEMPATH/View/View.php(229): CodeIgniter\View\View->{closure:CodeIgniter\View\View::render():223}()
 8 SYSTEMPATH/Common.php(1167): CodeIgniter\View\View->render('stok/index', [], true)
 9 APPPATH/Controllers/Stok.php(37): view('stok/index', [...])
10 SYSTEMPATH/CodeIgniter.php(933): App\Controllers\Stok->index()
11 SYSTEMPATH/CodeIgniter.php(507): CodeIgniter\CodeIgniter->runController(Object(App\Controllers\Stok))
12 SYSTEMPATH/CodeIgniter.php(354): CodeIgniter\CodeIgniter->handleRequest(null, Object(Config\Cache), false)
13 SYSTEMPATH/Boot.php(363): CodeIgniter\CodeIgniter->run()
14 SYSTEMPATH/Boot.php(68): CodeIgniter\Boot::runCodeIgniter(Object(CodeIgniter\CodeIgniter))
15 FCPATH/index.php(59): CodeIgniter\Boot::bootWeb(Object(Config\Paths))
16 SYSTEMPATH/rewrite.php(44): require_once('/Applications/XAMPP/xamppfiles/htdocs/pmi-stok-darah/public/index.php')
DEBUG - 2025-11-29 10:09:45 --> Session: Class initialized using 'CodeIgniter\Session\Handlers\FileHandler' driver.
WARNING - 2025-11-29 10:09:45 --> [DEPRECATED] ucfirst(): Passing null to parameter #1 ($string) of type string is deprecated in APPPATH/Views/templates/navbar.php on line 17.
 1 APPPATH/Views/templates/navbar.php(17): ucfirst(null)
 2 SYSTEMPATH/View/View.php(226): include('/Applications/XAMPP/xamppfiles/htdocs/pmi-stok-darah/app/Views/templates/navbar.php')
 3 SYSTEMPATH/View/View.php(229): CodeIgniter\View\View->{closure:CodeIgniter\View\View::render():223}()
 4 SYSTEMPATH/View/View.php(475): CodeIgniter\View\View->render('templates/navbar', null, true)
 5 APPPATH/Views/return/index.php(2): CodeIgniter\View\View->include('templates/navbar')
 6 SYSTEMPATH/View/View.php(226): include('/Applications/XAMPP/xamppfiles/htdocs/pmi-stok-darah/app/Views/return/index.php')
 7 SYSTEMPATH/View/View.php(229): CodeIgniter\View\View->{closure:CodeIgniter\View\View::render():223}()
 8 SYSTEMPATH/Common.php(1167): CodeIgniter\View\View->render('return/index', [], true)
 9 APPPATH/Controllers/Retur.php(40): view('return/index', [...])
10 SYSTEMPATH/CodeIgniter.php(933): App\Controllers\Retur->index()
11 SYSTEMPATH/CodeIgniter.php(507): CodeIgniter\CodeIgniter->runController(Object(App\Controllers\Retur))
12 SYSTEMPATH/CodeIgniter.php(354): CodeIgniter\CodeIgniter->handleRequest(null, Object(Config\Cache), false)
13 SYSTEMPATH/Boot.php(363): CodeIgniter\CodeIgniter->run()
14 SYSTEMPATH/Boot.php(68): CodeIgniter\Boot::runCodeIgniter(Object(CodeIgniter\CodeIgniter))
15 FCPATH/index.php(59): CodeIgniter\Boot::bootWeb(Object(Config\Paths))
16 SYSTEMPATH/rewrite.php(44): require_once('/Applications/XAMPP/xamppfiles/htdocs/pmi-stok-darah/public/index.php')
DEBUG - 2025-11-29 10:09:49 --> Session: Class initialized using 'CodeIgniter\Session\Handlers\FileHandler' driver.
WARNING - 2025-11-29 10:09:50 --> [DEPRECATED] ucfirst(): Passing null to parameter #1 ($string) of type string is deprecated in APPPATH/Views/templates/navbar.php on line 17.
 1 APPPATH/Views/templates/navbar.php(17): ucfirst(null)
 2 SYSTEMPATH/View/View.php(226): include('/Applications/XAMPP/xamppfiles/htdocs/pmi-stok-darah/app/Views/templates/navbar.php')
 3 SYSTEMPATH/View/View.php(229): CodeIgniter\View\View->{closure:CodeIgniter\View\View::render():223}()
 4 SYSTEMPATH/View/View.php(475): CodeIgniter\View\View->render('templates/navbar', null, true)
 5 APPPATH/Views/stok/index.php(2): CodeIgniter\View\View->include('templates/navbar')
 6 SYSTEMPATH/View/View.php(226): include('/Applications/XAMPP/xamppfiles/htdocs/pmi-stok-darah/app/Views/stok/index.php')
 7 SYSTEMPATH/View/View.php(229): CodeIgniter\View\View->{closure:CodeIgniter\View\View::render():223}()
 8 SYSTEMPATH/Common.php(1167): CodeIgniter\View\View->render('stok/index', [], true)
 9 APPPATH/Controllers/Stok.php(37): view('stok/index', [...])
10 SYSTEMPATH/CodeIgniter.php(933): App\Controllers\Stok->index()
11 SYSTEMPATH/CodeIgniter.php(507): CodeIgniter\CodeIgniter->runController(Object(App\Controllers\Stok))
12 SYSTEMPATH/CodeIgniter.php(354): CodeIgniter\CodeIgniter->handleRequest(null, Object(Config\Cache), false)
13 SYSTEMPATH/Boot.php(363): CodeIgniter\CodeIgniter->run()
14 SYSTEMPATH/Boot.php(68): CodeIgniter\Boot::runCodeIgniter(Object(CodeIgniter\CodeIgniter))
15 FCPATH/index.php(59): CodeIgniter\Boot::bootWeb(Object(Config\Paths))
16 SYSTEMPATH/rewrite.php(44): require_once('/Applications/XAMPP/xamppfiles/htdocs/pmi-stok-darah/public/index.php')
DEBUG - 2025-11-29 10:09:55 --> Session: Class initialized using 'CodeIgniter\Session\Handlers\FileHandler' driver.
WARNING - 2025-11-29 10:09:55 --> [DEPRECATED] ucfirst(): Passing null to parameter #1 ($string) of type string is deprecated in APPPATH/Views/templates/navbar.php on line 17.
 1 APPPATH/Views/templates/navbar.php(17): ucfirst(null)
 2 SYSTEMPATH/View/View.php(226): include('/Applications/XAMPP/xamppfiles/htdocs/pmi-stok-darah/app/Views/templates/navbar.php')
 3 SYSTEMPATH/View/View.php(229): CodeIgniter\View\View->{closure:CodeIgniter\View\View::render():223}()
 4 SYSTEMPATH/View/View.php(475): CodeIgniter\View\View->render('templates/navbar', null, true)
 5 APPPATH/Views/pemusnahan/index.php(2): CodeIgniter\View\View->include('templates/navbar')
 6 SYSTEMPATH/View/View.php(226): include('/Applications/XAMPP/xamppfiles/htdocs/pmi-stok-darah/app/Views/pemusnahan/index.php')
 7 SYSTEMPATH/View/View.php(229): CodeIgniter\View\View->{closure:CodeIgniter\View\View::render():223}()
 8 SYSTEMPATH/Common.php(1167): CodeIgniter\View\View->render('pemusnahan/index', [], true)
 9 APPPATH/Controllers/Pemusnahan.php(34): view('pemusnahan/index', [...])
10 SYSTEMPATH/CodeIgniter.php(933): App\Controllers\Pemusnahan->index()
11 SYSTEMPATH/CodeIgniter.php(507): CodeIgniter\CodeIgniter->runController(Object(App\Controllers\Pemusnahan))
12 SYSTEMPATH/CodeIgniter.php(354): CodeIgniter\CodeIgniter->handleRequest(null, Object(Config\Cache), false)
13 SYSTEMPATH/Boot.php(363): CodeIgniter\CodeIgniter->run()
14 SYSTEMPATH/Boot.php(68): CodeIgniter\Boot::runCodeIgniter(Object(CodeIgniter\CodeIgniter))
15 FCPATH/index.php(59): CodeIgniter\Boot::bootWeb(Object(Config\Paths))
16 SYSTEMPATH/rewrite.php(44): require_once('/Applications/XAMPP/xamppfiles/htdocs/pmi-stok-darah/public/index.php')
DEBUG - 2025-11-29 10:09:57 --> Session: Class initialized using 'CodeIgniter\Session\Handlers\FileHandler' driver.
WARNING - 2025-11-29 10:09:57 --> [DEPRECATED] ucfirst(): Passing null to parameter #1 ($string) of type string is deprecated in APPPATH/Views/templates/navbar.php on line 17.
 1 APPPATH/Views/templates/navbar.php(17): ucfirst(null)
 2 SYSTEMPATH/View/View.php(226): include('/Applications/XAMPP/xamppfiles/htdocs/pmi-stok-darah/app/Views/templates/navbar.php')
 3 SYSTEMPATH/View/View.php(229): CodeIgniter\View\View->{closure:CodeIgniter\View\View::render():223}()
 4 SYSTEMPATH/View/View.php(475): CodeIgniter\View\View->render('templates/navbar', null, true)
 5 APPPATH/Views/return/index.php(2): CodeIgniter\View\View->include('templates/navbar')
 6 SYSTEMPATH/View/View.php(226): include('/Applications/XAMPP/xamppfiles/htdocs/pmi-stok-darah/app/Views/return/index.php')
 7 SYSTEMPATH/View/View.php(229): CodeIgniter\View\View->{closure:CodeIgniter\View\View::render():223}()
 8 SYSTEMPATH/Common.php(1167): CodeIgniter\View\View->render('return/index', [], true)
 9 APPPATH/Controllers/Retur.php(40): view('return/index', [...])
10 SYSTEMPATH/CodeIgniter.php(933): App\Controllers\Retur->index()
11 SYSTEMPATH/CodeIgniter.php(507): CodeIgniter\CodeIgniter->runController(Object(App\Controllers\Retur))
12 SYSTEMPATH/CodeIgniter.php(354): CodeIgniter\CodeIgniter->handleRequest(null, Object(Config\Cache), false)
13 SYSTEMPATH/Boot.php(363): CodeIgniter\CodeIgniter->run()
14 SYSTEMPATH/Boot.php(68): CodeIgniter\Boot::runCodeIgniter(Object(CodeIgniter\CodeIgniter))
15 FCPATH/index.php(59): CodeIgniter\Boot::bootWeb(Object(Config\Paths))
16 SYSTEMPATH/rewrite.php(44): require_once('/Applications/XAMPP/xamppfiles/htdocs/pmi-stok-darah/public/index.php')
DEBUG - 2025-11-29 10:09:58 --> Session: Class initialized using 'CodeIgniter\Session\Handlers\FileHandler' driver.
WARNING - 2025-11-29 10:09:58 --> [DEPRECATED] ucfirst(): Passing null to parameter #1 ($string) of type string is deprecated in APPPATH/Views/templates/navbar.php on line 17.
 1 APPPATH/Views/templates/navbar.php(17): ucfirst(null)
 2 SYSTEMPATH/View/View.php(226): include('/Applications/XAMPP/xamppfiles/htdocs/pmi-stok-darah/app/Views/templates/navbar.php')
 3 SYSTEMPATH/View/View.php(229): CodeIgniter\View\View->{closure:CodeIgniter\View\View::render():223}()
 4 SYSTEMPATH/View/View.php(475): CodeIgniter\View\View->render('templates/navbar', null, true)
 5 APPPATH/Views/return/create.php(2): CodeIgniter\View\View->include('templates/navbar')
 6 SYSTEMPATH/View/View.php(226): include('/Applications/XAMPP/xamppfiles/htdocs/pmi-stok-darah/app/Views/return/create.php')
 7 SYSTEMPATH/View/View.php(229): CodeIgniter\View\View->{closure:CodeIgniter\View\View::render():223}()
 8 SYSTEMPATH/Common.php(1167): CodeIgniter\View\View->render('return/create', [], true)
 9 APPPATH/Controllers/Retur.php(55): view('return/create', [...])
10 SYSTEMPATH/CodeIgniter.php(933): App\Controllers\Retur->create()
11 SYSTEMPATH/CodeIgniter.php(507): CodeIgniter\CodeIgniter->runController(Object(App\Controllers\Retur))
12 SYSTEMPATH/CodeIgniter.php(354): CodeIgniter\CodeIgniter->handleRequest(null, Object(Config\Cache), false)
13 SYSTEMPATH/Boot.php(363): CodeIgniter\CodeIgniter->run()
14 SYSTEMPATH/Boot.php(68): CodeIgniter\Boot::runCodeIgniter(Object(CodeIgniter\CodeIgniter))
15 FCPATH/index.php(59): CodeIgniter\Boot::bootWeb(Object(Config\Paths))
16 SYSTEMPATH/rewrite.php(44): require_once('/Applications/XAMPP/xamppfiles/htdocs/pmi-stok-darah/public/index.php')
INFO - 2025-11-29 10:10:06 --> CSRF token verified.
DEBUG - 2025-11-29 10:10:06 --> Session: Class initialized using 'CodeIgniter\Session\Handlers\FileHandler' driver.
DEBUG - 2025-11-29 10:10:06 --> Session: Class initialized using 'CodeIgniter\Session\Handlers\FileHandler' driver.
WARNING - 2025-11-29 10:10:06 --> [DEPRECATED] ucfirst(): Passing null to parameter #1 ($string) of type string is deprecated in APPPATH/Views/templates/navbar.php on line 17.
 1 APPPATH/Views/templates/navbar.php(17): ucfirst(null)
 2 SYSTEMPATH/View/View.php(226): include('/Applications/XAMPP/xamppfiles/htdocs/pmi-stok-darah/app/Views/templates/navbar.php')
 3 SYSTEMPATH/View/View.php(229): CodeIgniter\View\View->{closure:CodeIgniter\View\View::render():223}()
 4 SYSTEMPATH/View/View.php(475): CodeIgniter\View\View->render('templates/navbar', null, true)
 5 APPPATH/Views/return/index.php(2): CodeIgniter\View\View->include('templates/navbar')
 6 SYSTEMPATH/View/View.php(226): include('/Applications/XAMPP/xamppfiles/htdocs/pmi-stok-darah/app/Views/return/index.php')
 7 SYSTEMPATH/View/View.php(229): CodeIgniter\View\View->{closure:CodeIgniter\View\View::render():223}()
 8 SYSTEMPATH/Common.php(1167): CodeIgniter\View\View->render('return/index', [], true)
 9 APPPATH/Controllers/Retur.php(40): view('return/index', [...])
10 SYSTEMPATH/CodeIgniter.php(933): App\Controllers\Retur->index()
11 SYSTEMPATH/CodeIgniter.php(507): CodeIgniter\CodeIgniter->runController(Object(App\Controllers\Retur))
12 SYSTEMPATH/CodeIgniter.php(354): CodeIgniter\CodeIgniter->handleRequest(null, Object(Config\Cache), false)
13 SYSTEMPATH/Boot.php(363): CodeIgniter\CodeIgniter->run()
14 SYSTEMPATH/Boot.php(68): CodeIgniter\Boot::runCodeIgniter(Object(CodeIgniter\CodeIgniter))
15 FCPATH/index.php(59): CodeIgniter\Boot::bootWeb(Object(Config\Paths))
16 SYSTEMPATH/rewrite.php(44): require_once('/Applications/XAMPP/xamppfiles/htdocs/pmi-stok-darah/public/index.php')
DEBUG - 2025-11-29 10:10:08 --> Session: Class initialized using 'CodeIgniter\Session\Handlers\FileHandler' driver.
WARNING - 2025-11-29 10:10:08 --> [DEPRECATED] ucfirst(): Passing null to parameter #1 ($string) of type string is deprecated in APPPATH/Views/templates/navbar.php on line 17.
 1 APPPATH/Views/templates/navbar.php(17): ucfirst(null)
 2 SYSTEMPATH/View/View.php(226): include('/Applications/XAMPP/xamppfiles/htdocs/pmi-stok-darah/app/Views/templates/navbar.php')
 3 SYSTEMPATH/View/View.php(229): CodeIgniter\View\View->{closure:CodeIgniter\View\View::render():223}()
 4 SYSTEMPATH/View/View.php(475): CodeIgniter\View\View->render('templates/navbar', null, true)
 5 APPPATH/Views/stok/index.php(2): CodeIgniter\View\View->include('templates/navbar')
 6 SYSTEMPATH/View/View.php(226): include('/Applications/XAMPP/xamppfiles/htdocs/pmi-stok-darah/app/Views/stok/index.php')
 7 SYSTEMPATH/View/View.php(229): CodeIgniter\View\View->{closure:CodeIgniter\View\View::render():223}()
 8 SYSTEMPATH/Common.php(1167): CodeIgniter\View\View->render('stok/index', [], true)
 9 APPPATH/Controllers/Stok.php(37): view('stok/index', [...])
10 SYSTEMPATH/CodeIgniter.php(933): App\Controllers\Stok->index()
11 SYSTEMPATH/CodeIgniter.php(507): CodeIgniter\CodeIgniter->runController(Object(App\Controllers\Stok))
12 SYSTEMPATH/CodeIgniter.php(354): CodeIgniter\CodeIgniter->handleRequest(null, Object(Config\Cache), false)
13 SYSTEMPATH/Boot.php(363): CodeIgniter\CodeIgniter->run()
14 SYSTEMPATH/Boot.php(68): CodeIgniter\Boot::runCodeIgniter(Object(CodeIgniter\CodeIgniter))
15 FCPATH/index.php(59): CodeIgniter\Boot::bootWeb(Object(Config\Paths))
16 SYSTEMPATH/rewrite.php(44): require_once('/Applications/XAMPP/xamppfiles/htdocs/pmi-stok-darah/public/index.php')
DEBUG - 2025-11-29 10:10:15 --> Session: Class initialized using 'CodeIgniter\Session\Handlers\FileHandler' driver.
WARNING - 2025-11-29 10:10:15 --> [DEPRECATED] ucfirst(): Passing null to parameter #1 ($string) of type string is deprecated in APPPATH/Views/templates/navbar.php on line 17.
 1 APPPATH/Views/templates/navbar.php(17): ucfirst(null)
 2 SYSTEMPATH/View/View.php(226): include('/Applications/XAMPP/xamppfiles/htdocs/pmi-stok-darah/app/Views/templates/navbar.php')
 3 SYSTEMPATH/View/View.php(229): CodeIgniter\View\View->{closure:CodeIgniter\View\View::render():223}()
 4 SYSTEMPATH/View/View.php(475): CodeIgniter\View\View->render('templates/navbar', null, true)
 5 APPPATH/Views/users/index.php(2): CodeIgniter\View\View->include('templates/navbar')
 6 SYSTEMPATH/View/View.php(226): include('/Applications/XAMPP/xamppfiles/htdocs/pmi-stok-darah/app/Views/users/index.php')
 7 SYSTEMPATH/View/View.php(229): CodeIgniter\View\View->{closure:CodeIgniter\View\View::render():223}()
 8 SYSTEMPATH/Common.php(1167): CodeIgniter\View\View->render('users/index', [], true)
 9 APPPATH/Controllers/Users.php(31): view('users/index', [...])
10 SYSTEMPATH/CodeIgniter.php(933): App\Controllers\Users->index()
11 SYSTEMPATH/CodeIgniter.php(507): CodeIgniter\CodeIgniter->runController(Object(App\Controllers\Users))
12 SYSTEMPATH/CodeIgniter.php(354): CodeIgniter\CodeIgniter->handleRequest(null, Object(Config\Cache), false)
13 SYSTEMPATH/Boot.php(363): CodeIgniter\CodeIgniter->run()
14 SYSTEMPATH/Boot.php(68): CodeIgniter\Boot::runCodeIgniter(Object(CodeIgniter\CodeIgniter))
15 FCPATH/index.php(59): CodeIgniter\Boot::bootWeb(Object(Config\Paths))
16 SYSTEMPATH/rewrite.php(44): require_once('/Applications/XAMPP/xamppfiles/htdocs/pmi-stok-darah/public/index.php')
DEBUG - 2025-11-29 10:10:35 --> Session: Class initialized using 'CodeIgniter\Session\Handlers\FileHandler' driver.
WARNING - 2025-11-29 10:10:35 --> [DEPRECATED] ucfirst(): Passing null to parameter #1 ($string) of type string is deprecated in APPPATH/Views/templates/navbar.php on line 17.
 1 APPPATH/Views/templates/navbar.php(17): ucfirst(null)
 2 SYSTEMPATH/View/View.php(226): include('/Applications/XAMPP/xamppfiles/htdocs/pmi-stok-darah/app/Views/templates/navbar.php')
 3 SYSTEMPATH/View/View.php(229): CodeIgniter\View\View->{closure:CodeIgniter\View\View::render():223}()
 4 SYSTEMPATH/View/View.php(475): CodeIgniter\View\View->render('templates/navbar', null, true)
 5 APPPATH/Views/return/index.php(2): CodeIgniter\View\View->include('templates/navbar')
 6 SYSTEMPATH/View/View.php(226): include('/Applications/XAMPP/xamppfiles/htdocs/pmi-stok-darah/app/Views/return/index.php')
 7 SYSTEMPATH/View/View.php(229): CodeIgniter\View\View->{closure:CodeIgniter\View\View::render():223}()
 8 SYSTEMPATH/Common.php(1167): CodeIgniter\View\View->render('return/index', [], true)
 9 APPPATH/Controllers/Retur.php(40): view('return/index', [...])
10 SYSTEMPATH/CodeIgniter.php(933): App\Controllers\Retur->index()
11 SYSTEMPATH/CodeIgniter.php(507): CodeIgniter\CodeIgniter->runController(Object(App\Controllers\Retur))
12 SYSTEMPATH/CodeIgniter.php(354): CodeIgniter\CodeIgniter->handleRequest(null, Object(Config\Cache), false)
13 SYSTEMPATH/Boot.php(363): CodeIgniter\CodeIgniter->run()
14 SYSTEMPATH/Boot.php(68): CodeIgniter\Boot::runCodeIgniter(Object(CodeIgniter\CodeIgniter))
15 FCPATH/index.php(59): CodeIgniter\Boot::bootWeb(Object(Config\Paths))
16 SYSTEMPATH/rewrite.php(44): require_once('/Applications/XAMPP/xamppfiles/htdocs/pmi-stok-darah/public/index.php')
DEBUG - 2025-11-29 10:10:36 --> Session: Class initialized using 'CodeIgniter\Session\Handlers\FileHandler' driver.
WARNING - 2025-11-29 10:10:36 --> [DEPRECATED] ucfirst(): Passing null to parameter #1 ($string) of type string is deprecated in APPPATH/Views/templates/navbar.php on line 17.
 1 APPPATH/Views/templates/navbar.php(17): ucfirst(null)
 2 SYSTEMPATH/View/View.php(226): include('/Applications/XAMPP/xamppfiles/htdocs/pmi-stok-darah/app/Views/templates/navbar.php')
 3 SYSTEMPATH/View/View.php(229): CodeIgniter\View\View->{closure:CodeIgniter\View\View::render():223}()
 4 SYSTEMPATH/View/View.php(475): CodeIgniter\View\View->render('templates/navbar', null, true)
 5 APPPATH/Views/users/index.php(2): CodeIgniter\View\View->include('templates/navbar')
 6 SYSTEMPATH/View/View.php(226): include('/Applications/XAMPP/xamppfiles/htdocs/pmi-stok-darah/app/Views/users/index.php')
 7 SYSTEMPATH/View/View.php(229): CodeIgniter\View\View->{closure:CodeIgniter\View\View::render():223}()
 8 SYSTEMPATH/Common.php(1167): CodeIgniter\View\View->render('users/index', [], true)
 9 APPPATH/Controllers/Users.php(31): view('users/index', [...])
10 SYSTEMPATH/CodeIgniter.php(933): App\Controllers\Users->index()
11 SYSTEMPATH/CodeIgniter.php(507): CodeIgniter\CodeIgniter->runController(Object(App\Controllers\Users))
12 SYSTEMPATH/CodeIgniter.php(354): CodeIgniter\CodeIgniter->handleRequest(null, Object(Config\Cache), false)
13 SYSTEMPATH/Boot.php(363): CodeIgniter\CodeIgniter->run()
14 SYSTEMPATH/Boot.php(68): CodeIgniter\Boot::runCodeIgniter(Object(CodeIgniter\CodeIgniter))
15 FCPATH/index.php(59): CodeIgniter\Boot::bootWeb(Object(Config\Paths))
16 SYSTEMPATH/rewrite.php(44): require_once('/Applications/XAMPP/xamppfiles/htdocs/pmi-stok-darah/public/index.php')
DEBUG - 2025-11-29 10:10:37 --> Session: Class initialized using 'CodeIgniter\Session\Handlers\FileHandler' driver.
WARNING - 2025-11-29 10:10:37 --> [DEPRECATED] ucfirst(): Passing null to parameter #1 ($string) of type string is deprecated in APPPATH/Views/templates/navbar.php on line 17.
 1 APPPATH/Views/templates/navbar.php(17): ucfirst(null)
 2 SYSTEMPATH/View/View.php(226): include('/Applications/XAMPP/xamppfiles/htdocs/pmi-stok-darah/app/Views/templates/navbar.php')
 3 SYSTEMPATH/View/View.php(229): CodeIgniter\View\View->{closure:CodeIgniter\View\View::render():223}()
 4 SYSTEMPATH/View/View.php(475): CodeIgniter\View\View->render('templates/navbar', null, true)
 5 APPPATH/Views/pemusnahan/index.php(2): CodeIgniter\View\View->include('templates/navbar')
 6 SYSTEMPATH/View/View.php(226): include('/Applications/XAMPP/xamppfiles/htdocs/pmi-stok-darah/app/Views/pemusnahan/index.php')
 7 SYSTEMPATH/View/View.php(229): CodeIgniter\View\View->{closure:CodeIgniter\View\View::render():223}()
 8 SYSTEMPATH/Common.php(1167): CodeIgniter\View\View->render('pemusnahan/index', [], true)
 9 APPPATH/Controllers/Pemusnahan.php(34): view('pemusnahan/index', [...])
10 SYSTEMPATH/CodeIgniter.php(933): App\Controllers\Pemusnahan->index()
11 SYSTEMPATH/CodeIgniter.php(507): CodeIgniter\CodeIgniter->runController(Object(App\Controllers\Pemusnahan))
12 SYSTEMPATH/CodeIgniter.php(354): CodeIgniter\CodeIgniter->handleRequest(null, Object(Config\Cache), false)
13 SYSTEMPATH/Boot.php(363): CodeIgniter\CodeIgniter->run()
14 SYSTEMPATH/Boot.php(68): CodeIgniter\Boot::runCodeIgniter(Object(CodeIgniter\CodeIgniter))
15 FCPATH/index.php(59): CodeIgniter\Boot::bootWeb(Object(Config\Paths))
16 SYSTEMPATH/rewrite.php(44): require_once('/Applications/XAMPP/xamppfiles/htdocs/pmi-stok-darah/public/index.php')
DEBUG - 2025-11-29 10:10:38 --> Session: Class initialized using 'CodeIgniter\Session\Handlers\FileHandler' driver.
WARNING - 2025-11-29 10:10:38 --> [DEPRECATED] ucfirst(): Passing null to parameter #1 ($string) of type string is deprecated in APPPATH/Views/templates/navbar.php on line 17.
 1 APPPATH/Views/templates/navbar.php(17): ucfirst(null)
 2 SYSTEMPATH/View/View.php(226): include('/Applications/XAMPP/xamppfiles/htdocs/pmi-stok-darah/app/Views/templates/navbar.php')
 3 SYSTEMPATH/View/View.php(229): CodeIgniter\View\View->{closure:CodeIgniter\View\View::render():223}()
 4 SYSTEMPATH/View/View.php(475): CodeIgniter\View\View->render('templates/navbar', null, true)
 5 APPPATH/Views/distribusi/index.php(2): CodeIgniter\View\View->include('templates/navbar')
 6 SYSTEMPATH/View/View.php(226): include('/Applications/XAMPP/xamppfiles/htdocs/pmi-stok-darah/app/Views/distribusi/index.php')
 7 SYSTEMPATH/View/View.php(229): CodeIgniter\View\View->{closure:CodeIgniter\View\View::render():223}()
 8 SYSTEMPATH/Common.php(1167): CodeIgniter\View\View->render('distribusi/index', [], true)
 9 APPPATH/Controllers/Distribusi.php(37): view('distribusi/index', [...])
10 SYSTEMPATH/CodeIgniter.php(933): App\Controllers\Distribusi->index()
11 SYSTEMPATH/CodeIgniter.php(507): CodeIgniter\CodeIgniter->runController(Object(App\Controllers\Distribusi))
12 SYSTEMPATH/CodeIgniter.php(354): CodeIgniter\CodeIgniter->handleRequest(null, Object(Config\Cache), false)
13 SYSTEMPATH/Boot.php(363): CodeIgniter\CodeIgniter->run()
14 SYSTEMPATH/Boot.php(68): CodeIgniter\Boot::runCodeIgniter(Object(CodeIgniter\CodeIgniter))
15 FCPATH/index.php(59): CodeIgniter\Boot::bootWeb(Object(Config\Paths))
16 SYSTEMPATH/rewrite.php(44): require_once('/Applications/XAMPP/xamppfiles/htdocs/pmi-stok-darah/public/index.php')
DEBUG - 2025-11-29 10:57:23 --> Session: Class initialized using 'CodeIgniter\Session\Handlers\FileHandler' driver.
DEBUG - 2025-11-29 10:57:29 --> Session: Class initialized using 'CodeIgniter\Session\Handlers\FileHandler' driver.
INFO - 2025-11-29 10:57:57 --> CSRF token verified.
DEBUG - 2025-11-29 10:57:58 --> Session: Class initialized using 'CodeIgniter\Session\Handlers\FileHandler' driver.
DEBUG - 2025-11-29 10:57:58 --> Session: Class initialized using 'CodeIgniter\Session\Handlers\FileHandler' driver.
WARNING - 2025-11-29 10:57:59 --> [DEPRECATED] ucfirst(): Passing null to parameter #1 ($string) of type string is deprecated in APPPATH\Views\templates\navbar.php on line 17.
 1 APPPATH\Views\templates\navbar.php(17): ucfirst(null)
 2 SYSTEMPATH\View\View.php(226): include('C:\\xampp\\htdocs\\pmi-stok-darah\\app\\Views\\templates\\navbar.php')
 3 SYSTEMPATH\View\View.php(229): CodeIgniter\View\View->CodeIgniter\View\{closure}()
 4 SYSTEMPATH\View\View.php(475): CodeIgniter\View\View->render('templates/navbar', null, true)
 5 APPPATH\Views\dashboard\index.php(2): CodeIgniter\View\View->include('templates/navbar')
 6 SYSTEMPATH\View\View.php(226): include('C:\\xampp\\htdocs\\pmi-stok-darah\\app\\Views\\dashboard\\index.php')
 7 SYSTEMPATH\View\View.php(229): CodeIgniter\View\View->CodeIgniter\View\{closure}()
 8 SYSTEMPATH\Common.php(1167): CodeIgniter\View\View->render('dashboard/index', [], true)
 9 APPPATH\Controllers\Dashboard.php(76): view('dashboard/index', [...])
10 SYSTEMPATH\CodeIgniter.php(933): App\Controllers\Dashboard->index()
11 SYSTEMPATH\CodeIgniter.php(507): CodeIgniter\CodeIgniter->runController(Object(App\Controllers\Dashboard))
12 SYSTEMPATH\CodeIgniter.php(354): CodeIgniter\CodeIgniter->handleRequest(null, Object(Config\Cache), false)
13 SYSTEMPATH\Boot.php(363): CodeIgniter\CodeIgniter->run()
14 SYSTEMPATH\Boot.php(68): CodeIgniter\Boot::runCodeIgniter(Object(CodeIgniter\CodeIgniter))
15 FCPATH\index.php(59): CodeIgniter\Boot::bootWeb(Object(Config\Paths))
16 SYSTEMPATH\rewrite.php(44): require_once('C:\\xampp\\htdocs\\pmi-stok-darah\\public\\index.php')
DEBUG - 2025-11-29 10:58:04 --> Session: Class initialized using 'CodeIgniter\Session\Handlers\FileHandler' driver.
ERROR - 2025-11-29 10:58:04 --> mysqli_sql_exception: Table 'pmi_stok_darah.return_darah' doesn't exist in C:\xampp\htdocs\pmi-stok-darah\system\Database\MySQLi\Connection.php:327
Stack trace:
#0 C:\xampp\htdocs\pmi-stok-darah\system\Database\MySQLi\Connection.php(327): mysqli->query('SELECT COUNT(*)...', 0)
#1 C:\xampp\htdocs\pmi-stok-darah\system\Database\BaseConnection.php(729): CodeIgniter\Database\MySQLi\Connection->execute('SELECT COUNT(*)...')
#2 C:\xampp\htdocs\pmi-stok-darah\system\Database\BaseConnection.php(646): CodeIgniter\Database\BaseConnection->simpleQuery('SELECT COUNT(*)...')
#3 C:\xampp\htdocs\pmi-stok-darah\system\Database\BaseBuilder.php(1733): CodeIgniter\Database\BaseConnection->query('SELECT COUNT(*)...', Array, false)
#4 C:\xampp\htdocs\pmi-stok-darah\system\Model.php(675): CodeIgniter\Database\BaseBuilder->countAllResults(false)
#5 C:\xampp\htdocs\pmi-stok-darah\system\BaseModel.php(1277): CodeIgniter\Model->countAllResults(false)
#6 C:\xampp\htdocs\pmi-stok-darah\app\Models\ReturnModel.php(33): CodeIgniter\BaseModel->paginate(10)
#7 C:\xampp\htdocs\pmi-stok-darah\app\Controllers\Retur.php(30): App\Models\ReturnModel->getReturnWithDetails(NULL, 10)
#8 C:\xampp\htdocs\pmi-stok-darah\system\CodeIgniter.php(933): App\Controllers\Retur->index()
#9 C:\xampp\htdocs\pmi-stok-darah\system\CodeIgniter.php(507): CodeIgniter\CodeIgniter->runController(Object(App\Controllers\Retur))
#10 C:\xampp\htdocs\pmi-stok-darah\system\CodeIgniter.php(354): CodeIgniter\CodeIgniter->handleRequest(NULL, Object(Config\Cache), false)
#11 C:\xampp\htdocs\pmi-stok-darah\system\Boot.php(363): CodeIgniter\CodeIgniter->run()
#12 C:\xampp\htdocs\pmi-stok-darah\system\Boot.php(68): CodeIgniter\Boot::runCodeIgniter(Object(CodeIgniter\CodeIgniter))
#13 C:\xampp\htdocs\pmi-stok-darah\public\index.php(59): CodeIgniter\Boot::bootWeb(Object(Config\Paths))
#14 C:\xampp\htdocs\pmi-stok-darah\system\rewrite.php(44): require_once('C:\\xampp\\htdocs...')
#15 {main}
CRITICAL - 2025-11-29 10:58:04 --> CodeIgniter\Database\Exceptions\DatabaseException: Table 'pmi_stok_darah.return_darah' doesn't exist
[Method: GET, Route: return]
in SYSTEMPATH\Database\BaseConnection.php on line 684.
 1 SYSTEMPATH\Database\BaseBuilder.php(1733): CodeIgniter\Database\BaseConnection->query('SELECT COUNT(*) AS `numrows`
FROM `return_darah`
JOIN `stok` ON `stok`.`idbag` = `return_darah`.`idbag`
JOIN `rumah_sakit` ON `rumah_sakit`.`idrs` = `return_darah`.`idrs`
JOIN `distribusi` ON `distribusi`.`iddistribusi` = `return_darah`.`iddistribusi`', [], false)
 2 SYSTEMPATH\Model.php(675): CodeIgniter\Database\BaseBuilder->countAllResults(false)
 3 SYSTEMPATH\BaseModel.php(1277): CodeIgniter\Model->countAllResults(false)
 4 APPPATH\Models\ReturnModel.php(33): CodeIgniter\BaseModel->paginate(10)
 5 APPPATH\Controllers\Retur.php(30): App\Models\ReturnModel->getReturnWithDetails(null, 10)
 6 SYSTEMPATH\CodeIgniter.php(933): App\Controllers\Retur->index()
 7 SYSTEMPATH\CodeIgniter.php(507): CodeIgniter\CodeIgniter->runController(Object(App\Controllers\Retur))
 8 SYSTEMPATH\CodeIgniter.php(354): CodeIgniter\CodeIgniter->handleRequest(null, Object(Config\Cache), false)
 9 SYSTEMPATH\Boot.php(363): CodeIgniter\CodeIgniter->run()
10 SYSTEMPATH\Boot.php(68): CodeIgniter\Boot::runCodeIgniter(Object(CodeIgniter\CodeIgniter))
11 FCPATH\index.php(59): CodeIgniter\Boot::bootWeb(Object(Config\Paths))
12 SYSTEMPATH\rewrite.php(44): require_once('C:\\xampp\\htdocs\\pmi-stok-darah\\public\\index.php')
CRITICAL - 2025-11-29 10:58:04 --> [Caused by] CodeIgniter\Database\Exceptions\DatabaseException: Table 'pmi_stok_darah.return_darah' doesn't exist
in SYSTEMPATH\Database\MySQLi\Connection.php on line 332.
 1 SYSTEMPATH\Database\BaseConnection.php(729): CodeIgniter\Database\MySQLi\Connection->execute('SELECT COUNT(*) AS `numrows`
FROM `return_darah`
JOIN `stok` ON `stok`.`idbag` = `return_darah`.`idbag`
JOIN `rumah_sakit` ON `rumah_sakit`.`idrs` = `return_darah`.`idrs`
JOIN `distribusi` ON `distribusi`.`iddistribusi` = `return_darah`.`iddistribusi`')
 2 SYSTEMPATH\Database\BaseConnection.php(646): CodeIgniter\Database\BaseConnection->simpleQuery('SELECT COUNT(*) AS `numrows`
FROM `return_darah`
JOIN `stok` ON `stok`.`idbag` = `return_darah`.`idbag`
JOIN `rumah_sakit` ON `rumah_sakit`.`idrs` = `return_darah`.`idrs`
JOIN `distribusi` ON `distribusi`.`iddistribusi` = `return_darah`.`iddistribusi`')
 3 SYSTEMPATH\Database\BaseBuilder.php(1733): CodeIgniter\Database\BaseConnection->query('SELECT COUNT(*) AS `numrows`
FROM `return_darah`
JOIN `stok` ON `stok`.`idbag` = `return_darah`.`idbag`
JOIN `rumah_sakit` ON `rumah_sakit`.`idrs` = `return_darah`.`idrs`
JOIN `distribusi` ON `distribusi`.`iddistribusi` = `return_darah`.`iddistribusi`', [], false)
 4 SYSTEMPATH\Model.php(675): CodeIgniter\Database\BaseBuilder->countAllResults(false)
 5 SYSTEMPATH\BaseModel.php(1277): CodeIgniter\Model->countAllResults(false)
 6 APPPATH\Models\ReturnModel.php(33): CodeIgniter\BaseModel->paginate(10)
 7 APPPATH\Controllers\Retur.php(30): App\Models\ReturnModel->getReturnWithDetails(null, 10)
 8 SYSTEMPATH\CodeIgniter.php(933): App\Controllers\Retur->index()
 9 SYSTEMPATH\CodeIgniter.php(507): CodeIgniter\CodeIgniter->runController(Object(App\Controllers\Retur))
10 SYSTEMPATH\CodeIgniter.php(354): CodeIgniter\CodeIgniter->handleRequest(null, Object(Config\Cache), false)
11 SYSTEMPATH\Boot.php(363): CodeIgniter\CodeIgniter->run()
12 SYSTEMPATH\Boot.php(68): CodeIgniter\Boot::runCodeIgniter(Object(CodeIgniter\CodeIgniter))
13 FCPATH\index.php(59): CodeIgniter\Boot::bootWeb(Object(Config\Paths))
14 SYSTEMPATH\rewrite.php(44): require_once('C:\\xampp\\htdocs\\pmi-stok-darah\\public\\index.php')
CRITICAL - 2025-11-29 10:58:04 --> [Caused by] mysqli_sql_exception: Table 'pmi_stok_darah.return_darah' doesn't exist
in SYSTEMPATH\Database\MySQLi\Connection.php on line 327.
 1 SYSTEMPATH\Database\MySQLi\Connection.php(327): mysqli->query('SELECT COUNT(*) AS `numrows`
FROM `return_darah`
JOIN `stok` ON `stok`.`idbag` = `return_darah`.`idbag`
JOIN `rumah_sakit` ON `rumah_sakit`.`idrs` = `return_darah`.`idrs`
JOIN `distribusi` ON `distribusi`.`iddistribusi` = `return_darah`.`iddistribusi`', 0)
 2 SYSTEMPATH\Database\BaseConnection.php(729): CodeIgniter\Database\MySQLi\Connection->execute('SELECT COUNT(*) AS `numrows`
FROM `return_darah`
JOIN `stok` ON `stok`.`idbag` = `return_darah`.`idbag`
JOIN `rumah_sakit` ON `rumah_sakit`.`idrs` = `return_darah`.`idrs`
JOIN `distribusi` ON `distribusi`.`iddistribusi` = `return_darah`.`iddistribusi`')
 3 SYSTEMPATH\Database\BaseConnection.php(646): CodeIgniter\Database\BaseConnection->simpleQuery('SELECT COUNT(*) AS `numrows`
FROM `return_darah`
JOIN `stok` ON `stok`.`idbag` = `return_darah`.`idbag`
JOIN `rumah_sakit` ON `rumah_sakit`.`idrs` = `return_darah`.`idrs`
JOIN `distribusi` ON `distribusi`.`iddistribusi` = `return_darah`.`iddistribusi`')
 4 SYSTEMPATH\Database\BaseBuilder.php(1733): CodeIgniter\Database\BaseConnection->query('SELECT COUNT(*) AS `numrows`
FROM `return_darah`
JOIN `stok` ON `stok`.`idbag` = `return_darah`.`idbag`
JOIN `rumah_sakit` ON `rumah_sakit`.`idrs` = `return_darah`.`idrs`
JOIN `distribusi` ON `distribusi`.`iddistribusi` = `return_darah`.`iddistribusi`', [], false)
 5 SYSTEMPATH\Model.php(675): CodeIgniter\Database\BaseBuilder->countAllResults(false)
 6 SYSTEMPATH\BaseModel.php(1277): CodeIgniter\Model->countAllResults(false)
 7 APPPATH\Models\ReturnModel.php(33): CodeIgniter\BaseModel->paginate(10)
 8 APPPATH\Controllers\Retur.php(30): App\Models\ReturnModel->getReturnWithDetails(null, 10)
 9 SYSTEMPATH\CodeIgniter.php(933): App\Controllers\Retur->index()
10 SYSTEMPATH\CodeIgniter.php(507): CodeIgniter\CodeIgniter->runController(Object(App\Controllers\Retur))
11 SYSTEMPATH\CodeIgniter.php(354): CodeIgniter\CodeIgniter->handleRequest(null, Object(Config\Cache), false)
12 SYSTEMPATH\Boot.php(363): CodeIgniter\CodeIgniter->run()
13 SYSTEMPATH\Boot.php(68): CodeIgniter\Boot::runCodeIgniter(Object(CodeIgniter\CodeIgniter))
14 FCPATH\index.php(59): CodeIgniter\Boot::bootWeb(Object(Config\Paths))
15 SYSTEMPATH\rewrite.php(44): require_once('C:\\xampp\\htdocs\\pmi-stok-darah\\public\\index.php')
DEBUG - 2025-11-29 11:00:53 --> Session: Class initialized using 'CodeIgniter\Session\Handlers\FileHandler' driver.
DEBUG - 2025-11-29 11:00:54 --> Session: Class initialized using 'CodeIgniter\Session\Handlers\FileHandler' driver.
INFO - 2025-11-29 11:00:59 --> CSRF token verified.
DEBUG - 2025-11-29 11:00:59 --> Session: Class initialized using 'CodeIgniter\Session\Handlers\FileHandler' driver.
DEBUG - 2025-11-29 11:00:59 --> Session: Class initialized using 'CodeIgniter\Session\Handlers\FileHandler' driver.
WARNING - 2025-11-29 11:00:59 --> [DEPRECATED] ucfirst(): Passing null to parameter #1 ($string) of type string is deprecated in APPPATH\Views\templates\navbar.php on line 17.
 1 APPPATH\Views\templates\navbar.php(17): ucfirst(null)
 2 SYSTEMPATH\View\View.php(226): include('C:\\xampp\\htdocs\\pmi-stok-darah\\app\\Views\\templates\\navbar.php')
 3 SYSTEMPATH\View\View.php(229): CodeIgniter\View\View->CodeIgniter\View\{closure}()
 4 SYSTEMPATH\View\View.php(475): CodeIgniter\View\View->render('templates/navbar', null, true)
 5 APPPATH\Views\dashboard\index.php(2): CodeIgniter\View\View->include('templates/navbar')
 6 SYSTEMPATH\View\View.php(226): include('C:\\xampp\\htdocs\\pmi-stok-darah\\app\\Views\\dashboard\\index.php')
 7 SYSTEMPATH\View\View.php(229): CodeIgniter\View\View->CodeIgniter\View\{closure}()
 8 SYSTEMPATH\Common.php(1167): CodeIgniter\View\View->render('dashboard/index', [], true)
 9 APPPATH\Controllers\Dashboard.php(76): view('dashboard/index', [...])
10 SYSTEMPATH\CodeIgniter.php(933): App\Controllers\Dashboard->index()
11 SYSTEMPATH\CodeIgniter.php(507): CodeIgniter\CodeIgniter->runController(Object(App\Controllers\Dashboard))
12 SYSTEMPATH\CodeIgniter.php(354): CodeIgniter\CodeIgniter->handleRequest(null, Object(Config\Cache), false)
13 SYSTEMPATH\Boot.php(363): CodeIgniter\CodeIgniter->run()
14 SYSTEMPATH\Boot.php(68): CodeIgniter\Boot::runCodeIgniter(Object(CodeIgniter\CodeIgniter))
15 FCPATH\index.php(59): CodeIgniter\Boot::bootWeb(Object(Config\Paths))
16 SYSTEMPATH\rewrite.php(44): require_once('C:\\xampp\\htdocs\\pmi-stok-darah\\public\\index.php')
DEBUG - 2025-11-29 11:01:01 --> Session: Class initialized using 'CodeIgniter\Session\Handlers\FileHandler' driver.
WARNING - 2025-11-29 11:01:01 --> [DEPRECATED] ucfirst(): Passing null to parameter #1 ($string) of type string is deprecated in APPPATH\Views\templates\navbar.php on line 17.
 1 APPPATH\Views\templates\navbar.php(17): ucfirst(null)
 2 SYSTEMPATH\View\View.php(226): include('C:\\xampp\\htdocs\\pmi-stok-darah\\app\\Views\\templates\\navbar.php')
 3 SYSTEMPATH\View\View.php(229): CodeIgniter\View\View->CodeIgniter\View\{closure}()
 4 SYSTEMPATH\View\View.php(475): CodeIgniter\View\View->render('templates/navbar', null, true)
 5 APPPATH\Views\return\index.php(2): CodeIgniter\View\View->include('templates/navbar')
 6 SYSTEMPATH\View\View.php(226): include('C:\\xampp\\htdocs\\pmi-stok-darah\\app\\Views\\return\\index.php')
 7 SYSTEMPATH\View\View.php(229): CodeIgniter\View\View->CodeIgniter\View\{closure}()
 8 SYSTEMPATH\Common.php(1167): CodeIgniter\View\View->render('return/index', [], true)
 9 APPPATH\Controllers\Retur.php(40): view('return/index', [...])
10 SYSTEMPATH\CodeIgniter.php(933): App\Controllers\Retur->index()
11 SYSTEMPATH\CodeIgniter.php(507): CodeIgniter\CodeIgniter->runController(Object(App\Controllers\Retur))
12 SYSTEMPATH\CodeIgniter.php(354): CodeIgniter\CodeIgniter->handleRequest(null, Object(Config\Cache), false)
13 SYSTEMPATH\Boot.php(363): CodeIgniter\CodeIgniter->run()
14 SYSTEMPATH\Boot.php(68): CodeIgniter\Boot::runCodeIgniter(Object(CodeIgniter\CodeIgniter))
15 FCPATH\index.php(59): CodeIgniter\Boot::bootWeb(Object(Config\Paths))
16 SYSTEMPATH\rewrite.php(44): require_once('C:\\xampp\\htdocs\\pmi-stok-darah\\public\\index.php')
DEBUG - 2025-11-29 11:01:04 --> Session: Class initialized using 'CodeIgniter\Session\Handlers\FileHandler' driver.
WARNING - 2025-11-29 11:01:04 --> [DEPRECATED] ucfirst(): Passing null to parameter #1 ($string) of type string is deprecated in APPPATH\Views\templates\navbar.php on line 17.
 1 APPPATH\Views\templates\navbar.php(17): ucfirst(null)
 2 SYSTEMPATH\View\View.php(226): include('C:\\xampp\\htdocs\\pmi-stok-darah\\app\\Views\\templates\\navbar.php')
 3 SYSTEMPATH\View\View.php(229): CodeIgniter\View\View->CodeIgniter\View\{closure}()
 4 SYSTEMPATH\View\View.php(475): CodeIgniter\View\View->render('templates/navbar', null, true)
 5 APPPATH\Views\pemusnahan\index.php(2): CodeIgniter\View\View->include('templates/navbar')
 6 SYSTEMPATH\View\View.php(226): include('C:\\xampp\\htdocs\\pmi-stok-darah\\app\\Views\\pemusnahan\\index.php')
 7 SYSTEMPATH\View\View.php(229): CodeIgniter\View\View->CodeIgniter\View\{closure}()
 8 SYSTEMPATH\Common.php(1167): CodeIgniter\View\View->render('pemusnahan/index', [], true)
 9 APPPATH\Controllers\Pemusnahan.php(34): view('pemusnahan/index', [...])
10 SYSTEMPATH\CodeIgniter.php(933): App\Controllers\Pemusnahan->index()
11 SYSTEMPATH\CodeIgniter.php(507): CodeIgniter\CodeIgniter->runController(Object(App\Controllers\Pemusnahan))
12 SYSTEMPATH\CodeIgniter.php(354): CodeIgniter\CodeIgniter->handleRequest(null, Object(Config\Cache), false)
13 SYSTEMPATH\Boot.php(363): CodeIgniter\CodeIgniter->run()
14 SYSTEMPATH\Boot.php(68): CodeIgniter\Boot::runCodeIgniter(Object(CodeIgniter\CodeIgniter))
15 FCPATH\index.php(59): CodeIgniter\Boot::bootWeb(Object(Config\Paths))
16 SYSTEMPATH\rewrite.php(44): require_once('C:\\xampp\\htdocs\\pmi-stok-darah\\public\\index.php')
DEBUG - 2025-11-29 11:01:06 --> Session: Class initialized using 'CodeIgniter\Session\Handlers\FileHandler' driver.
WARNING - 2025-11-29 11:01:06 --> [DEPRECATED] ucfirst(): Passing null to parameter #1 ($string) of type string is deprecated in APPPATH\Views\templates\navbar.php on line 17.
 1 APPPATH\Views\templates\navbar.php(17): ucfirst(null)
 2 SYSTEMPATH\View\View.php(226): include('C:\\xampp\\htdocs\\pmi-stok-darah\\app\\Views\\templates\\navbar.php')
 3 SYSTEMPATH\View\View.php(229): CodeIgniter\View\View->CodeIgniter\View\{closure}()
 4 SYSTEMPATH\View\View.php(475): CodeIgniter\View\View->render('templates/navbar', null, true)
 5 APPPATH\Views\dashboard\index.php(2): CodeIgniter\View\View->include('templates/navbar')
 6 SYSTEMPATH\View\View.php(226): include('C:\\xampp\\htdocs\\pmi-stok-darah\\app\\Views\\dashboard\\index.php')
 7 SYSTEMPATH\View\View.php(229): CodeIgniter\View\View->CodeIgniter\View\{closure}()
 8 SYSTEMPATH\Common.php(1167): CodeIgniter\View\View->render('dashboard/index', [], true)
 9 APPPATH\Controllers\Dashboard.php(76): view('dashboard/index', [...])
10 SYSTEMPATH\CodeIgniter.php(933): App\Controllers\Dashboard->index()
11 SYSTEMPATH\CodeIgniter.php(507): CodeIgniter\CodeIgniter->runController(Object(App\Controllers\Dashboard))
12 SYSTEMPATH\CodeIgniter.php(354): CodeIgniter\CodeIgniter->handleRequest(null, Object(Config\Cache), false)
13 SYSTEMPATH\Boot.php(363): CodeIgniter\CodeIgniter->run()
14 SYSTEMPATH\Boot.php(68): CodeIgniter\Boot::runCodeIgniter(Object(CodeIgniter\CodeIgniter))
15 FCPATH\index.php(59): CodeIgniter\Boot::bootWeb(Object(Config\Paths))
16 SYSTEMPATH\rewrite.php(44): require_once('C:\\xampp\\htdocs\\pmi-stok-darah\\public\\index.php')
DEBUG - 2025-11-29 11:01:07 --> Session: Class initialized using 'CodeIgniter\Session\Handlers\FileHandler' driver.
WARNING - 2025-11-29 11:01:07 --> [DEPRECATED] ucfirst(): Passing null to parameter #1 ($string) of type string is deprecated in APPPATH\Views\templates\navbar.php on line 17.
 1 APPPATH\Views\templates\navbar.php(17): ucfirst(null)
 2 SYSTEMPATH\View\View.php(226): include('C:\\xampp\\htdocs\\pmi-stok-darah\\app\\Views\\templates\\navbar.php')
 3 SYSTEMPATH\View\View.php(229): CodeIgniter\View\View->CodeIgniter\View\{closure}()
 4 SYSTEMPATH\View\View.php(475): CodeIgniter\View\View->render('templates/navbar', null, true)
 5 APPPATH\Views\users\index.php(2): CodeIgniter\View\View->include('templates/navbar')
 6 SYSTEMPATH\View\View.php(226): include('C:\\xampp\\htdocs\\pmi-stok-darah\\app\\Views\\users\\index.php')
 7 SYSTEMPATH\View\View.php(229): CodeIgniter\View\View->CodeIgniter\View\{closure}()
 8 SYSTEMPATH\Common.php(1167): CodeIgniter\View\View->render('users/index', [], true)
 9 APPPATH\Controllers\Users.php(31): view('users/index', [...])
10 SYSTEMPATH\CodeIgniter.php(933): App\Controllers\Users->index()
11 SYSTEMPATH\CodeIgniter.php(507): CodeIgniter\CodeIgniter->runController(Object(App\Controllers\Users))
12 SYSTEMPATH\CodeIgniter.php(354): CodeIgniter\CodeIgniter->handleRequest(null, Object(Config\Cache), false)
13 SYSTEMPATH\Boot.php(363): CodeIgniter\CodeIgniter->run()
14 SYSTEMPATH\Boot.php(68): CodeIgniter\Boot::runCodeIgniter(Object(CodeIgniter\CodeIgniter))
15 FCPATH\index.php(59): CodeIgniter\Boot::bootWeb(Object(Config\Paths))
16 SYSTEMPATH\rewrite.php(44): require_once('C:\\xampp\\htdocs\\pmi-stok-darah\\public\\index.php')
DEBUG - 2025-11-29 11:01:09 --> Session: Class initialized using 'CodeIgniter\Session\Handlers\FileHandler' driver.
WARNING - 2025-11-29 11:01:10 --> [DEPRECATED] ucfirst(): Passing null to parameter #1 ($string) of type string is deprecated in APPPATH\Views\templates\navbar.php on line 17.
 1 APPPATH\Views\templates\navbar.php(17): ucfirst(null)
 2 SYSTEMPATH\View\View.php(226): include('C:\\xampp\\htdocs\\pmi-stok-darah\\app\\Views\\templates\\navbar.php')
 3 SYSTEMPATH\View\View.php(229): CodeIgniter\View\View->CodeIgniter\View\{closure}()
 4 SYSTEMPATH\View\View.php(475): CodeIgniter\View\View->render('templates/navbar', null, true)
 5 APPPATH\Views\distribusi\index.php(2): CodeIgniter\View\View->include('templates/navbar')
 6 SYSTEMPATH\View\View.php(226): include('C:\\xampp\\htdocs\\pmi-stok-darah\\app\\Views\\distribusi\\index.php')
 7 SYSTEMPATH\View\View.php(229): CodeIgniter\View\View->CodeIgniter\View\{closure}()
 8 SYSTEMPATH\Common.php(1167): CodeIgniter\View\View->render('distribusi/index', [], true)
 9 APPPATH\Controllers\Distribusi.php(37): view('distribusi/index', [...])
10 SYSTEMPATH\CodeIgniter.php(933): App\Controllers\Distribusi->index()
11 SYSTEMPATH\CodeIgniter.php(507): CodeIgniter\CodeIgniter->runController(Object(App\Controllers\Distribusi))
12 SYSTEMPATH\CodeIgniter.php(354): CodeIgniter\CodeIgniter->handleRequest(null, Object(Config\Cache), false)
13 SYSTEMPATH\Boot.php(363): CodeIgniter\CodeIgniter->run()
14 SYSTEMPATH\Boot.php(68): CodeIgniter\Boot::runCodeIgniter(Object(CodeIgniter\CodeIgniter))
15 FCPATH\index.php(59): CodeIgniter\Boot::bootWeb(Object(Config\Paths))
16 SYSTEMPATH\rewrite.php(44): require_once('C:\\xampp\\htdocs\\pmi-stok-darah\\public\\index.php')
DEBUG - 2025-11-29 11:01:11 --> Session: Class initialized using 'CodeIgniter\Session\Handlers\FileHandler' driver.
WARNING - 2025-11-29 11:01:11 --> [DEPRECATED] ucfirst(): Passing null to parameter #1 ($string) of type string is deprecated in APPPATH\Views\templates\navbar.php on line 17.
 1 APPPATH\Views\templates\navbar.php(17): ucfirst(null)
 2 SYSTEMPATH\View\View.php(226): include('C:\\xampp\\htdocs\\pmi-stok-darah\\app\\Views\\templates\\navbar.php')
 3 SYSTEMPATH\View\View.php(229): CodeIgniter\View\View->CodeIgniter\View\{closure}()
 4 SYSTEMPATH\View\View.php(475): CodeIgniter\View\View->render('templates/navbar', null, true)
 5 APPPATH\Views\stok\index.php(2): CodeIgniter\View\View->include('templates/navbar')
 6 SYSTEMPATH\View\View.php(226): include('C:\\xampp\\htdocs\\pmi-stok-darah\\app\\Views\\stok\\index.php')
 7 SYSTEMPATH\View\View.php(229): CodeIgniter\View\View->CodeIgniter\View\{closure}()
 8 SYSTEMPATH\Common.php(1167): CodeIgniter\View\View->render('stok/index', [], true)
 9 APPPATH\Controllers\Stok.php(37): view('stok/index', [...])
10 SYSTEMPATH\CodeIgniter.php(933): App\Controllers\Stok->index()
11 SYSTEMPATH\CodeIgniter.php(507): CodeIgniter\CodeIgniter->runController(Object(App\Controllers\Stok))
12 SYSTEMPATH\CodeIgniter.php(354): CodeIgniter\CodeIgniter->handleRequest(null, Object(Config\Cache), false)
13 SYSTEMPATH\Boot.php(363): CodeIgniter\CodeIgniter->run()
14 SYSTEMPATH\Boot.php(68): CodeIgniter\Boot::runCodeIgniter(Object(CodeIgniter\CodeIgniter))
15 FCPATH\index.php(59): CodeIgniter\Boot::bootWeb(Object(Config\Paths))
16 SYSTEMPATH\rewrite.php(44): require_once('C:\\xampp\\htdocs\\pmi-stok-darah\\public\\index.php')
DEBUG - 2025-11-29 11:01:13 --> Session: Class initialized using 'CodeIgniter\Session\Handlers\FileHandler' driver.
WARNING - 2025-11-29 11:01:13 --> [DEPRECATED] ucfirst(): Passing null to parameter #1 ($string) of type string is deprecated in APPPATH\Views\templates\navbar.php on line 17.
 1 APPPATH\Views\templates\navbar.php(17): ucfirst(null)
 2 SYSTEMPATH\View\View.php(226): include('C:\\xampp\\htdocs\\pmi-stok-darah\\app\\Views\\templates\\navbar.php')
 3 SYSTEMPATH\View\View.php(229): CodeIgniter\View\View->CodeIgniter\View\{closure}()
 4 SYSTEMPATH\View\View.php(475): CodeIgniter\View\View->render('templates/navbar', null, true)
 5 APPPATH\Views\produsen\index.php(2): CodeIgniter\View\View->include('templates/navbar')
 6 SYSTEMPATH\View\View.php(226): include('C:\\xampp\\htdocs\\pmi-stok-darah\\app\\Views\\produsen\\index.php')
 7 SYSTEMPATH\View\View.php(229): CodeIgniter\View\View->CodeIgniter\View\{closure}()
 8 SYSTEMPATH\Common.php(1167): CodeIgniter\View\View->render('produsen/index', [], true)
 9 APPPATH\Controllers\Produsen.php(31): view('produsen/index', [...])
10 SYSTEMPATH\CodeIgniter.php(933): App\Controllers\Produsen->index()
11 SYSTEMPATH\CodeIgniter.php(507): CodeIgniter\CodeIgniter->runController(Object(App\Controllers\Produsen))
12 SYSTEMPATH\CodeIgniter.php(354): CodeIgniter\CodeIgniter->handleRequest(null, Object(Config\Cache), false)
13 SYSTEMPATH\Boot.php(363): CodeIgniter\CodeIgniter->run()
14 SYSTEMPATH\Boot.php(68): CodeIgniter\Boot::runCodeIgniter(Object(CodeIgniter\CodeIgniter))
15 FCPATH\index.php(59): CodeIgniter\Boot::bootWeb(Object(Config\Paths))
16 SYSTEMPATH\rewrite.php(44): require_once('C:\\xampp\\htdocs\\pmi-stok-darah\\public\\index.php')
DEBUG - 2025-11-29 11:01:16 --> Session: Class initialized using 'CodeIgniter\Session\Handlers\FileHandler' driver.
WARNING - 2025-11-29 11:01:16 --> [DEPRECATED] ucfirst(): Passing null to parameter #1 ($string) of type string is deprecated in APPPATH\Views\templates\navbar.php on line 17.
 1 APPPATH\Views\templates\navbar.php(17): ucfirst(null)
 2 SYSTEMPATH\View\View.php(226): include('C:\\xampp\\htdocs\\pmi-stok-darah\\app\\Views\\templates\\navbar.php')
 3 SYSTEMPATH\View\View.php(229): CodeIgniter\View\View->CodeIgniter\View\{closure}()
 4 SYSTEMPATH\View\View.php(475): CodeIgniter\View\View->render('templates/navbar', null, true)
 5 APPPATH\Views\rumahsakit\index.php(2): CodeIgniter\View\View->include('templates/navbar')
 6 SYSTEMPATH\View\View.php(226): include('C:\\xampp\\htdocs\\pmi-stok-darah\\app\\Views\\rumahsakit\\index.php')
 7 SYSTEMPATH\View\View.php(229): CodeIgniter\View\View->CodeIgniter\View\{closure}()
 8 SYSTEMPATH\Common.php(1167): CodeIgniter\View\View->render('rumahsakit/index', [], true)
 9 APPPATH\Controllers\RumahSakit.php(31): view('rumahsakit/index', [...])
10 SYSTEMPATH\CodeIgniter.php(933): App\Controllers\RumahSakit->index()
11 SYSTEMPATH\CodeIgniter.php(507): CodeIgniter\CodeIgniter->runController(Object(App\Controllers\RumahSakit))
12 SYSTEMPATH\CodeIgniter.php(354): CodeIgniter\CodeIgniter->handleRequest(null, Object(Config\Cache), false)
13 SYSTEMPATH\Boot.php(363): CodeIgniter\CodeIgniter->run()
14 SYSTEMPATH\Boot.php(68): CodeIgniter\Boot::runCodeIgniter(Object(CodeIgniter\CodeIgniter))
15 FCPATH\index.php(59): CodeIgniter\Boot::bootWeb(Object(Config\Paths))
16 SYSTEMPATH\rewrite.php(44): require_once('C:\\xampp\\htdocs\\pmi-stok-darah\\public\\index.php')
DEBUG - 2025-11-29 11:01:22 --> Session: Class initialized using 'CodeIgniter\Session\Handlers\FileHandler' driver.
WARNING - 2025-11-29 11:01:22 --> [DEPRECATED] ucfirst(): Passing null to parameter #1 ($string) of type string is deprecated in APPPATH\Views\templates\navbar.php on line 17.
 1 APPPATH\Views\templates\navbar.php(17): ucfirst(null)
 2 SYSTEMPATH\View\View.php(226): include('C:\\xampp\\htdocs\\pmi-stok-darah\\app\\Views\\templates\\navbar.php')
 3 SYSTEMPATH\View\View.php(229): CodeIgniter\View\View->CodeIgniter\View\{closure}()
 4 SYSTEMPATH\View\View.php(475): CodeIgniter\View\View->render('templates/navbar', null, true)
 5 APPPATH\Views\dashboard\index.php(2): CodeIgniter\View\View->include('templates/navbar')
 6 SYSTEMPATH\View\View.php(226): include('C:\\xampp\\htdocs\\pmi-stok-darah\\app\\Views\\dashboard\\index.php')
 7 SYSTEMPATH\View\View.php(229): CodeIgniter\View\View->CodeIgniter\View\{closure}()
 8 SYSTEMPATH\Common.php(1167): CodeIgniter\View\View->render('dashboard/index', [], true)
 9 APPPATH\Controllers\Dashboard.php(76): view('dashboard/index', [...])
10 SYSTEMPATH\CodeIgniter.php(933): App\Controllers\Dashboard->index()
11 SYSTEMPATH\CodeIgniter.php(507): CodeIgniter\CodeIgniter->runController(Object(App\Controllers\Dashboard))
12 SYSTEMPATH\CodeIgniter.php(354): CodeIgniter\CodeIgniter->handleRequest(null, Object(Config\Cache), false)
13 SYSTEMPATH\Boot.php(363): CodeIgniter\CodeIgniter->run()
14 SYSTEMPATH\Boot.php(68): CodeIgniter\Boot::runCodeIgniter(Object(CodeIgniter\CodeIgniter))
15 FCPATH\index.php(59): CodeIgniter\Boot::bootWeb(Object(Config\Paths))
16 SYSTEMPATH\rewrite.php(44): require_once('C:\\xampp\\htdocs\\pmi-stok-darah\\public\\index.php')
DEBUG - 2025-11-29 11:01:26 --> Session: Class initialized using 'CodeIgniter\Session\Handlers\FileHandler' driver.
DEBUG - 2025-11-29 11:01:26 --> Session: Class initialized using 'CodeIgniter\Session\Handlers\FileHandler' driver.
INFO - 2025-11-29 11:02:02 --> CSRF token verified.
DEBUG - 2025-11-29 11:02:02 --> Session: Class initialized using 'CodeIgniter\Session\Handlers\FileHandler' driver.
DEBUG - 2025-11-29 11:02:03 --> Session: Class initialized using 'CodeIgniter\Session\Handlers\FileHandler' driver.
WARNING - 2025-11-29 11:02:03 --> [DEPRECATED] ucfirst(): Passing null to parameter #1 ($string) of type string is deprecated in APPPATH\Views\templates\navbar.php on line 17.
 1 APPPATH\Views\templates\navbar.php(17): ucfirst(null)
 2 SYSTEMPATH\View\View.php(226): include('C:\\xampp\\htdocs\\pmi-stok-darah\\app\\Views\\templates\\navbar.php')
 3 SYSTEMPATH\View\View.php(229): CodeIgniter\View\View->CodeIgniter\View\{closure}()
 4 SYSTEMPATH\View\View.php(475): CodeIgniter\View\View->render('templates/navbar', null, true)
 5 APPPATH\Views\dashboard\index.php(2): CodeIgniter\View\View->include('templates/navbar')
 6 SYSTEMPATH\View\View.php(226): include('C:\\xampp\\htdocs\\pmi-stok-darah\\app\\Views\\dashboard\\index.php')
 7 SYSTEMPATH\View\View.php(229): CodeIgniter\View\View->CodeIgniter\View\{closure}()
 8 SYSTEMPATH\Common.php(1167): CodeIgniter\View\View->render('dashboard/index', [], true)
 9 APPPATH\Controllers\Dashboard.php(76): view('dashboard/index', [...])
10 SYSTEMPATH\CodeIgniter.php(933): App\Controllers\Dashboard->index()
11 SYSTEMPATH\CodeIgniter.php(507): CodeIgniter\CodeIgniter->runController(Object(App\Controllers\Dashboard))
12 SYSTEMPATH\CodeIgniter.php(354): CodeIgniter\CodeIgniter->handleRequest(null, Object(Config\Cache), false)
13 SYSTEMPATH\Boot.php(363): CodeIgniter\CodeIgniter->run()
14 SYSTEMPATH\Boot.php(68): CodeIgniter\Boot::runCodeIgniter(Object(CodeIgniter\CodeIgniter))
15 FCPATH\index.php(59): CodeIgniter\Boot::bootWeb(Object(Config\Paths))
16 SYSTEMPATH\rewrite.php(44): require_once('C:\\xampp\\htdocs\\pmi-stok-darah\\public\\index.php')
DEBUG - 2025-11-29 11:02:10 --> Session: Class initialized using 'CodeIgniter\Session\Handlers\FileHandler' driver.
WARNING - 2025-11-29 11:02:10 --> [DEPRECATED] ucfirst(): Passing null to parameter #1 ($string) of type string is deprecated in APPPATH\Views\templates\navbar.php on line 17.
 1 APPPATH\Views\templates\navbar.php(17): ucfirst(null)
 2 SYSTEMPATH\View\View.php(226): include('C:\\xampp\\htdocs\\pmi-stok-darah\\app\\Views\\templates\\navbar.php')
 3 SYSTEMPATH\View\View.php(229): CodeIgniter\View\View->CodeIgniter\View\{closure}()
 4 SYSTEMPATH\View\View.php(475): CodeIgniter\View\View->render('templates/navbar', null, true)
 5 APPPATH\Views\pemusnahan\index.php(2): CodeIgniter\View\View->include('templates/navbar')
 6 SYSTEMPATH\View\View.php(226): include('C:\\xampp\\htdocs\\pmi-stok-darah\\app\\Views\\pemusnahan\\index.php')
 7 SYSTEMPATH\View\View.php(229): CodeIgniter\View\View->CodeIgniter\View\{closure}()
 8 SYSTEMPATH\Common.php(1167): CodeIgniter\View\View->render('pemusnahan/index', [], true)
 9 APPPATH\Controllers\Pemusnahan.php(34): view('pemusnahan/index', [...])
10 SYSTEMPATH\CodeIgniter.php(933): App\Controllers\Pemusnahan->index()
11 SYSTEMPATH\CodeIgniter.php(507): CodeIgniter\CodeIgniter->runController(Object(App\Controllers\Pemusnahan))
12 SYSTEMPATH\CodeIgniter.php(354): CodeIgniter\CodeIgniter->handleRequest(null, Object(Config\Cache), false)
13 SYSTEMPATH\Boot.php(363): CodeIgniter\CodeIgniter->run()
14 SYSTEMPATH\Boot.php(68): CodeIgniter\Boot::runCodeIgniter(Object(CodeIgniter\CodeIgniter))
15 FCPATH\index.php(59): CodeIgniter\Boot::bootWeb(Object(Config\Paths))
16 SYSTEMPATH\rewrite.php(44): require_once('C:\\xampp\\htdocs\\pmi-stok-darah\\public\\index.php')
DEBUG - 2025-11-29 11:02:13 --> Session: Class initialized using 'CodeIgniter\Session\Handlers\FileHandler' driver.
WARNING - 2025-11-29 11:02:13 --> [DEPRECATED] ucfirst(): Passing null to parameter #1 ($string) of type string is deprecated in APPPATH\Views\templates\navbar.php on line 17.
 1 APPPATH\Views\templates\navbar.php(17): ucfirst(null)
 2 SYSTEMPATH\View\View.php(226): include('C:\\xampp\\htdocs\\pmi-stok-darah\\app\\Views\\templates\\navbar.php')
 3 SYSTEMPATH\View\View.php(229): CodeIgniter\View\View->CodeIgniter\View\{closure}()
 4 SYSTEMPATH\View\View.php(475): CodeIgniter\View\View->render('templates/navbar', null, true)
 5 APPPATH\Views\dashboard\index.php(2): CodeIgniter\View\View->include('templates/navbar')
 6 SYSTEMPATH\View\View.php(226): include('C:\\xampp\\htdocs\\pmi-stok-darah\\app\\Views\\dashboard\\index.php')
 7 SYSTEMPATH\View\View.php(229): CodeIgniter\View\View->CodeIgniter\View\{closure}()
 8 SYSTEMPATH\Common.php(1167): CodeIgniter\View\View->render('dashboard/index', [], true)
 9 APPPATH\Controllers\Dashboard.php(76): view('dashboard/index', [...])
10 SYSTEMPATH\CodeIgniter.php(933): App\Controllers\Dashboard->index()
11 SYSTEMPATH\CodeIgniter.php(507): CodeIgniter\CodeIgniter->runController(Object(App\Controllers\Dashboard))
12 SYSTEMPATH\CodeIgniter.php(354): CodeIgniter\CodeIgniter->handleRequest(null, Object(Config\Cache), false)
13 SYSTEMPATH\Boot.php(363): CodeIgniter\CodeIgniter->run()
14 SYSTEMPATH\Boot.php(68): CodeIgniter\Boot::runCodeIgniter(Object(CodeIgniter\CodeIgniter))
15 FCPATH\index.php(59): CodeIgniter\Boot::bootWeb(Object(Config\Paths))
16 SYSTEMPATH\rewrite.php(44): require_once('C:\\xampp\\htdocs\\pmi-stok-darah\\public\\index.php')
DEBUG - 2025-11-29 11:02:15 --> Session: Class initialized using 'CodeIgniter\Session\Handlers\FileHandler' driver.
WARNING - 2025-11-29 11:02:15 --> [DEPRECATED] ucfirst(): Passing null to parameter #1 ($string) of type string is deprecated in APPPATH\Views\templates\navbar.php on line 17.
 1 APPPATH\Views\templates\navbar.php(17): ucfirst(null)
 2 SYSTEMPATH\View\View.php(226): include('C:\\xampp\\htdocs\\pmi-stok-darah\\app\\Views\\templates\\navbar.php')
 3 SYSTEMPATH\View\View.php(229): CodeIgniter\View\View->CodeIgniter\View\{closure}()
 4 SYSTEMPATH\View\View.php(475): CodeIgniter\View\View->render('templates/navbar', null, true)
 5 APPPATH\Views\users\index.php(2): CodeIgniter\View\View->include('templates/navbar')
 6 SYSTEMPATH\View\View.php(226): include('C:\\xampp\\htdocs\\pmi-stok-darah\\app\\Views\\users\\index.php')
 7 SYSTEMPATH\View\View.php(229): CodeIgniter\View\View->CodeIgniter\View\{closure}()
 8 SYSTEMPATH\Common.php(1167): CodeIgniter\View\View->render('users/index', [], true)
 9 APPPATH\Controllers\Users.php(31): view('users/index', [...])
10 SYSTEMPATH\CodeIgniter.php(933): App\Controllers\Users->index()
11 SYSTEMPATH\CodeIgniter.php(507): CodeIgniter\CodeIgniter->runController(Object(App\Controllers\Users))
12 SYSTEMPATH\CodeIgniter.php(354): CodeIgniter\CodeIgniter->handleRequest(null, Object(Config\Cache), false)
13 SYSTEMPATH\Boot.php(363): CodeIgniter\CodeIgniter->run()
14 SYSTEMPATH\Boot.php(68): CodeIgniter\Boot::runCodeIgniter(Object(CodeIgniter\CodeIgniter))
15 FCPATH\index.php(59): CodeIgniter\Boot::bootWeb(Object(Config\Paths))
16 SYSTEMPATH\rewrite.php(44): require_once('C:\\xampp\\htdocs\\pmi-stok-darah\\public\\index.php')
DEBUG - 2025-11-29 11:02:17 --> Session: Class initialized using 'CodeIgniter\Session\Handlers\FileHandler' driver.
WARNING - 2025-11-29 11:02:17 --> [DEPRECATED] ucfirst(): Passing null to parameter #1 ($string) of type string is deprecated in APPPATH\Views\templates\navbar.php on line 17.
 1 APPPATH\Views\templates\navbar.php(17): ucfirst(null)
 2 SYSTEMPATH\View\View.php(226): include('C:\\xampp\\htdocs\\pmi-stok-darah\\app\\Views\\templates\\navbar.php')
 3 SYSTEMPATH\View\View.php(229): CodeIgniter\View\View->CodeIgniter\View\{closure}()
 4 SYSTEMPATH\View\View.php(475): CodeIgniter\View\View->render('templates/navbar', null, true)
 5 APPPATH\Views\dashboard\index.php(2): CodeIgniter\View\View->include('templates/navbar')
 6 SYSTEMPATH\View\View.php(226): include('C:\\xampp\\htdocs\\pmi-stok-darah\\app\\Views\\dashboard\\index.php')
 7 SYSTEMPATH\View\View.php(229): CodeIgniter\View\View->CodeIgniter\View\{closure}()
 8 SYSTEMPATH\Common.php(1167): CodeIgniter\View\View->render('dashboard/index', [], true)
 9 APPPATH\Controllers\Dashboard.php(76): view('dashboard/index', [...])
10 SYSTEMPATH\CodeIgniter.php(933): App\Controllers\Dashboard->index()
11 SYSTEMPATH\CodeIgniter.php(507): CodeIgniter\CodeIgniter->runController(Object(App\Controllers\Dashboard))
12 SYSTEMPATH\CodeIgniter.php(354): CodeIgniter\CodeIgniter->handleRequest(null, Object(Config\Cache), false)
13 SYSTEMPATH\Boot.php(363): CodeIgniter\CodeIgniter->run()
14 SYSTEMPATH\Boot.php(68): CodeIgniter\Boot::runCodeIgniter(Object(CodeIgniter\CodeIgniter))
15 FCPATH\index.php(59): CodeIgniter\Boot::bootWeb(Object(Config\Paths))
16 SYSTEMPATH\rewrite.php(44): require_once('C:\\xampp\\htdocs\\pmi-stok-darah\\public\\index.php')
DEBUG - 2025-11-29 11:02:21 --> Session: Class initialized using 'CodeIgniter\Session\Handlers\FileHandler' driver.
WARNING - 2025-11-29 11:02:21 --> [DEPRECATED] ucfirst(): Passing null to parameter #1 ($string) of type string is deprecated in APPPATH\Views\templates\navbar.php on line 17.
 1 APPPATH\Views\templates\navbar.php(17): ucfirst(null)
 2 SYSTEMPATH\View\View.php(226): include('C:\\xampp\\htdocs\\pmi-stok-darah\\app\\Views\\templates\\navbar.php')
 3 SYSTEMPATH\View\View.php(229): CodeIgniter\View\View->CodeIgniter\View\{closure}()
 4 SYSTEMPATH\View\View.php(475): CodeIgniter\View\View->render('templates/navbar', null, true)
 5 APPPATH\Views\pemusnahan\create.php(2): CodeIgniter\View\View->include('templates/navbar')
 6 SYSTEMPATH\View\View.php(226): include('C:\\xampp\\htdocs\\pmi-stok-darah\\app\\Views\\pemusnahan\\create.php')
 7 SYSTEMPATH\View\View.php(229): CodeIgniter\View\View->CodeIgniter\View\{closure}()
 8 SYSTEMPATH\Common.php(1167): CodeIgniter\View\View->render('pemusnahan/create', [], true)
 9 APPPATH\Controllers\Pemusnahan.php(54): view('pemusnahan/create', [...])
10 SYSTEMPATH\CodeIgniter.php(933): App\Controllers\Pemusnahan->create()
11 SYSTEMPATH\CodeIgniter.php(507): CodeIgniter\CodeIgniter->runController(Object(App\Controllers\Pemusnahan))
12 SYSTEMPATH\CodeIgniter.php(354): CodeIgniter\CodeIgniter->handleRequest(null, Object(Config\Cache), false)
13 SYSTEMPATH\Boot.php(363): CodeIgniter\CodeIgniter->run()
14 SYSTEMPATH\Boot.php(68): CodeIgniter\Boot::runCodeIgniter(Object(CodeIgniter\CodeIgniter))
15 FCPATH\index.php(59): CodeIgniter\Boot::bootWeb(Object(Config\Paths))
16 SYSTEMPATH\rewrite.php(44): require_once('C:\\xampp\\htdocs\\pmi-stok-darah\\public\\index.php')
